source,retrieved_at,ranking_scope,ranking_year,ranking,country_ranking,name,ror_id,country,country_code,country_tld,region,domain,source_page,edition,edition_coverage,doi,source_url
webometrics,2026-09-28T01:22:12+00:00,overall,2026,1,1,Harvard University,https://ror.org/03vek6s52,United States,US,us,NA,harvard.edu,5,July,top-per-country,10.6084/m9.figshare.33062150.v3,https://doi.org/10.6084/m9.figshare.33062150.v3
webometrics,2026-09-28T01:22:12+00:00,overall,2026,2,2,Stanford University,https://ror.org/00f54p054,United States,US,us,NA,stanford.edu,5,July,top-per-country,10.6084/m9.figshare.33062150.v3,https://doi.org/10.6084/m9.figshare.33062150.v3
webometrics,2026-09-28T01:22:12+00:00,overall,2026,3,3,Massachusetts Institute of Technology,https://ror.org/042nb2s44,United States,US,us,NA,mit.edu,5,July,top-per-country,10.6084/m9.figshare.33062150.v3,https://doi.org/10.6084/m9.figshare.33062150.v3
webometrics,2026-09-28T01:22:12+00:00,overall,2026,4,1,University of Oxford,https://ror.org/052gg0110,United Kingdom,GB,uk,EU,ox.ac.uk,5,July,top-per-country,10.6084/m9.figshare.33062150.v3,https://doi.org/10.6084/m9.figshare.33062150.v3
webometrics,2026-09-28T01:22:12+00:00,overall,2026,5,4,University of Washington,https://ror.org/00cvxb145,United States,US,us,NA,washington.edu,5,July,top-per-country,10.6084/m9.figshare.33062150.v3,https://doi.org/10.6084/m9.figshare.33062150.v3
webometrics,2026-09-28T01:22:12+00:00,overall,2026,6,5,Cornell University,https://ror.org/05bnh6r87,United States,US,us,NA,cornell.edu,5,July,top-per-country,10.6084/m9.figshare.33062150.v3,https://doi.org/10.6084/m9.figshare.33062150.v3
webometrics,2026-09-28T01:22:12+00:00,overall,2026,7,6,University of Michigan,https://ror.org/00jmfr291,United States,US,us,NA,umich.edu,5,July,top-per-country,10.6084/m9.figshare.33062150.v3,https://doi.org/10.6084/m9.figshare.33062150.v3
webometrics,2026-09-28T01:22:12+00:00,overall,2026,8,7,University of California Berkeley,https://ror.org/01an7q238,United States,US,us,NA,berkeley.edu,5,July,top-per-country,10.6084/m9.figshare.33062150.v3,https://doi.org/10.6084/m9.figshare.33062150.v3
webometrics,2026-09-28T01:22:12+00:00,overall,2026,9,8,Johns Hopkins University,https://ror.org/00za53h95,United States,US,us,NA,jhu.edu,5,July,top-per-country,10.6084/m9.figshare.33062150.v3,https://doi.org/10.6084/m9.figshare.33062150.v3
webometrics,2026-09-28T01:22:12+00:00,overall,2026,10,2,University of Cambridge,https://ror.org/013meh722,United Kingdom,GB,uk,EU,cam.ac.uk,5,July,top-per-country,10.6084/m9.figshare.33062150.v3,https://doi.org/10.6084/m9.figshare.33062150.v3
webometrics,2026-09-28T01:22:12+00:00,overall,2026,11,9,University of Pennsylvania,https://ror.org/00b30xv10,United States,US,us,NA,upenn.edu,5,July,top-per-country,10.6084/m9.figshare.33062150.v3,https://doi.org/10.6084/m9.figshare.33062150.v3
webometrics,2026-09-28T01:22:12+00:00,overall,2026,12,10,Columbia University New York,https://ror.org/00hj8s172,United States,US,us,NA,columbia.edu,5,July,top-per-country,10.6084/m9.figshare.33062150.v3,https://doi.org/10.6084/m9.figshare.33062150.v3
webometrics,2026-09-28T01:22:12+00:00,overall,2026,13,3,UCL University College London,https://ror.org/02jx3x895,United Kingdom,GB,uk,EU,ucl.ac.uk,5,July,top-per-country,10.6084/m9.figshare.33062150.v3,https://doi.org/10.6084/m9.figshare.33062150.v3
webometrics,2026-09-28T01:22:12+00:00,overall,2026,14,11,Yale University,https://ror.org/03v76x132,United States,US,us,NA,yale.edu,5,July,top-per-country,10.6084/m9.figshare.33062150.v3,https://doi.org/10.6084/m9.figshare.33062150.v3
webometrics,2026-09-28T01:22:12+00:00,overall,2026,15,1,Tsinghua University / 清 华大 学,https://ror.org/03cve4549,China,CN,cn,AS,tsinghua.edu.cn,5,July,top-per-country,10.6084/m9.figshare.33062150.v3,https://doi.org/10.6084/m9.figshare.33062150.v3
webometrics,2026-09-28T01:22:12+00:00,overall,2026,16,12,University of California Los Angeles UCLA,https://ror.org/046rm7j60,United States,US,us,NA,ucla.edu,5,July,top-per-country,10.6084/m9.figshare.33062150.v3,https://doi.org/10.6084/m9.figshare.33062150.v3
webometrics,2026-09-28T01:22:12+00:00,overall,2026,17,1,University of Toronto,https://ror.org/03dbr7087,Canada,CA,ca,NA,utoronto.ca,5,July,top-per-country,10.6084/m9.figshare.33062150.v3,https://doi.org/10.6084/m9.figshare.33062150.v3
webometrics,2026-09-28T01:22:12+00:00,overall,2026,18,2,Peking University / 北京大学,https://ror.org/02v51f717,China,CN,cn,AS,pku.edu.cn,5,July,top-per-country,10.6084/m9.figshare.33062150.v3,https://doi.org/10.6084/m9.figshare.33062150.v3
webometrics,2026-09-28T01:22:12+00:00,overall,2026,19,13,University of California San Diego,https://ror.org/0168r3w48,United States,US,us,NA,ucsd.edu,5,July,top-per-country,10.6084/m9.figshare.33062150.v3,https://doi.org/10.6084/m9.figshare.33062150.v3
webometrics,2026-09-28T01:22:12+00:00,overall,2026,20,14,Pennsylvania State University,https://ror.org/04p491231,United States,US,us,NA,psu.edu,5,July,top-per-country,10.6084/m9.figshare.33062150.v3,https://doi.org/10.6084/m9.figshare.33062150.v3
webometrics,2026-09-28T01:22:12+00:00,overall,2026,21,15,New York University,https://ror.org/0190ak572,United States,US,us,NA,nyu.edu,5,July,top-per-country,10.6084/m9.figshare.33062150.v3,https://doi.org/10.6084/m9.figshare.33062150.v3
webometrics,2026-09-28T01:22:12+00:00,overall,2026,23,3,Shanghai Jiao Tong University / 上海交通大学,https://ror.org/0220qvk04,China,CN,cn,AS,sjtu.edu.cn,5,July,top-per-country,10.6084/m9.figshare.33062150.v3,https://doi.org/10.6084/m9.figshare.33062150.v3
webometrics,2026-09-28T01:22:12+00:00,overall,2026,24,2,University of British Columbia,https://ror.org/03rmrcq20,Canada,CA,ca,NA,ubc.ca,5,July,top-per-country,10.6084/m9.figshare.33062150.v3,https://doi.org/10.6084/m9.figshare.33062150.v3
webometrics,2026-09-28T01:22:12+00:00,overall,2026,27,1,Eidgenössische Technische Hochschule ETH Zürich / Swiss Federal Institute of Technology Zurich,https://ror.org/05a28rw58,Switzerland,CH,ch,EU,ethz.ch,5,July,top-per-country,10.6084/m9.figshare.33062150.v3,https://doi.org/10.6084/m9.figshare.33062150.v3
webometrics,2026-09-28T01:22:12+00:00,overall,2026,28,4,Zhejiang University (National Che Kiang University) / 浙江大学,https://ror.org/00a2xv884,China,CN,cn,AS,zju.edu.cn,5,July,top-per-country,10.6084/m9.figshare.33062150.v3,https://doi.org/10.6084/m9.figshare.33062150.v3
webometrics,2026-09-28T01:22:12+00:00,overall,2026,33,4,Imperial College London,https://ror.org/041kmwe10,United Kingdom,GB,uk,EU,imperial.ac.uk,5,July,top-per-country,10.6084/m9.figshare.33062150.v3,https://doi.org/10.6084/m9.figshare.33062150.v3
webometrics,2026-09-28T01:22:12+00:00,overall,2026,34,1,National University of Singapore,https://ror.org/01tgyzw49,Singapore,SG,sg,AS,nus.edu.sg,5,July,top-per-country,10.6084/m9.figshare.33062150.v3,https://doi.org/10.6084/m9.figshare.33062150.v3
webometrics,2026-09-28T01:22:12+00:00,overall,2026,38,1,University of Melbourne,https://ror.org/01ej9dk98,Australia,AU,au,AU,unimelb.edu.au,5,July,top-per-country,10.6084/m9.figshare.33062150.v3,https://doi.org/10.6084/m9.figshare.33062150.v3
webometrics,2026-09-28T01:22:12+00:00,overall,2026,39,5,University of Edinburgh,https://ror.org/01nrxwf90,United Kingdom,GB,uk,EU,ed.ac.uk,5,July,top-per-country,10.6084/m9.figshare.33062150.v3,https://doi.org/10.6084/m9.figshare.33062150.v3
webometrics,2026-09-28T01:22:12+00:00,overall,2026,40,2,University of New South Wales,https://ror.org/03r8z3t63,Australia,AU,au,AU,unsw.edu.au,6,July,top-per-country,10.6084/m9.figshare.33062150.v3,https://doi.org/10.6084/m9.figshare.33062150.v3
webometrics,2026-09-28T01:22:12+00:00,overall,2026,43,3,McGill University,https://ror.org/01pxwe438,Canada,CA,ca,NA,mcgill.ca,6,July,top-per-country,10.6084/m9.figshare.33062150.v3,https://doi.org/10.6084/m9.figshare.33062150.v3
webometrics,2026-09-28T01:22:12+00:00,overall,2026,47,1,University of Amsterdam / Universiteit van Amsterdam,https://ror.org/04dkp9463,Netherlands,NL,nl,EU,uva.nl,6,July,top-per-country,10.6084/m9.figshare.33062150.v3,https://doi.org/10.6084/m9.figshare.33062150.v3
webometrics,2026-09-28T01:22:12+00:00,overall,2026,48,3,University of Queensland,https://ror.org/00rqy9422,Australia,AU,au,AU,uq.edu.au,6,July,top-per-country,10.6084/m9.figshare.33062150.v3,https://doi.org/10.6084/m9.figshare.33062150.v3
webometrics,2026-09-28T01:22:12+00:00,overall,2026,50,4,Monash University,https://ror.org/02bfwt286,Australia,AU,au,AU,monash.edu,6,July,top-per-country,10.6084/m9.figshare.33062150.v3,https://doi.org/10.6084/m9.figshare.33062150.v3
webometrics,2026-09-28T01:22:12+00:00,overall,2026,52,5,University of Sydney,https://ror.org/0384j8v12,Australia,AU,au,AU,sydney.edu.au,6,July,top-per-country,10.6084/m9.figshare.33062150.v3,https://doi.org/10.6084/m9.figshare.33062150.v3
webometrics,2026-09-28T01:22:12+00:00,overall,2026,54,6,King's College London,https://ror.org/0220mzb33,United Kingdom,GB,uk,EU,kcl.ac.uk,6,July,top-per-country,10.6084/m9.figshare.33062150.v3,https://doi.org/10.6084/m9.figshare.33062150.v3
webometrics,2026-09-28T01:22:12+00:00,overall,2026,56,2,Utrecht University / Universiteit Utrecht,https://ror.org/04pp8hn57,Netherlands,NL,nl,EU,uu.nl,6,July,top-per-country,10.6084/m9.figshare.33062150.v3,https://doi.org/10.6084/m9.figshare.33062150.v3
webometrics,2026-09-28T01:22:12+00:00,overall,2026,60,5,University of Science & Technology of China / 中国科学技 术大 学,https://ror.org/04c4dkn09,China,CN,cn,AS,ustc.edu.cn,6,July,top-per-country,10.6084/m9.figshare.33062150.v3,https://doi.org/10.6084/m9.figshare.33062150.v3
webometrics,2026-09-28T01:22:12+00:00,overall,2026,62,1,University of Tokyo / 東京大学,https://ror.org/057zh3y96,Japan,JP,jp,AS,u-tokyo.ac.jp,6,July,top-per-country,10.6084/m9.figshare.33062150.v3,https://doi.org/10.6084/m9.figshare.33062150.v3
webometrics,2026-09-28T01:22:12+00:00,overall,2026,63,7,University of Manchester,https://ror.org/027m9bs27,United Kingdom,GB,uk,EU,manchester.ac.uk,6,July,top-per-country,10.6084/m9.figshare.33062150.v3,https://doi.org/10.6084/m9.figshare.33062150.v3
webometrics,2026-09-28T01:22:12+00:00,overall,2026,65,1,University of Hong Kong,https://ror.org/02zhqgq86,Hong Kong SAR China,HK,hk,AS,hku.hk,6,July,top-per-country,10.6084/m9.figshare.33062150.v3,https://doi.org/10.6084/m9.figshare.33062150.v3
webometrics,2026-09-28T01:22:12+00:00,overall,2026,68,2,Chinese University of Hong Kong,https://ror.org/00t33hh48,Hong Kong SAR China,HK,hk,AS,cuhk.edu.hk,6,July,top-per-country,10.6084/m9.figshare.33062150.v3,https://doi.org/10.6084/m9.figshare.33062150.v3
webometrics,2026-09-28T01:22:12+00:00,overall,2026,69,1,Technische Universität München,https://ror.org/02kkvpp62,Germany,DE,de,EU,tum.de,6,July,top-per-country,10.6084/m9.figshare.33062150.v3,https://doi.org/10.6084/m9.figshare.33062150.v3
webometrics,2026-09-28T01:22:12+00:00,overall,2026,70,1,Universidade de São Paulo USP,https://ror.org/036rp1748,Brazil,BR,br,IBC,usp.br,6,July,top-per-country,10.6084/m9.figshare.33062150.v3,https://doi.org/10.6084/m9.figshare.33062150.v3
webometrics,2026-09-28T01:22:12+00:00,overall,2026,70,4,University of Alberta,https://ror.org/0160cpw27,Canada,CA,ca,NA,ualberta.ca,6,July,top-per-country,10.6084/m9.figshare.33062150.v3,https://doi.org/10.6084/m9.figshare.33062150.v3
webometrics,2026-09-28T01:22:12+00:00,overall,2026,72,1,University of Copenhagen / Københavns Universitet,https://ror.org/035b05819,Denmark,DK,dk,EU,ku.dk,6,July,top-per-country,10.6084/m9.figshare.33062150.v3,https://doi.org/10.6084/m9.figshare.33062150.v3
webometrics,2026-09-28T01:22:12+00:00,overall,2026,73,6,Fudan University (Shanghai Medical University) / 复旦大学,https://ror.org/013q1eq08,China,CN,cn,AS,fudan.edu.cn,6,July,top-per-country,10.6084/m9.figshare.33062150.v3,https://doi.org/10.6084/m9.figshare.33062150.v3
webometrics,2026-09-28T01:22:12+00:00,overall,2026,76,1,Catholic University of Leuven / Katholieke Universiteit Leuven,https://ror.org/05f950310,Belgium,BE,be,EU,kuleuven.be,6,July,top-per-country,10.6084/m9.figshare.33062150.v3,https://doi.org/10.6084/m9.figshare.33062150.v3
webometrics,2026-09-28T01:22:12+00:00,overall,2026,80,1,Universitat de Barcelona,https://ror.org/021018s57,Spain,ES,es,EU,ub.edu,6,July,top-per-country,10.6084/m9.figshare.33062150.v3,https://doi.org/10.6084/m9.figshare.33062150.v3
webometrics,2026-09-28T01:22:12+00:00,overall,2026,81,3,VU University of Amsterdam / Vrije Universiteit Amsterdam,https://ror.org/008xxew50,Netherlands,NL,nl,EU,vu.nl,6,July,top-per-country,10.6084/m9.figshare.33062150.v3,https://doi.org/10.6084/m9.figshare.33062150.v3
webometrics,2026-09-28T01:22:12+00:00,overall,2026,83,3,City University of Hong Kong,https://ror.org/03q8dnn23,Hong Kong SAR China,HK,hk,AS,cityu.edu.hk,6,July,top-per-country,10.6084/m9.figshare.33062150.v3,https://doi.org/10.6084/m9.figshare.33062150.v3
webometrics,2026-09-28T01:22:12+00:00,overall,2026,84,2,Nanyang Technological University,https://ror.org/02e7b5302,Singapore,SG,sg,AS,ntu.edu.sg,6,July,top-per-country,10.6084/m9.figshare.33062150.v3,https://doi.org/10.6084/m9.figshare.33062150.v3
webometrics,2026-09-28T01:22:12+00:00,overall,2026,85,8,University of Glasgow,https://ror.org/00vtgdb53,United Kingdom,GB,uk,EU,gla.ac.uk,6,July,top-per-country,10.6084/m9.figshare.33062150.v3,https://doi.org/10.6084/m9.figshare.33062150.v3
webometrics,2026-09-28T01:22:12+00:00,overall,2026,86,1,University of Helsinki / Helsingin yliopisto,https://ror.org/040af2s02,Finland,FI,fi,EU,helsinki.fi,6,July,top-per-country,10.6084/m9.figshare.33062150.v3,https://doi.org/10.6084/m9.figshare.33062150.v3
webometrics,2026-09-28T01:22:12+00:00,overall,2026,88,1,Università di Bologna (Università degli Studi di Bologna),https://ror.org/01111rn36,Italy,IT,it,EU,unibo.it,6,July,top-per-country,10.6084/m9.figshare.33062150.v3,https://doi.org/10.6084/m9.figshare.33062150.v3
webometrics,2026-09-28T01:22:12+00:00,overall,2026,88,2,Universität Zürich,https://ror.org/02crff812,Switzerland,CH,ch,EU,uzh.ch,6,July,top-per-country,10.6084/m9.figshare.33062150.v3,https://doi.org/10.6084/m9.figshare.33062150.v3
webometrics,2026-09-28T01:22:12+00:00,overall,2026,90,7,Sun Yat Sen University (Zhongshan University) / 中山大学,https://ror.org/0064kty71,China,CN,cn,AS,sysu.edu.cn,6,July,top-per-country,10.6084/m9.figshare.33062150.v3,https://doi.org/10.6084/m9.figshare.33062150.v3
webometrics,2026-09-28T01:22:12+00:00,overall,2026,91,5,University of Waterloo,https://ror.org/01aff2v68,Canada,CA,ca,NA,uwaterloo.ca,6,July,top-per-country,10.6084/m9.figshare.33062150.v3,https://doi.org/10.6084/m9.figshare.33062150.v3
webometrics,2026-09-28T01:22:12+00:00,overall,2026,92,8,Huazhong University of Science & Technology / 华中科技大 学,https://ror.org/00p991c53,China,CN,cn,AS,hust.edu.cn,6,July,top-per-country,10.6084/m9.figshare.33062150.v3,https://doi.org/10.6084/m9.figshare.33062150.v3
webometrics,2026-09-28T01:22:12+00:00,overall,2026,93,6,University of Calgary,https://ror.org/03yjb2x39,Canada,CA,ca,NA,ucalgary.ca,6,July,top-per-country,10.6084/m9.figshare.33062150.v3,https://doi.org/10.6084/m9.figshare.33062150.v3
webometrics,2026-09-28T01:22:12+00:00,overall,2026,95,9,University of Leeds,https://ror.org/024mrxd33,United Kingdom,GB,uk,EU,leeds.ac.uk,6,July,top-per-country,10.6084/m9.figshare.33062150.v3,https://doi.org/10.6084/m9.figshare.33062150.v3
webometrics,2026-09-28T01:22:12+00:00,overall,2026,96,2,Ruprecht Karls Universität Heidelberg,https://ror.org/038t36y30,Germany,DE,de,EU,uni-heidelberg.de,6,July,top-per-country,10.6084/m9.figshare.33062150.v3,https://doi.org/10.6084/m9.figshare.33062150.v3
webometrics,2026-09-28T01:22:12+00:00,overall,2026,97,6,Australian National University,https://ror.org/019wvm592,Australia,AU,au,AU,anu.edu.au,7,July,top-per-country,10.6084/m9.figshare.33062150.v3,https://doi.org/10.6084/m9.figshare.33062150.v3
webometrics,2026-09-28T01:22:12+00:00,overall,2026,98,1,University of Oslo / Universitetet i Oslo,https://ror.org/01xtthb56,Norway,NO,no,EU,uio.no,7,July,top-per-country,10.6084/m9.figshare.33062150.v3,https://doi.org/10.6084/m9.figshare.33062150.v3
webometrics,2026-09-28T01:22:12+00:00,overall,2026,99,2,Aarhus University / Aarhus Universitet,https://ror.org/01aj84f44,Denmark,DK,dk,EU,au.dk,7,July,top-per-country,10.6084/m9.figshare.33062150.v3,https://doi.org/10.6084/m9.figshare.33062150.v3
webometrics,2026-09-28T01:22:12+00:00,overall,2026,100,4,Hong Kong Polytechnic University,https://ror.org/0030zas98,Hong Kong SAR China,HK,hk,AS,polyu.edu.hk,7,July,top-per-country,10.6084/m9.figshare.33062150.v3,https://doi.org/10.6084/m9.figshare.33062150.v3
webometrics,2026-09-28T01:22:12+00:00,overall,2026,101,9,Wuhan University / 武 汉大 学,https://ror.org/033vjfk17,China,CN,cn,AS,whu.edu.cn,7,July,top-per-country,10.6084/m9.figshare.33062150.v3,https://doi.org/10.6084/m9.figshare.33062150.v3
webometrics,2026-09-28T01:22:12+00:00,overall,2026,102,10,Nanjing University / 南京大学,https://ror.org/01rxvg760,China,CN,cn,AS,nju.edu.cn,7,July,top-per-country,10.6084/m9.figshare.33062150.v3,https://doi.org/10.6084/m9.figshare.33062150.v3
webometrics,2026-09-28T01:22:12+00:00,overall,2026,103,3,Universität Hamburg,https://ror.org/00g30e956,Germany,DE,de,EU,uni-hamburg.de,7,July,top-per-country,10.6084/m9.figshare.33062150.v3,https://doi.org/10.6084/m9.figshare.33062150.v3
webometrics,2026-09-28T01:22:12+00:00,overall,2026,105,11,(1) University of Chinese Academy of Sciences / 中国科学院大学,https://ror.org/05qbk4x57,China,CN,cn,AS,ucas.ac.cn,7,July,top-per-country,10.6084/m9.figshare.33062150.v3,https://doi.org/10.6084/m9.figshare.33062150.v3
webometrics,2026-09-28T01:22:12+00:00,overall,2026,106,10,University of Nottingham,https://ror.org/01ee9ar58,United Kingdom,GB,uk,EU,nottingham.ac.uk,7,July,top-per-country,10.6084/m9.figshare.33062150.v3,https://doi.org/10.6084/m9.figshare.33062150.v3
webometrics,2026-09-28T01:22:12+00:00,overall,2026,107,2,Ghent University / Universiteit Gent,https://ror.org/00cv9y106,Belgium,BE,be,EU,ugent.be,7,July,top-per-country,10.6084/m9.figshare.33062150.v3,https://doi.org/10.6084/m9.figshare.33062150.v3
webometrics,2026-09-28T01:22:12+00:00,overall,2026,108,1,Uppsala University / Uppsala Universitet,https://ror.org/048a87296,Sweden,SE,se,EU,uu.se,7,July,top-per-country,10.6084/m9.figshare.33062150.v3,https://doi.org/10.6084/m9.figshare.33062150.v3
webometrics,2026-09-28T01:22:12+00:00,overall,2026,109,12,Xi'An Jiaotong University / 西安交通大学,https://ror.org/017zhmm22,China,CN,cn,AS,xjtu.edu.cn,7,July,top-per-country,10.6084/m9.figshare.33062150.v3,https://doi.org/10.6084/m9.figshare.33062150.v3
webometrics,2026-09-28T01:22:12+00:00,overall,2026,110,5,Delft University of Technology TU Delft,https://ror.org/02e2c7k09,Netherlands,NL,nl,EU,tudelft.nl,7,July,top-per-country,10.6084/m9.figshare.33062150.v3,https://doi.org/10.6084/m9.figshare.33062150.v3
webometrics,2026-09-28T01:22:12+00:00,overall,2026,111,3,École Polytechnique Fédérale de Lausanne,https://ror.org/02s376052,Switzerland,CH,ch,EU,epfl.ch,7,July,top-per-country,10.6084/m9.figshare.33062150.v3,https://doi.org/10.6084/m9.figshare.33062150.v3
webometrics,2026-09-28T01:22:12+00:00,overall,2026,112,2,Università degli Studi di Milano,https://ror.org/00wjc7c48,Italy,IT,it,EU,unimi.it,7,July,top-per-country,10.6084/m9.figshare.33062150.v3,https://doi.org/10.6084/m9.figshare.33062150.v3
webometrics,2026-09-28T01:22:12+00:00,overall,2026,113,3,Università degli Studi di Roma La Sapienza,https://ror.org/02be6w209,Italy,IT,it,EU,uniroma1.it,7,July,top-per-country,10.6084/m9.figshare.33062150.v3,https://doi.org/10.6084/m9.figshare.33062150.v3
webometrics,2026-09-28T01:22:12+00:00,overall,2026,115,11,University of Birmingham,https://ror.org/03angcq70,United Kingdom,GB,uk,EU,birmingham.ac.uk,7,July,top-per-country,10.6084/m9.figshare.33062150.v3,https://doi.org/10.6084/m9.figshare.33062150.v3
webometrics,2026-09-28T01:22:12+00:00,overall,2026,116,2,Lund University / Lunds Universitet,https://ror.org/012a77v79,Sweden,SE,se,EU,lu.se,7,July,top-per-country,10.6084/m9.figshare.33062150.v3,https://doi.org/10.6084/m9.figshare.33062150.v3
webometrics,2026-09-28T01:22:12+00:00,overall,2026,116,13,Shandong University / 山 东大 学,https://ror.org/0207yh398,China,CN,cn,AS,sdu.edu.cn,7,July,top-per-country,10.6084/m9.figshare.33062150.v3,https://doi.org/10.6084/m9.figshare.33062150.v3
webometrics,2026-09-28T01:22:12+00:00,overall,2026,119,4,Ludwig Maximilians Universität München,https://ror.org/05591te55,Germany,DE,de,EU,lmu.de,7,July,top-per-country,10.6084/m9.figshare.33062150.v3,https://doi.org/10.6084/m9.figshare.33062150.v3
webometrics,2026-09-28T01:22:12+00:00,overall,2026,120,7,McMaster University,https://ror.org/02fa3aq29,Canada,CA,ca,NA,mcmaster.ca,7,July,top-per-country,10.6084/m9.figshare.33062150.v3,https://doi.org/10.6084/m9.figshare.33062150.v3
webometrics,2026-09-28T01:22:12+00:00,overall,2026,121,14,Tongji University / 同 济大 学,https://ror.org/03rc6as71,China,CN,cn,AS,tongji.edu.cn,7,July,top-per-country,10.6084/m9.figshare.33062150.v3,https://doi.org/10.6084/m9.figshare.33062150.v3
webometrics,2026-09-28T01:22:12+00:00,overall,2026,122,15,Sichuan University / 四川大学,https://ror.org/011ashp19,China,CN,cn,AS,scu.edu.cn,7,July,top-per-country,10.6084/m9.figshare.33062150.v3,https://doi.org/10.6084/m9.figshare.33062150.v3
webometrics,2026-09-28T01:22:12+00:00,overall,2026,124,1,Seoul National University / 서울대학교,https://ror.org/04h9pn542,South Korea,KR,kr,AS,snu.ac.kr,7,July,top-per-country,10.6084/m9.figshare.33062150.v3,https://doi.org/10.6084/m9.figshare.33062150.v3
webometrics,2026-09-28T01:22:12+00:00,overall,2026,124,3,Karolinska Institute / Karolinska Institutet,https://ror.org/056d84691,Sweden,SE,se,EU,ki.se,7,July,top-per-country,10.6084/m9.figshare.33062150.v3,https://doi.org/10.6084/m9.figshare.33062150.v3
webometrics,2026-09-28T01:22:12+00:00,overall,2026,126,1,Universidad Nacional Autónoma de México,https://ror.org/01tmp8f25,Mexico,MX,mx,IBC,unam.mx,7,July,top-per-country,10.6084/m9.figshare.33062150.v3,https://doi.org/10.6084/m9.figshare.33062150.v3
webometrics,2026-09-28T01:22:12+00:00,overall,2026,129,12,University of Warwick,https://ror.org/01a77tt86,United Kingdom,GB,uk,EU,warwick.ac.uk,7,July,top-per-country,10.6084/m9.figshare.33062150.v3,https://doi.org/10.6084/m9.figshare.33062150.v3
webometrics,2026-09-28T01:22:12+00:00,overall,2026,131,7,University of Adelaide,https://ror.org/00892tw58,Australia,AU,au,AU,adelaide.edu.au,7,July,top-per-country,10.6084/m9.figshare.33062150.v3,https://doi.org/10.6084/m9.figshare.33062150.v3
webometrics,2026-09-28T01:22:12+00:00,overall,2026,132,4,Università degli Studi di Padova,https://ror.org/00240q980,Italy,IT,it,EU,unipd.it,7,July,top-per-country,10.6084/m9.figshare.33062150.v3,https://doi.org/10.6084/m9.figshare.33062150.v3
webometrics,2026-09-28T01:22:12+00:00,overall,2026,134,2,Kyoto University / 京都大学,https://ror.org/02kpeqv85,Japan,JP,jp,AS,kyoto-u.ac.jp,7,July,top-per-country,10.6084/m9.figshare.33062150.v3,https://doi.org/10.6084/m9.figshare.33062150.v3
webometrics,2026-09-28T01:22:12+00:00,overall,2026,136,6,Rheinisch Westfalische Technische Hochschule Aachen,https://ror.org/04xfq0f34,Germany,DE,de,EU,rwth-aachen.de,7,July,top-per-country,10.6084/m9.figshare.33062150.v3,https://doi.org/10.6084/m9.figshare.33062150.v3
webometrics,2026-09-28T01:22:12+00:00,overall,2026,138,13,Bristol University,https://ror.org/0524sp257,United Kingdom,GB,uk,EU,bristol.ac.uk,7,July,top-per-country,10.6084/m9.figshare.33062150.v3,https://doi.org/10.6084/m9.figshare.33062150.v3
webometrics,2026-09-28T01:22:12+00:00,overall,2026,142,14,Newcastle University Newcastle upon Tyne,https://ror.org/01kj2bm70,United Kingdom,GB,uk,EU,ncl.ac.uk,8,July,top-per-country,10.6084/m9.figshare.33062150.v3,https://doi.org/10.6084/m9.figshare.33062150.v3
webometrics,2026-09-28T01:22:12+00:00,overall,2026,143,2,Universitat Autònoma de Barcelona,https://ror.org/052g8jq94,Spain,ES,es,EU,uab.cat,8,July,top-per-country,10.6084/m9.figshare.33062150.v3,https://doi.org/10.6084/m9.figshare.33062150.v3
webometrics,2026-09-28T01:22:12+00:00,overall,2026,144,6,Leiden University / Universiteit Leiden,https://ror.org/027bh9e22,Netherlands,NL,nl,EU,universiteitleiden.nl,8,July,top-per-country,10.6084/m9.figshare.33062150.v3,https://doi.org/10.6084/m9.figshare.33062150.v3
webometrics,2026-09-28T01:22:12+00:00,overall,2026,145,1,Universität Wien,https://ror.org/03prydq77,Austria,AT,at,EU,univie.ac.at,8,July,top-per-country,10.6084/m9.figshare.33062150.v3,https://doi.org/10.6084/m9.figshare.33062150.v3
webometrics,2026-09-28T01:22:12+00:00,overall,2026,145,8,University of Western Australia,https://ror.org/047272k79,Australia,AU,au,AU,uwa.edu.au,8,July,top-per-country,10.6084/m9.figshare.33062150.v3,https://doi.org/10.6084/m9.figshare.33062150.v3
webometrics,2026-09-28T01:22:12+00:00,overall,2026,147,4,Universität Bern,https://ror.org/02k7v4d05,Switzerland,CH,ch,EU,unibe.ch,8,July,top-per-country,10.6084/m9.figshare.33062150.v3,https://doi.org/10.6084/m9.figshare.33062150.v3
webometrics,2026-09-28T01:22:12+00:00,overall,2026,148,15,University of Exeter,https://ror.org/03yghzc09,United Kingdom,GB,uk,EU,exeter.ac.uk,8,July,top-per-country,10.6084/m9.figshare.33062150.v3,https://doi.org/10.6084/m9.figshare.33062150.v3
webometrics,2026-09-28T01:22:12+00:00,overall,2026,153,9,University of Technology Sydney,https://ror.org/03f0f6041,Australia,AU,au,AU,uts.edu.au,8,July,top-per-country,10.6084/m9.figshare.33062150.v3,https://doi.org/10.6084/m9.figshare.33062150.v3
webometrics,2026-09-28T01:22:12+00:00,overall,2026,155,3,Universidad Complutense de Madrid,https://ror.org/02p0gd045,Spain,ES,es,EU,ucm.es,8,July,top-per-country,10.6084/m9.figshare.33062150.v3,https://doi.org/10.6084/m9.figshare.33062150.v3
webometrics,2026-09-28T01:22:12+00:00,overall,2026,156,1,Sorbonne Université (ComUE Sorbonne Universites),https://ror.org/02en5vm52,France,FR,fr,EU,sorbonne-universite.fr,8,July,top-per-country,10.6084/m9.figshare.33062150.v3,https://doi.org/10.6084/m9.figshare.33062150.v3
webometrics,2026-09-28T01:22:12+00:00,overall,2026,157,5,Université de Geneve,https://ror.org/01swzsf04,Switzerland,CH,ch,EU,unige.ch,8,July,top-per-country,10.6084/m9.figshare.33062150.v3,https://doi.org/10.6084/m9.figshare.33062150.v3
webometrics,2026-09-28T01:22:12+00:00,overall,2026,157,7,Rheinische Friedrich Wilhelms Universität Bonn,https://ror.org/041nas322,Germany,DE,de,EU,uni-bonn.de,8,July,top-per-country,10.6084/m9.figshare.33062150.v3,https://doi.org/10.6084/m9.figshare.33062150.v3
webometrics,2026-09-28T01:22:12+00:00,overall,2026,160,1,University of Auckland,https://ror.org/03b94tp07,New Zealand,NZ,nz,AU,auckland.ac.nz,8,July,top-per-country,10.6084/m9.figshare.33062150.v3,https://doi.org/10.6084/m9.figshare.33062150.v3
webometrics,2026-09-28T01:22:12+00:00,overall,2026,161,8,Western University (University of Western Ontario),https://ror.org/02grkyz14,Canada,CA,ca,NA,uwo.ca,8,July,top-per-country,10.6084/m9.figshare.33062150.v3,https://doi.org/10.6084/m9.figshare.33062150.v3
webometrics,2026-09-28T01:22:12+00:00,overall,2026,163,7,Wageningen University & Research Centre,https://ror.org/04qw24q55,Netherlands,NL,nl,EU,wur.nl,8,July,top-per-country,10.6084/m9.figshare.33062150.v3,https://doi.org/10.6084/m9.figshare.33062150.v3
webometrics,2026-09-28T01:22:12+00:00,overall,2026,166,8,Humboldt Universität zu Berlin,https://ror.org/01hcx6992,Germany,DE,de,EU,hu-berlin.de,8,July,top-per-country,10.6084/m9.figshare.33062150.v3,https://doi.org/10.6084/m9.figshare.33062150.v3
webometrics,2026-09-28T01:22:12+00:00,overall,2026,167,1,Universidade de Lisboa,https://ror.org/01c27hj86,Portugal,PT,pt,EU,ulisboa.pt,8,July,top-per-country,10.6084/m9.figshare.33062150.v3,https://doi.org/10.6084/m9.figshare.33062150.v3
webometrics,2026-09-28T01:22:12+00:00,overall,2026,168,4,University of Gothenburg / Göteborgs Universitet,https://ror.org/01tm6cn81,Sweden,SE,se,EU,gu.se,8,July,top-per-country,10.6084/m9.figshare.33062150.v3,https://doi.org/10.6084/m9.figshare.33062150.v3
webometrics,2026-09-28T01:22:12+00:00,overall,2026,169,1,National Taiwan University / 國立臺灣大學,https://ror.org/05bqach95,Taiwan,TW,tw,AS,ntu.edu.tw,8,July,top-per-country,10.6084/m9.figshare.33062150.v3,https://doi.org/10.6084/m9.figshare.33062150.v3
webometrics,2026-09-28T01:22:12+00:00,overall,2026,173,9,Simon Fraser University,https://ror.org/0213rcc28,Canada,CA,ca,NA,sfu.ca,8,July,top-per-country,10.6084/m9.figshare.33062150.v3,https://doi.org/10.6084/m9.figshare.33062150.v3
webometrics,2026-09-28T01:22:12+00:00,overall,2026,174,5,Università degli Studi di Napoli Federico II,https://ror.org/05290cv24,Italy,IT,it,EU,unina.it,8,July,top-per-country,10.6084/m9.figshare.33062150.v3,https://doi.org/10.6084/m9.figshare.33062150.v3
webometrics,2026-09-28T01:22:12+00:00,overall,2026,174,9,Technische Universität Dresden,https://ror.org/042aqky30,Germany,DE,de,EU,tu-dresden.de,8,July,top-per-country,10.6084/m9.figshare.33062150.v3,https://doi.org/10.6084/m9.figshare.33062150.v3
webometrics,2026-09-28T01:22:12+00:00,overall,2026,177,2,(1) Norwegian University of Science & Technology / Norges Teknisk-Naturvitenskapelige Universitet,https://ror.org/05xg72x27,Norway,NO,no,EU,ntnu.no,8,July,top-per-country,10.6084/m9.figshare.33062150.v3,https://doi.org/10.6084/m9.figshare.33062150.v3
webometrics,2026-09-28T01:22:12+00:00,overall,2026,177,10,Université d'Ottawa / University of Ottawa,https://ror.org/03c4mmv16,Canada,CA,ca,NA,uottawa.ca,8,July,top-per-country,10.6084/m9.figshare.33062150.v3,https://doi.org/10.6084/m9.figshare.33062150.v3
webometrics,2026-09-28T01:22:12+00:00,overall,2026,179,8,Erasmus University of Rotterdam / Erasmus Universiteit Rotterdam,https://ror.org/057w15z03,Netherlands,NL,nl,EU,eur.nl,8,July,top-per-country,10.6084/m9.figshare.33062150.v3,https://doi.org/10.6084/m9.figshare.33062150.v3
webometrics,2026-09-28T01:22:12+00:00,overall,2026,180,5,KTH Royal Institute of Technology / Kungliga Tekniska Högskolan,https://ror.org/026vcq606,Sweden,SE,se,EU,kth.se,8,July,top-per-country,10.6084/m9.figshare.33062150.v3,https://doi.org/10.6084/m9.figshare.33062150.v3
webometrics,2026-09-28T01:22:12+00:00,overall,2026,181,11,Université de Montréal,https://ror.org/0161xgx34,Canada,CA,ca,NA,umontreal.ca,8,July,top-per-country,10.6084/m9.figshare.33062150.v3,https://doi.org/10.6084/m9.figshare.33062150.v3
webometrics,2026-09-28T01:22:12+00:00,overall,2026,183,10,Karlsruhe Institute of Technology (Universität Karlsruhe),https://ror.org/04t3en479,Germany,DE,de,EU,kit.edu,8,July,top-per-country,10.6084/m9.figshare.33062150.v3,https://doi.org/10.6084/m9.figshare.33062150.v3
webometrics,2026-09-28T01:22:12+00:00,overall,2026,188,1,King Saud University,https://ror.org/02f81g417,Saudi Arabia,SA,sa,AW,ksu.edu.sa,8,July,top-per-country,10.6084/m9.figshare.33062150.v3,https://doi.org/10.6084/m9.figshare.33062150.v3
webometrics,2026-09-28T01:22:12+00:00,overall,2026,193,10,RMIT University,https://ror.org/04ttjf776,Australia,AU,au,AU,rmit.edu.au,8,July,top-per-country,10.6084/m9.figshare.33062150.v3,https://doi.org/10.6084/m9.figshare.33062150.v3
webometrics,2026-09-28T01:22:12+00:00,overall,2026,196,1,Charles University in Prague / Univerzita Karlova v Praze UK,https://ror.org/024d6js02,Czechia,CZ,cz,EU,cuni.cz,8,July,top-per-country,10.6084/m9.figshare.33062150.v3,https://doi.org/10.6084/m9.figshare.33062150.v3
webometrics,2026-09-28T01:22:12+00:00,overall,2026,197,6,Università degli Studi di Torino,https://ror.org/048tbm396,Italy,IT,it,EU,unito.it,8,July,top-per-country,10.6084/m9.figshare.33062150.v3,https://doi.org/10.6084/m9.figshare.33062150.v3
webometrics,2026-09-28T01:22:12+00:00,overall,2026,198,3,Technical University of Denmark / Danmarks Tekniske Universitet DTU,https://ror.org/04qtj9h94,Denmark,DK,dk,EU,dtu.dk,9,July,top-per-country,10.6084/m9.figshare.33062150.v3,https://doi.org/10.6084/m9.figshare.33062150.v3
webometrics,2026-09-28T01:22:12+00:00,overall,2026,200,11,Deakin University,https://ror.org/02czsnj07,Australia,AU,au,AU,deakin.edu.au,9,July,top-per-country,10.6084/m9.figshare.33062150.v3,https://doi.org/10.6084/m9.figshare.33062150.v3
webometrics,2026-09-28T01:22:12+00:00,overall,2026,202,2,Université PSL Paris,https://ror.org/013cjyk83,France,FR,fr,EU,psl.eu,9,July,top-per-country,10.6084/m9.figshare.33062150.v3,https://doi.org/10.6084/m9.figshare.33062150.v3
webometrics,2026-09-28T01:22:12+00:00,overall,2026,203,6,Stockholm University / Stockholms Universitet,https://ror.org/05f0yaq80,Sweden,SE,se,EU,su.se,9,July,top-per-country,10.6084/m9.figshare.33062150.v3,https://doi.org/10.6084/m9.figshare.33062150.v3
webometrics,2026-09-28T01:22:12+00:00,overall,2026,209,11,Universität Tubingen,https://ror.org/03a1kwz48,Germany,DE,de,EU,uni-tuebingen.de,9,July,top-per-country,10.6084/m9.figshare.33062150.v3,https://doi.org/10.6084/m9.figshare.33062150.v3
webometrics,2026-09-28T01:22:12+00:00,overall,2026,214,1,Trinity College Dublin University of Dublin,https://ror.org/02tyrky19,Ireland,IE,ie,EU,tcd.ie,9,July,top-per-country,10.6084/m9.figshare.33062150.v3,https://doi.org/10.6084/m9.figshare.33062150.v3
webometrics,2026-09-28T01:22:12+00:00,overall,2026,216,7,Università di Pisa (Università degli Studi di Pisa),https://ror.org/03ad39j10,Italy,IT,it,EU,unipi.it,9,July,top-per-country,10.6084/m9.figshare.33062150.v3,https://doi.org/10.6084/m9.figshare.33062150.v3
webometrics,2026-09-28T01:22:12+00:00,overall,2026,217,8,Politecnico di Milano,https://ror.org/01nffqt88,Italy,IT,it,EU,polimi.it,9,July,top-per-country,10.6084/m9.figshare.33062150.v3,https://doi.org/10.6084/m9.figshare.33062150.v3
webometrics,2026-09-28T01:22:12+00:00,overall,2026,221,12,Queen's University Kingston,https://ror.org/02y72wh86,Canada,CA,ca,NA,queensu.ca,9,July,top-per-country,10.6084/m9.figshare.33062150.v3,https://doi.org/10.6084/m9.figshare.33062150.v3
webometrics,2026-09-28T01:22:12+00:00,overall,2026,222,12,Macquarie University,https://ror.org/01sf06y89,Australia,AU,au,AU,mq.edu.au,9,July,top-per-country,10.6084/m9.figshare.33062150.v3,https://doi.org/10.6084/m9.figshare.33062150.v3
webometrics,2026-09-28T01:22:12+00:00,overall,2026,224,12,Charité Universitätsmedizin Berlin,https://ror.org/001w7jn25,Germany,DE,de,EU,charite.de,9,July,top-per-country,10.6084/m9.figshare.33062150.v3,https://doi.org/10.6084/m9.figshare.33062150.v3
webometrics,2026-09-28T01:22:12+00:00,overall,2026,226,13,Goethe Universität Frankfurt am Main,https://ror.org/04cvxnb49,Germany,DE,de,EU,uni-frankfurt.de,9,July,top-per-country,10.6084/m9.figshare.33062150.v3,https://doi.org/10.6084/m9.figshare.33062150.v3
webometrics,2026-09-28T01:22:12+00:00,overall,2026,227,14,Universität Freiburg,https://ror.org/0245cg223,Germany,DE,de,EU,uni-freiburg.de,9,July,top-per-country,10.6084/m9.figshare.33062150.v3,https://doi.org/10.6084/m9.figshare.33062150.v3
webometrics,2026-09-28T01:22:12+00:00,overall,2026,229,13,Queensland University of Technology QUT,https://ror.org/03pnv4752,Australia,AU,au,AU,qut.edu.au,9,July,top-per-country,10.6084/m9.figshare.33062150.v3,https://doi.org/10.6084/m9.figshare.33062150.v3
webometrics,2026-09-28T01:22:12+00:00,overall,2026,230,3,Université de Paris (IPGP Descartes Diderot),https://ror.org/05f82e368,France,FR,fr,EU,u-paris.fr,9,July,top-per-country,10.6084/m9.figshare.33062150.v3,https://doi.org/10.6084/m9.figshare.33062150.v3
webometrics,2026-09-28T01:22:12+00:00,overall,2026,231,2,Yonsei University / 연세대학교,https://ror.org/01wjejq96,South Korea,KR,kr,AS,yonsei.ac.kr,9,July,top-per-country,10.6084/m9.figshare.33062150.v3,https://doi.org/10.6084/m9.figshare.33062150.v3
webometrics,2026-09-28T01:22:12+00:00,overall,2026,233,5,Hong Kong University of Science & Technology,https://ror.org/00q4vv597,Hong Kong SAR China,HK,hk,AS,hkust.edu.hk,9,July,top-per-country,10.6084/m9.figshare.33062150.v3,https://doi.org/10.6084/m9.figshare.33062150.v3
webometrics,2026-09-28T01:22:12+00:00,overall,2026,236,4,Université Paris Saclay (comUE Université Paris Saclay),https://ror.org/03xjwb503,France,FR,fr,EU,universite-paris-saclay.fr,9,July,top-per-country,10.6084/m9.figshare.33062150.v3,https://doi.org/10.6084/m9.figshare.33062150.v3
webometrics,2026-09-28T01:22:12+00:00,overall,2026,239,6,Universitat Politècnica de Catalunya BarcelonaTech,https://ror.org/03mb6wj31,Spain,ES,es,EU,upc.edu,9,July,top-per-country,10.6084/m9.figshare.33062150.v3,https://doi.org/10.6084/m9.figshare.33062150.v3
webometrics,2026-09-28T01:22:12+00:00,overall,2026,241,15,(1) Friedrich Alexander Universität Erlangen Nürnberg FAU,https://ror.org/00f7hpc57,Germany,DE,de,EU,fau.de,9,July,top-per-country,10.6084/m9.figshare.33062150.v3,https://doi.org/10.6084/m9.figshare.33062150.v3
webometrics,2026-09-28T01:22:12+00:00,overall,2026,242,7,Linköping University / Linköpings Universitet,https://ror.org/05ynxx418,Sweden,SE,se,EU,liu.se,9,July,top-per-country,10.6084/m9.figshare.33062150.v3,https://doi.org/10.6084/m9.figshare.33062150.v3
webometrics,2026-09-28T01:22:12+00:00,overall,2026,245,1,National and Kapodistrian University of Athens,https://ror.org/04gnjpq42,Greece,GR,gr,EU,uoa.gr,9,July,top-per-country,10.6084/m9.figshare.33062150.v3,https://doi.org/10.6084/m9.figshare.33062150.v3
webometrics,2026-09-28T01:22:12+00:00,overall,2026,245,2,University College Dublin,https://ror.org/05m7pjf47,Ireland,IE,ie,EU,ucd.ie,9,July,top-per-country,10.6084/m9.figshare.33062150.v3,https://doi.org/10.6084/m9.figshare.33062150.v3
webometrics,2026-09-28T01:22:12+00:00,overall,2026,247,9,Radboud University / Radboud Universiteit Nijmegen,https://ror.org/016xsfp80,Netherlands,NL,nl,EU,ru.nl,9,July,top-per-country,10.6084/m9.figshare.33062150.v3,https://doi.org/10.6084/m9.figshare.33062150.v3
webometrics,2026-09-28T01:22:12+00:00,overall,2026,252,9,Università degli Studi di Firenze,https://ror.org/04jr1s763,Italy,IT,it,EU,unifi.it,9,July,top-per-country,10.6084/m9.figshare.33062150.v3,https://doi.org/10.6084/m9.figshare.33062150.v3
webometrics,2026-09-28T01:22:12+00:00,overall,2026,256,14,Curtin University of Technology,https://ror.org/02n415q13,Australia,AU,au,AU,curtin.edu.au,9,July,top-per-country,10.6084/m9.figshare.33062150.v3,https://doi.org/10.6084/m9.figshare.33062150.v3
webometrics,2026-09-28T01:22:12+00:00,overall,2026,257,3,University of Bergen / Universitetet i Bergen,https://ror.org/03zga2b32,Norway,NO,no,EU,uib.no,9,July,top-per-country,10.6084/m9.figshare.33062150.v3,https://doi.org/10.6084/m9.figshare.33062150.v3
webometrics,2026-09-28T01:22:12+00:00,overall,2026,258,7,Universidad Autónoma de Madrid,https://ror.org/01cby8j38,Spain,ES,es,EU,uam.es,9,July,top-per-country,10.6084/m9.figshare.33062150.v3,https://doi.org/10.6084/m9.figshare.33062150.v3
webometrics,2026-09-28T01:22:12+00:00,overall,2026,259,13,York University,https://ror.org/05fq50484,Canada,CA,ca,NA,yorku.ca,9,July,top-per-country,10.6084/m9.figshare.33062150.v3,https://doi.org/10.6084/m9.figshare.33062150.v3
webometrics,2026-09-28T01:22:12+00:00,overall,2026,260,4,Aalborg University / Aalborg Universitet,https://ror.org/04m5j1k67,Denmark,DK,dk,EU,aau.dk,9,July,top-per-country,10.6084/m9.figshare.33062150.v3,https://doi.org/10.6084/m9.figshare.33062150.v3
webometrics,2026-09-28T01:22:12+00:00,overall,2026,263,15,Griffith University,https://ror.org/02sc3r913,Australia,AU,au,AU,griffith.edu.au,9,July,top-per-country,10.6084/m9.figshare.33062150.v3,https://doi.org/10.6084/m9.figshare.33062150.v3
webometrics,2026-09-28T01:22:12+00:00,overall,2026,266,10,University of Twente / Universiteit Twente,https://ror.org/006hf6230,Netherlands,NL,nl,EU,utwente.nl,9,July,top-per-country,10.6084/m9.figshare.33062150.v3,https://doi.org/10.6084/m9.figshare.33062150.v3
webometrics,2026-09-28T01:22:12+00:00,overall,2026,267,3,Tohoku University / 東北大学,https://ror.org/01dq60k83,Japan,JP,jp,AS,tohoku.ac.jp,10,July,top-per-country,10.6084/m9.figshare.33062150.v3,https://doi.org/10.6084/m9.figshare.33062150.v3
webometrics,2026-09-28T01:22:12+00:00,overall,2026,267,4,Osaka University / 大阪大学,https://ror.org/035t8zc32,Japan,JP,jp,AS,osaka-u.ac.jp,10,July,top-per-country,10.6084/m9.figshare.33062150.v3,https://doi.org/10.6084/m9.figshare.33062150.v3
webometrics,2026-09-28T01:22:12+00:00,overall,2026,270,11,Eindhoven University of Technology / Technische Universiteit Eindhoven,https://ror.org/02c2kyt77,Netherlands,NL,nl,EU,tue.nl,10,July,top-per-country,10.6084/m9.figshare.33062150.v3,https://doi.org/10.6084/m9.figshare.33062150.v3
webometrics,2026-09-28T01:22:12+00:00,overall,2026,276,2,Hebrew University of Jerusalem,https://ror.org/03qxff017,Israel,IL,il,EU,huji.ac.il,10,July,top-per-country,10.6084/m9.figshare.33062150.v3,https://doi.org/10.6084/m9.figshare.33062150.v3
webometrics,2026-09-28T01:22:12+00:00,overall,2026,277,1,University of Cape Town,https://ror.org/03p74gp79,South Africa,ZA,za,AF,uct.ac.za,10,July,top-per-country,10.6084/m9.figshare.33062150.v3,https://doi.org/10.6084/m9.figshare.33062150.v3
webometrics,2026-09-28T01:22:12+00:00,overall,2026,278,14,Dalhousie University,https://ror.org/01e6qks80,Canada,CA,ca,NA,dal.ca,10,July,top-per-country,10.6084/m9.figshare.33062150.v3,https://doi.org/10.6084/m9.figshare.33062150.v3
webometrics,2026-09-28T01:22:12+00:00,overall,2026,279,8,Universidad de Sevilla,https://ror.org/03yxnpp24,Spain,ES,es,EU,us.es,10,July,top-per-country,10.6084/m9.figshare.33062150.v3,https://doi.org/10.6084/m9.figshare.33062150.v3
webometrics,2026-09-28T01:22:12+00:00,overall,2026,282,15,University of Victoria British Columbia,https://ror.org/04s5mat29,Canada,CA,ca,NA,uvic.ca,10,July,top-per-country,10.6084/m9.figshare.33062150.v3,https://doi.org/10.6084/m9.figshare.33062150.v3
webometrics,2026-09-28T01:22:12+00:00,overall,2026,283,2,Aalto University / Aalto-yliopisto,https://ror.org/020hwjq30,Finland,FI,fi,EU,aalto.fi,10,July,top-per-country,10.6084/m9.figshare.33062150.v3,https://doi.org/10.6084/m9.figshare.33062150.v3
webometrics,2026-09-28T01:22:12+00:00,overall,2026,283,5,University of Southern Denmark / Syddansk Universitet,https://ror.org/03yrrjy16,Denmark,DK,dk,EU,sdu.dk,10,July,top-per-country,10.6084/m9.figshare.33062150.v3,https://doi.org/10.6084/m9.figshare.33062150.v3
webometrics,2026-09-28T01:22:12+00:00,overall,2026,289,6,Universität Basel,https://ror.org/02s6k3f65,Switzerland,CH,ch,EU,unibas.ch,10,July,top-per-country,10.6084/m9.figshare.33062150.v3,https://doi.org/10.6084/m9.figshare.33062150.v3
webometrics,2026-09-28T01:22:12+00:00,overall,2026,290,2,Universidade Estadual de Campinas UNICAMP,https://ror.org/04wffgt70,Brazil,BR,br,IBC,unicamp.br,10,July,top-per-country,10.6084/m9.figshare.33062150.v3,https://doi.org/10.6084/m9.figshare.33062150.v3
webometrics,2026-09-28T01:22:12+00:00,overall,2026,292,3,Korea Advanced Institute of Science & Technology KAIST,https://ror.org/05apxxy63,South Korea,KR,kr,AS,kaist.ac.kr,10,July,top-per-country,10.6084/m9.figshare.33062150.v3,https://doi.org/10.6084/m9.figshare.33062150.v3
webometrics,2026-09-28T01:22:12+00:00,overall,2026,293,2,Aristotle University of Thessaloniki,https://ror.org/02j61yw88,Greece,GR,gr,EU,auth.gr,10,July,top-per-country,10.6084/m9.figshare.33062150.v3,https://doi.org/10.6084/m9.figshare.33062150.v3
webometrics,2026-09-28T01:22:12+00:00,overall,2026,295,9,Universidad Politécnica de Madrid,https://ror.org/03n6nwv02,Spain,ES,es,EU,upm.es,10,July,top-per-country,10.6084/m9.figshare.33062150.v3,https://doi.org/10.6084/m9.figshare.33062150.v3
webometrics,2026-09-28T01:22:12+00:00,overall,2026,300,1,Lomonosov Moscow State University / Московский государственный университет М В Ломоносова,https://ror.org/010pmpe69,Russia,RU,ru,EU,msu.ru,10,July,top-per-country,10.6084/m9.figshare.33062150.v3,https://doi.org/10.6084/m9.figshare.33062150.v3
webometrics,2026-09-28T01:22:12+00:00,overall,2026,301,12,Maastricht University / Universiteit Maastricht,https://ror.org/02jz4aj89,Netherlands,NL,nl,EU,maastrichtuniversity.nl,10,July,top-per-country,10.6084/m9.figshare.33062150.v3,https://doi.org/10.6084/m9.figshare.33062150.v3
webometrics,2026-09-28T01:22:12+00:00,overall,2026,302,8,Chalmers University of Technology,https://ror.org/040wg7k59,Sweden,SE,se,EU,chalmers.se,10,July,top-per-country,10.6084/m9.figshare.33062150.v3,https://doi.org/10.6084/m9.figshare.33062150.v3
webometrics,2026-09-28T01:22:12+00:00,overall,2026,303,5,Université de Lyon I / Université Claude Bernard (comUE Université de Lyon),https://ror.org/029brtt94,France,FR,fr,EU,univ-lyon1.fr,10,July,top-per-country,10.6084/m9.figshare.33062150.v3,https://doi.org/10.6084/m9.figshare.33062150.v3
webometrics,2026-09-28T01:22:12+00:00,overall,2026,303,10,Universitat Pompeu Fabra,https://ror.org/04n0g0b29,Spain,ES,es,EU,upf.edu,10,July,top-per-country,10.6084/m9.figshare.33062150.v3,https://doi.org/10.6084/m9.figshare.33062150.v3
webometrics,2026-09-28T01:22:12+00:00,overall,2026,305,7,Université de Lausanne,https://ror.org/019whta54,Switzerland,CH,ch,EU,unil.ch,10,July,top-per-country,10.6084/m9.figshare.33062150.v3,https://doi.org/10.6084/m9.figshare.33062150.v3
webometrics,2026-09-28T01:22:12+00:00,overall,2026,308,2,Universidade de Coimbra,https://ror.org/04z8k9a98,Portugal,PT,pt,EU,uc.pt,10,July,top-per-country,10.6084/m9.figshare.33062150.v3,https://doi.org/10.6084/m9.figshare.33062150.v3
webometrics,2026-09-28T01:22:12+00:00,overall,2026,310,1,University of Ljubljana / Univerza v Ljubljani,https://ror.org/05njb9z20,Slovenia,SI,si,EU,uni-lj.si,10,July,top-per-country,10.6084/m9.figshare.33062150.v3,https://doi.org/10.6084/m9.figshare.33062150.v3
webometrics,2026-09-28T01:22:12+00:00,overall,2026,312,3,Universidade Federal do Rio de Janeiro,https://ror.org/03490as77,Brazil,BR,br,IBC,ufrj.br,10,July,top-per-country,10.6084/m9.figshare.33062150.v3,https://doi.org/10.6084/m9.figshare.33062150.v3
webometrics,2026-09-28T01:22:12+00:00,overall,2026,319,11,Universidad Politécnica de Valencia,https://ror.org/01460j859,Spain,ES,es,EU,upv.es,10,July,top-per-country,10.6084/m9.figshare.33062150.v3,https://doi.org/10.6084/m9.figshare.33062150.v3
webometrics,2026-09-28T01:22:12+00:00,overall,2026,321,1,Universidad de Chile,https://ror.org/047gc3g35,Chile,CL,cl,IBC,uchile.cl,10,July,top-per-country,10.6084/m9.figshare.33062150.v3,https://doi.org/10.6084/m9.figshare.33062150.v3
webometrics,2026-09-28T01:22:12+00:00,overall,2026,323,5,Nagoya University / 名古屋大学,https://ror.org/04chrp450,Japan,JP,jp,AS,nagoya-u.ac.jp,10,July,top-per-country,10.6084/m9.figshare.33062150.v3,https://doi.org/10.6084/m9.figshare.33062150.v3
webometrics,2026-09-28T01:22:12+00:00,overall,2026,328,6,Kyushu University / 九州大学,https://ror.org/00p4k0j84,Japan,JP,jp,AS,kyushu-u.ac.jp,10,July,top-per-country,10.6084/m9.figshare.33062150.v3,https://doi.org/10.6084/m9.figshare.33062150.v3
webometrics,2026-09-28T01:22:12+00:00,overall,2026,328,12,Universidad del País Vasco / Euskal Herriko Unibertsitatea,https://ror.org/000xsnr85,Spain,ES,es,EU,ehu.eus,10,July,top-per-country,10.6084/m9.figshare.33062150.v3,https://doi.org/10.6084/m9.figshare.33062150.v3
webometrics,2026-09-28T01:22:12+00:00,overall,2026,330,7,Keio University / 慶応義塾大学,https://ror.org/02kn6nx58,Japan,JP,jp,AS,keio.ac.jp,10,July,top-per-country,10.6084/m9.figshare.33062150.v3,https://doi.org/10.6084/m9.figshare.33062150.v3
webometrics,2026-09-28T01:22:12+00:00,overall,2026,335,6,Université d’Aix Marseille / Aix Marseille Université,https://ror.org/035xkbk20,France,FR,fr,EU,univ-amu.fr,10,July,top-per-country,10.6084/m9.figshare.33062150.v3,https://doi.org/10.6084/m9.figshare.33062150.v3
webometrics,2026-09-28T01:22:12+00:00,overall,2026,336,7,Université Grenoble Alpes (Communauté Université Grenoble Alpes),https://ror.org/02rx3b187,France,FR,fr,EU,univ-grenoble-alpes.fr,11,July,top-per-country,10.6084/m9.figshare.33062150.v3,https://doi.org/10.6084/m9.figshare.33062150.v3
webometrics,2026-09-28T01:22:12+00:00,overall,2026,338,10,Università degli Studi di Genova,https://ror.org/0107c5v14,Italy,IT,it,EU,unige.it,11,July,top-per-country,10.6084/m9.figshare.33062150.v3,https://doi.org/10.6084/m9.figshare.33062150.v3
webometrics,2026-09-28T01:22:12+00:00,overall,2026,339,8,Hokkaido University / 北海道大学,https://ror.org/02e16g702,Japan,JP,jp,AS,hokudai.ac.jp,11,July,top-per-country,10.6084/m9.figshare.33062150.v3,https://doi.org/10.6084/m9.figshare.33062150.v3
webometrics,2026-09-28T01:22:12+00:00,overall,2026,341,1,University of Malaya,https://ror.org/00rzspn62,Malaysia,MY,my,AS,um.edu.my,11,July,top-per-country,10.6084/m9.figshare.33062150.v3,https://doi.org/10.6084/m9.figshare.33062150.v3
webometrics,2026-09-28T01:22:12+00:00,overall,2026,343,4,(1) Sungkyunkwan University / 성균관대학교,https://ror.org/04q78tk20,South Korea,KR,kr,AS,skku.edu,11,July,top-per-country,10.6084/m9.figshare.33062150.v3,https://doi.org/10.6084/m9.figshare.33062150.v3
webometrics,2026-09-28T01:22:12+00:00,overall,2026,345,4,Universidade Federal de Minas Gerais UFMG,https://ror.org/0176yjw32,Brazil,BR,br,IBC,ufmg.br,11,July,top-per-country,10.6084/m9.figshare.33062150.v3,https://doi.org/10.6084/m9.figshare.33062150.v3
webometrics,2026-09-28T01:22:12+00:00,overall,2026,347,11,Università degli Studi di Roma Tor Vergata,https://ror.org/02p77k626,Italy,IT,it,EU,uniroma2.it,11,July,top-per-country,10.6084/m9.figshare.33062150.v3,https://doi.org/10.6084/m9.figshare.33062150.v3
webometrics,2026-09-28T01:22:12+00:00,overall,2026,348,1,Jagiellonian University / Uniwersytet Jagielloński,https://ror.org/03bqmcz70,Poland,PL,pl,EU,uj.edu.pl,11,July,top-per-country,10.6084/m9.figshare.33062150.v3,https://doi.org/10.6084/m9.figshare.33062150.v3
webometrics,2026-09-28T01:22:12+00:00,overall,2026,348,12,Politecnico di Torino,https://ror.org/00bgk9508,Italy,IT,it,EU,polito.it,11,July,top-per-country,10.6084/m9.figshare.33062150.v3,https://doi.org/10.6084/m9.figshare.33062150.v3
webometrics,2026-09-28T01:22:12+00:00,overall,2026,351,1,University of Tehran,https://ror.org/05vf56z40,Iran,IR,ir,AS,ut.ac.ir,11,July,top-per-country,10.6084/m9.figshare.33062150.v3,https://doi.org/10.6084/m9.figshare.33062150.v3
webometrics,2026-09-28T01:22:12+00:00,overall,2026,352,9,Umea University / Umeå Universitet,https://ror.org/05kb8h459,Sweden,SE,se,EU,umu.se,11,July,top-per-country,10.6084/m9.figshare.33062150.v3,https://doi.org/10.6084/m9.figshare.33062150.v3
webometrics,2026-09-28T01:22:12+00:00,overall,2026,355,3,Universidade Nova de Lisboa,https://ror.org/02xankh89,Portugal,PT,pt,EU,unl.pt,11,July,top-per-country,10.6084/m9.figshare.33062150.v3,https://doi.org/10.6084/m9.figshare.33062150.v3
webometrics,2026-09-28T01:22:12+00:00,overall,2026,359,1,University of Belgrade / Универзитет у Београду / Univerzitet u Beogradu,https://ror.org/02qsmb048,Serbia,RS,rs,EU,bg.ac.rs,11,July,top-per-country,10.6084/m9.figshare.33062150.v3,https://doi.org/10.6084/m9.figshare.33062150.v3
webometrics,2026-09-28T01:22:12+00:00,overall,2026,361,3,University of Antwerp / Universiteit Antwerpen,https://ror.org/008x57b05,Belgium,BE,be,EU,uantwerpen.be,11,July,top-per-country,10.6084/m9.figshare.33062150.v3,https://doi.org/10.6084/m9.figshare.33062150.v3
webometrics,2026-09-28T01:22:12+00:00,overall,2026,363,5,Universidade Federal do Rio Grande do Sul UFRGS,https://ror.org/041yk2d64,Brazil,BR,br,IBC,ufrgs.br,11,July,top-per-country,10.6084/m9.figshare.33062150.v3,https://doi.org/10.6084/m9.figshare.33062150.v3
webometrics,2026-09-28T01:22:12+00:00,overall,2026,367,2,Medizinische Universität Wien,https://ror.org/05n3x4p02,Austria,AT,at,EU,meduniwien.ac.at,11,July,top-per-country,10.6084/m9.figshare.33062150.v3,https://doi.org/10.6084/m9.figshare.33062150.v3
webometrics,2026-09-28T01:22:12+00:00,overall,2026,367,3,Technion Israel Institute of Technology,https://ror.org/03qryx823,Israel,IL,il,EU,technion.ac.il,11,July,top-per-country,10.6084/m9.figshare.33062150.v3,https://doi.org/10.6084/m9.figshare.33062150.v3
webometrics,2026-09-28T01:22:12+00:00,overall,2026,372,2,University of Otago,https://ror.org/01jmxt844,New Zealand,NZ,nz,AU,otago.ac.nz,11,July,top-per-country,10.6084/m9.figshare.33062150.v3,https://doi.org/10.6084/m9.figshare.33062150.v3
webometrics,2026-09-28T01:22:12+00:00,overall,2026,374,8,Université de Montpellier,https://ror.org/051escj72,France,FR,fr,EU,umontpellier.fr,11,July,top-per-country,10.6084/m9.figshare.33062150.v3,https://doi.org/10.6084/m9.figshare.33062150.v3
webometrics,2026-09-28T01:22:12+00:00,overall,2026,375,4,Université Catholique de Louvain,https://ror.org/02495e989,Belgium,BE,be,EU,uclouvain.be,11,July,top-per-country,10.6084/m9.figshare.33062150.v3,https://doi.org/10.6084/m9.figshare.33062150.v3
webometrics,2026-09-28T01:22:12+00:00,overall,2026,376,2,University of Warsaw / Uniwersytet Warszawski,https://ror.org/039bjqg32,Poland,PL,pl,EU,uw.edu.pl,11,July,top-per-country,10.6084/m9.figshare.33062150.v3,https://doi.org/10.6084/m9.figshare.33062150.v3
webometrics,2026-09-28T01:22:12+00:00,overall,2026,376,3,Universität Innsbruck,https://ror.org/054pv6659,Austria,AT,at,EU,uibk.ac.at,11,July,top-per-country,10.6084/m9.figshare.33062150.v3,https://doi.org/10.6084/m9.figshare.33062150.v3
webometrics,2026-09-28T01:22:12+00:00,overall,2026,378,13,Università degli Studi di Milano Bicocca,https://ror.org/01ynf4891,Italy,IT,it,EU,unimib.it,11,July,top-per-country,10.6084/m9.figshare.33062150.v3,https://doi.org/10.6084/m9.figshare.33062150.v3
webometrics,2026-09-28T01:22:12+00:00,overall,2026,379,3,University of Oulu / Oulun yliopisto,https://ror.org/03yj89h83,Finland,FI,fi,EU,oulu.fi,11,July,top-per-country,10.6084/m9.figshare.33062150.v3,https://doi.org/10.6084/m9.figshare.33062150.v3
webometrics,2026-09-28T01:22:12+00:00,overall,2026,380,4,University of Turku / Turun yliopisto,https://ror.org/05vghhr25,Finland,FI,fi,EU,utu.fi,11,July,top-per-country,10.6084/m9.figshare.33062150.v3,https://doi.org/10.6084/m9.figshare.33062150.v3
webometrics,2026-09-28T01:22:12+00:00,overall,2026,384,9,Université de Strasbourg,https://ror.org/00pg6eq24,France,FR,fr,EU,unistra.fr,11,July,top-per-country,10.6084/m9.figshare.33062150.v3,https://doi.org/10.6084/m9.figshare.33062150.v3
webometrics,2026-09-28T01:22:12+00:00,overall,2026,385,3,University College Cork,https://ror.org/03265fv13,Ireland,IE,ie,EU,ucc.ie,11,July,top-per-country,10.6084/m9.figshare.33062150.v3,https://doi.org/10.6084/m9.figshare.33062150.v3
webometrics,2026-09-28T01:22:12+00:00,overall,2026,389,5,Hanyang University / 한양대학교,https://ror.org/046865y68,South Korea,KR,kr,AS,hanyang.ac.kr,11,July,top-per-country,10.6084/m9.figshare.33062150.v3,https://doi.org/10.6084/m9.figshare.33062150.v3
webometrics,2026-09-28T01:22:12+00:00,overall,2026,392,10,Université de Bordeaux,https://ror.org/057qpr032,France,FR,fr,EU,u-bordeaux.fr,11,July,top-per-country,10.6084/m9.figshare.33062150.v3,https://doi.org/10.6084/m9.figshare.33062150.v3
webometrics,2026-09-28T01:22:12+00:00,overall,2026,394,1,Universidad de Buenos Aires,https://ror.org/0081fs513,Argentina,AR,ar,IBC,uba.ar,11,July,top-per-country,10.6084/m9.figshare.33062150.v3,https://doi.org/10.6084/m9.figshare.33062150.v3
webometrics,2026-09-28T01:22:12+00:00,overall,2026,394,14,Università Cattolica del Sacro Cuore,https://ror.org/03h7r5v07,Italy,IT,it,EU,unicatt.it,11,July,top-per-country,10.6084/m9.figshare.33062150.v3,https://doi.org/10.6084/m9.figshare.33062150.v3
webometrics,2026-09-28T01:22:12+00:00,overall,2026,396,2,University of the Witwatersrand,https://ror.org/03rp50x72,South Africa,ZA,za,AF,wits.ac.za,12,July,top-per-country,10.6084/m9.figshare.33062150.v3,https://doi.org/10.6084/m9.figshare.33062150.v3
webometrics,2026-09-28T01:22:12+00:00,overall,2026,399,6,Universidade Estadual Paulista Júlio de Mesquita Filho,https://ror.org/00987cb86,Brazil,BR,br,IBC,unesp.br,12,July,top-per-country,10.6084/m9.figshare.33062150.v3,https://doi.org/10.6084/m9.figshare.33062150.v3
webometrics,2026-09-28T01:22:12+00:00,overall,2026,402,2,Masaryk University in Brno / Masarykova Univerzita v Brně MU,https://ror.org/02j46qs45,Czechia,CZ,cz,EU,muni.cz,12,July,top-per-country,10.6084/m9.figshare.33062150.v3,https://doi.org/10.6084/m9.figshare.33062150.v3
webometrics,2026-09-28T01:22:12+00:00,overall,2026,406,2,King Abdullah University of Science & Technology,https://ror.org/01q3tbs38,Saudi Arabia,SA,sa,AW,kaust.edu.sa,12,July,top-per-country,10.6084/m9.figshare.33062150.v3,https://doi.org/10.6084/m9.figshare.33062150.v3
webometrics,2026-09-28T01:22:12+00:00,overall,2026,409,15,Università degli Studi di Trento,https://ror.org/05trd4x28,Italy,IT,it,EU,unitn.it,12,July,top-per-country,10.6084/m9.figshare.33062150.v3,https://doi.org/10.6084/m9.figshare.33062150.v3
webometrics,2026-09-28T01:22:12+00:00,overall,2026,411,3,King Abdulaziz University,https://ror.org/02ma4wv74,Saudi Arabia,SA,sa,AW,kau.edu.sa,12,July,top-per-country,10.6084/m9.figshare.33062150.v3,https://doi.org/10.6084/m9.figshare.33062150.v3
webometrics,2026-09-28T01:22:12+00:00,overall,2026,413,5,Université de Liège,https://ror.org/00afp2z80,Belgium,BE,be,EU,uliege.be,12,July,top-per-country,10.6084/m9.figshare.33062150.v3,https://doi.org/10.6084/m9.figshare.33062150.v3
webometrics,2026-09-28T01:22:12+00:00,overall,2026,414,2,Universiti Sains Malaysia,https://ror.org/02rgb2k63,Malaysia,MY,my,AS,usm.my,12,July,top-per-country,10.6084/m9.figshare.33062150.v3,https://doi.org/10.6084/m9.figshare.33062150.v3
webometrics,2026-09-28T01:22:12+00:00,overall,2026,417,1,Cairo University,https://ror.org/03q21mh05,Egypt,EG,eg,AW,cu.edu.eg,12,July,top-per-country,10.6084/m9.figshare.33062150.v3,https://doi.org/10.6084/m9.figshare.33062150.v3
webometrics,2026-09-28T01:22:12+00:00,overall,2026,417,4,Universidade do Minho,https://ror.org/037wpkx04,Portugal,PT,pt,EU,uminho.pt,12,July,top-per-country,10.6084/m9.figshare.33062150.v3,https://doi.org/10.6084/m9.figshare.33062150.v3
webometrics,2026-09-28T01:22:12+00:00,overall,2026,422,9,University of Tsukuba / 筑波大学,https://ror.org/02956yf07,Japan,JP,jp,AS,tsukuba.ac.jp,12,July,top-per-country,10.6084/m9.figshare.33062150.v3,https://doi.org/10.6084/m9.figshare.33062150.v3
webometrics,2026-09-28T01:22:12+00:00,overall,2026,422,11,Université de Lorraine,https://ror.org/04vfs2w97,France,FR,fr,EU,univ-lorraine.fr,12,July,top-per-country,10.6084/m9.figshare.33062150.v3,https://doi.org/10.6084/m9.figshare.33062150.v3
webometrics,2026-09-28T01:22:12+00:00,overall,2026,424,13,Universidad de Zaragoza,https://ror.org/012a91z28,Spain,ES,es,EU,unizar.es,12,July,top-per-country,10.6084/m9.figshare.33062150.v3,https://doi.org/10.6084/m9.figshare.33062150.v3
webometrics,2026-09-28T01:22:12+00:00,overall,2026,426,2,Pontificia Universidad Católica de Chile,https://ror.org/04teye511,Chile,CL,cl,IBC,uc.cl,12,July,top-per-country,10.6084/m9.figshare.33062150.v3,https://doi.org/10.6084/m9.figshare.33062150.v3
webometrics,2026-09-28T01:22:12+00:00,overall,2026,427,2,National Cheng Kung University,https://ror.org/01b8kcc49,Taiwan,TW,tw,AS,ncku.edu.tw,12,July,top-per-country,10.6084/m9.figshare.33062150.v3,https://doi.org/10.6084/m9.figshare.33062150.v3
webometrics,2026-09-28T01:22:12+00:00,overall,2026,435,4,Weizmann Institute of Science,https://ror.org/0316ej306,Israel,IL,il,EU,weizmann.ac.il,12,July,top-per-country,10.6084/m9.figshare.33062150.v3,https://doi.org/10.6084/m9.figshare.33062150.v3
webometrics,2026-09-28T01:22:12+00:00,overall,2026,442,1,Eötvös Loránd University Budapest / Eötvös Loránd Tudományegyetem ELTE,https://ror.org/01jsq2704,Hungary,HU,hu,EU,elte.hu,12,July,top-per-country,10.6084/m9.figshare.33062150.v3,https://doi.org/10.6084/m9.figshare.33062150.v3
webometrics,2026-09-28T01:22:12+00:00,overall,2026,444,1,University of Zagreb,https://ror.org/00mv6sv71,Croatia,HR,hr,EU,unizg.hr,12,July,top-per-country,10.6084/m9.figshare.33062150.v3,https://doi.org/10.6084/m9.figshare.33062150.v3
webometrics,2026-09-28T01:22:12+00:00,overall,2026,445,12,Université de Lille,https://ror.org/02kzqn938,France,FR,fr,EU,univ-lille.fr,12,July,top-per-country,10.6084/m9.figshare.33062150.v3,https://doi.org/10.6084/m9.figshare.33062150.v3
webometrics,2026-09-28T01:22:12+00:00,overall,2026,448,2,National Research University Higher School of Economics / Национальный исследовательский университет Высшая школа экономики,https://ror.org/055f7t516,Russia,RU,ru,EU,hse.ru,12,July,top-per-country,10.6084/m9.figshare.33062150.v3,https://doi.org/10.6084/m9.figshare.33062150.v3
webometrics,2026-09-28T01:22:12+00:00,overall,2026,448,3,Universiti Kebangsaan Malaysia / National University of Malaysia,https://ror.org/00bw8d226,Malaysia,MY,my,AS,ukm.my,12,July,top-per-country,10.6084/m9.figshare.33062150.v3,https://doi.org/10.6084/m9.figshare.33062150.v3
webometrics,2026-09-28T01:22:12+00:00,overall,2026,451,14,Universidad de Salamanca,https://ror.org/02f40zc51,Spain,ES,es,EU,usal.es,12,July,top-per-country,10.6084/m9.figshare.33062150.v3,https://doi.org/10.6084/m9.figshare.33062150.v3
webometrics,2026-09-28T01:22:12+00:00,overall,2026,457,1,Universitas Indonesia,https://ror.org/0116zj450,Indonesia,ID,id,AS,ui.ac.id,12,July,top-per-country,10.6084/m9.figshare.33062150.v3,https://doi.org/10.6084/m9.figshare.33062150.v3
webometrics,2026-09-28T01:22:12+00:00,overall,2026,458,7,Universidade Federal de Santa Catarina UFSC,https://ror.org/041akq887,Brazil,BR,br,IBC,ufsc.br,12,July,top-per-country,10.6084/m9.figshare.33062150.v3,https://doi.org/10.6084/m9.figshare.33062150.v3
webometrics,2026-09-28T01:22:12+00:00,overall,2026,460,6,Kyung Hee University / 경희대학교,https://ror.org/01zqcg218,South Korea,KR,kr,AS,khu.ac.kr,12,July,top-per-country,10.6084/m9.figshare.33062150.v3,https://doi.org/10.6084/m9.figshare.33062150.v3
webometrics,2026-09-28T01:22:12+00:00,overall,2026,462,4,Universiti Teknologi Malaysia,https://ror.org/026w31v75,Malaysia,MY,my,AS,utm.my,12,July,top-per-country,10.6084/m9.figshare.33062150.v3,https://doi.org/10.6084/m9.figshare.33062150.v3
webometrics,2026-09-28T01:22:12+00:00,overall,2026,463,4,University of Johannesburg,https://ror.org/04z6c2n17,South Africa,ZA,za,AF,uj.ac.za,12,July,top-per-country,10.6084/m9.figshare.33062150.v3,https://doi.org/10.6084/m9.figshare.33062150.v3
webometrics,2026-09-28T01:22:12+00:00,overall,2026,469,5,Universiti Putra Malaysia,https://ror.org/02e91jd64,Malaysia,MY,my,AS,upm.edu.my,12,July,top-per-country,10.6084/m9.figshare.33062150.v3,https://doi.org/10.6084/m9.figshare.33062150.v3
webometrics,2026-09-28T01:22:12+00:00,overall,2026,470,2,Mahidol University,https://ror.org/01znkr924,Thailand,TH,th,AS,mahidol.ac.th,12,July,top-per-country,10.6084/m9.figshare.33062150.v3,https://doi.org/10.6084/m9.figshare.33062150.v3
webometrics,2026-09-28T01:22:12+00:00,overall,2026,476,10,Hiroshima University / 広島大学,https://ror.org/03t78wx29,Japan,JP,jp,AS,hiroshima-u.ac.jp,12,July,top-per-country,10.6084/m9.figshare.33062150.v3,https://doi.org/10.6084/m9.figshare.33062150.v3
webometrics,2026-09-28T01:22:12+00:00,overall,2026,477,3,National Technical University of Athens,https://ror.org/03cx6bg69,Greece,GR,gr,EU,ntua.gr,12,July,top-per-country,10.6084/m9.figshare.33062150.v3,https://doi.org/10.6084/m9.figshare.33062150.v3
webometrics,2026-09-28T01:22:12+00:00,overall,2026,480,6,Université Libre de Bruxelles,https://ror.org/01r9htc13,Belgium,BE,be,EU,ulb.be,13,July,top-per-country,10.6084/m9.figshare.33062150.v3,https://doi.org/10.6084/m9.figshare.33062150.v3
webometrics,2026-09-28T01:22:12+00:00,overall,2026,487,2,Tehran University of Medical Sciences,https://ror.org/01c4pz451,Iran,IR,ir,AS,tums.ac.ir,13,July,top-per-country,10.6084/m9.figshare.33062150.v3,https://doi.org/10.6084/m9.figshare.33062150.v3
webometrics,2026-09-28T01:22:12+00:00,overall,2026,489,5,Ben Gurion University of the Negev,https://ror.org/05tkyf982,Israel,IL,il,EU,bgu.ac.il,13,July,top-per-country,10.6084/m9.figshare.33062150.v3,https://doi.org/10.6084/m9.figshare.33062150.v3
webometrics,2026-09-28T01:22:12+00:00,overall,2026,494,15,Universitat d'Alacant / Universidad de Alicante,https://ror.org/05t8bcz72,Spain,ES,es,EU,ua.es,13,July,top-per-country,10.6084/m9.figshare.33062150.v3,https://doi.org/10.6084/m9.figshare.33062150.v3
webometrics,2026-09-28T01:22:12+00:00,overall,2026,495,10,Swedish University of Agricultural Sciences / Sveriges Lantbruksuniversitet,https://ror.org/02yy8x990,Sweden,SE,se,EU,slu.se,13,July,top-per-country,10.6084/m9.figshare.33062150.v3,https://doi.org/10.6084/m9.figshare.33062150.v3
webometrics,2026-09-28T01:22:12+00:00,overall,2026,497,5,Universidade de Aveiro,https://ror.org/00nt41z93,Portugal,PT,pt,EU,ua.pt,13,July,top-per-country,10.6084/m9.figshare.33062150.v3,https://doi.org/10.6084/m9.figshare.33062150.v3
webometrics,2026-09-28T01:22:12+00:00,overall,2026,499,4,University of Tromso / Universitetet i Tromsø,https://ror.org/00wge5k78,Norway,NO,no,EU,uit.no,13,July,top-per-country,10.6084/m9.figshare.33062150.v3,https://doi.org/10.6084/m9.figshare.33062150.v3
webometrics,2026-09-28T01:22:12+00:00,overall,2026,504,1,Indian Institute of Technology IIT Kharagpur,https://ror.org/03w5sq511,India,IN,in,AS,iitkgp.ac.in,13,July,top-per-country,10.6084/m9.figshare.33062150.v3,https://doi.org/10.6084/m9.figshare.33062150.v3
webometrics,2026-09-28T01:22:12+00:00,overall,2026,510,3,AGH University of Science & Technology / Akademia Górniczo- Hutnicza Stanisława Staszica w Krakowie,https://ror.org/00bas1c41,Poland,PL,pl,EU,agh.edu.pl,13,July,top-per-country,10.6084/m9.figshare.33062150.v3,https://doi.org/10.6084/m9.figshare.33062150.v3
webometrics,2026-09-28T01:22:12+00:00,overall,2026,512,1,University of Macau,https://ror.org/01r4q9n85,Macao SAR China,MO,mo,AS,um.edu.mo,13,July,top-per-country,10.6084/m9.figshare.33062150.v3,https://doi.org/10.6084/m9.figshare.33062150.v3
webometrics,2026-09-28T01:22:12+00:00,overall,2026,513,5,Tampere University (TUT+UoT) / Tampereen korkeakouluyhteisö,https://ror.org/033003e23,Finland,FI,fi,EU,tuni.fi,13,July,top-per-country,10.6084/m9.figshare.33062150.v3,https://doi.org/10.6084/m9.figshare.33062150.v3
webometrics,2026-09-28T01:22:12+00:00,overall,2026,513,7,Pohang University of Science & Technology / 포항공과대학교,https://ror.org/04xysgw12,South Korea,KR,kr,AS,postech.ac.kr,13,July,top-per-country,10.6084/m9.figshare.33062150.v3,https://doi.org/10.6084/m9.figshare.33062150.v3
webometrics,2026-09-28T01:22:12+00:00,overall,2026,515,6,Jyväskylä University / Jyväskylän yliopisto,https://ror.org/05n3dz165,Finland,FI,fi,EU,jyu.fi,13,July,top-per-country,10.6084/m9.figshare.33062150.v3,https://doi.org/10.6084/m9.figshare.33062150.v3
webometrics,2026-09-28T01:22:12+00:00,overall,2026,522,2,VIT University Vellore,https://ror.org/00qzypv28,India,IN,in,AS,vit.ac.in,13,July,top-per-country,10.6084/m9.figshare.33062150.v3,https://doi.org/10.6084/m9.figshare.33062150.v3
webometrics,2026-09-28T01:22:12+00:00,overall,2026,524,11,Waseda University / 早稲田大学,https://ror.org/00ntfnx83,Japan,JP,jp,AS,waseda.jp,13,July,top-per-country,10.6084/m9.figshare.33062150.v3,https://doi.org/10.6084/m9.figshare.33062150.v3
webometrics,2026-09-28T01:22:12+00:00,overall,2026,527,3,Chiang Mai University,https://ror.org/05m2fqn25,Thailand,TH,th,AS,cmu.ac.th,13,July,top-per-country,10.6084/m9.figshare.33062150.v3,https://doi.org/10.6084/m9.figshare.33062150.v3
webometrics,2026-09-28T01:22:12+00:00,overall,2026,529,3,Czech Technical University in Prague / České vysoké učení technické v Praze ČVUT,https://ror.org/03kqpb082,Czechia,CZ,cz,EU,cvut.cz,13,July,top-per-country,10.6084/m9.figshare.33062150.v3,https://doi.org/10.6084/m9.figshare.33062150.v3
webometrics,2026-09-28T01:22:12+00:00,overall,2026,530,4,Technische Universität Wien,https://ror.org/04d836q62,Austria,AT,at,EU,tuwien.at,13,July,top-per-country,10.6084/m9.figshare.33062150.v3,https://doi.org/10.6084/m9.figshare.33062150.v3
webometrics,2026-09-28T01:22:12+00:00,overall,2026,530,13,Université de Nantes,https://ror.org/03gnr7b55,France,FR,fr,EU,univ-nantes.fr,13,July,top-per-country,10.6084/m9.figshare.33062150.v3,https://doi.org/10.6084/m9.figshare.33062150.v3
webometrics,2026-09-28T01:22:12+00:00,overall,2026,535,3,National Tsing Hua University Taiwan / 國立清華大學,https://ror.org/00zdnkx70,Taiwan,TW,tw,AS,nthu.edu.tw,13,July,top-per-country,10.6084/m9.figshare.33062150.v3,https://doi.org/10.6084/m9.figshare.33062150.v3
webometrics,2026-09-28T01:22:12+00:00,overall,2026,541,7,Free University of Brussels / Vrije Universiteit Brussel VUB,https://ror.org/006e5kg04,Belgium,BE,be,EU,vub.be,13,July,top-per-country,10.6084/m9.figshare.33062150.v3,https://doi.org/10.6084/m9.figshare.33062150.v3
webometrics,2026-09-28T01:22:12+00:00,overall,2026,543,3,University of Delhi,https://ror.org/04gzb2213,India,IN,in,AS,du.ac.in,13,July,top-per-country,10.6084/m9.figshare.33062150.v3,https://doi.org/10.6084/m9.figshare.33062150.v3
webometrics,2026-09-28T01:22:12+00:00,overall,2026,548,4,Indian Institute of Technology Delhi,https://ror.org/049tgcd06,India,IN,in,AS,iitd.ac.in,13,July,top-per-country,10.6084/m9.figshare.33062150.v3,https://doi.org/10.6084/m9.figshare.33062150.v3
webometrics,2026-09-28T01:22:12+00:00,overall,2026,554,1,University of Jordan,https://ror.org/05k89ew48,Jordan,JO,jo,AW,ju.edu.jo,13,July,top-per-country,10.6084/m9.figshare.33062150.v3,https://doi.org/10.6084/m9.figshare.33062150.v3
webometrics,2026-09-28T01:22:12+00:00,overall,2026,556,4,University of Galway,https://ror.org/03bea9k73,Ireland,IE,ie,EU,universityofgalway.ie,13,July,top-per-country,10.6084/m9.figshare.33062150.v3,https://doi.org/10.6084/m9.figshare.33062150.v3
webometrics,2026-09-28T01:22:12+00:00,overall,2026,559,2,Tecnológico de Monterrey,https://ror.org/03ayjn504,Mexico,MX,mx,IBC,tec.mx,13,July,top-per-country,10.6084/m9.figshare.33062150.v3,https://doi.org/10.6084/m9.figshare.33062150.v3
webometrics,2026-09-28T01:22:12+00:00,overall,2026,560,12,Kobe University / 神戸大学,https://ror.org/03tgsfw79,Japan,JP,jp,AS,kobe-u.ac.jp,13,July,top-per-country,10.6084/m9.figshare.33062150.v3,https://doi.org/10.6084/m9.figshare.33062150.v3
webometrics,2026-09-28T01:22:12+00:00,overall,2026,562,3,University of Canterbury,https://ror.org/03y7q9t39,New Zealand,NZ,nz,AU,canterbury.ac.nz,13,July,top-per-country,10.6084/m9.figshare.33062150.v3,https://doi.org/10.6084/m9.figshare.33062150.v3
webometrics,2026-09-28T01:22:12+00:00,overall,2026,562,5,Indian Institute of Technology IIT Madras,https://ror.org/03v0r5n49,India,IN,in,AS,iitm.ac.in,13,July,top-per-country,10.6084/m9.figshare.33062150.v3,https://doi.org/10.6084/m9.figshare.33062150.v3
webometrics,2026-09-28T01:22:12+00:00,overall,2026,565,4,Massey University,https://ror.org/052czxv31,New Zealand,NZ,nz,AU,massey.ac.nz,13,July,top-per-country,10.6084/m9.figshare.33062150.v3,https://doi.org/10.6084/m9.figshare.33062150.v3
webometrics,2026-09-28T01:22:12+00:00,overall,2026,565,6,Indian Institute of Technology Bombay,https://ror.org/02qyf5152,India,IN,in,AS,iitb.ac.in,13,July,top-per-country,10.6084/m9.figshare.33062150.v3,https://doi.org/10.6084/m9.figshare.33062150.v3
webometrics,2026-09-28T01:22:12+00:00,overall,2026,567,1,Université du Luxembourg,https://ror.org/036x5ad56,Luxembourg,LU,lu,EU,uni.lu,14,July,top-per-country,10.6084/m9.figshare.33062150.v3,https://doi.org/10.6084/m9.figshare.33062150.v3
webometrics,2026-09-28T01:22:12+00:00,overall,2026,569,5,Technische Universität Graz,https://ror.org/00d7xrm67,Austria,AT,at,EU,tugraz.at,14,July,top-per-country,10.6084/m9.figshare.33062150.v3,https://doi.org/10.6084/m9.figshare.33062150.v3
webometrics,2026-09-28T01:22:12+00:00,overall,2026,577,7,University of Eastern Finland / Itä-Suomen yliopisto,https://ror.org/00cyydd11,Finland,FI,fi,EU,uef.fi,14,July,top-per-country,10.6084/m9.figshare.33062150.v3,https://doi.org/10.6084/m9.figshare.33062150.v3
webometrics,2026-09-28T01:22:12+00:00,overall,2026,579,8,Universidade de Brasília UNB,https://ror.org/02xfp8v59,Brazil,BR,br,IBC,unb.br,14,July,top-per-country,10.6084/m9.figshare.33062150.v3,https://doi.org/10.6084/m9.figshare.33062150.v3
webometrics,2026-09-28T01:22:12+00:00,overall,2026,580,2,Istanbul Technical University / İstanbul Teknik Üniversitesi,https://ror.org/059636586,Türkiye,TR,tr,EU,itu.edu.tr,14,July,top-per-country,10.6084/m9.figshare.33062150.v3,https://doi.org/10.6084/m9.figshare.33062150.v3
webometrics,2026-09-28T01:22:12+00:00,overall,2026,580,4,King Fahd University of Petroleum & Minerals,https://ror.org/03yez3163,Saudi Arabia,SA,sa,AW,kfupm.edu.sa,14,July,top-per-country,10.6084/m9.figshare.33062150.v3,https://doi.org/10.6084/m9.figshare.33062150.v3
webometrics,2026-09-28T01:22:12+00:00,overall,2026,585,3,Saint Petersburg State University / Санкт Петербургский государственный университет,https://ror.org/023znxa73,Russia,RU,ru,EU,spbu.ru,14,July,top-per-country,10.6084/m9.figshare.33062150.v3,https://doi.org/10.6084/m9.figshare.33062150.v3
webometrics,2026-09-28T01:22:12+00:00,overall,2026,592,1,Qatar University,https://ror.org/00yhnba62,Qatar,QA,qa,AW,qu.edu.qa,14,July,top-per-country,10.6084/m9.figshare.33062150.v3,https://doi.org/10.6084/m9.figshare.33062150.v3
webometrics,2026-09-28T01:22:12+00:00,overall,2026,593,5,University of Kwazulu Natal,https://ror.org/04qzfn040,South Africa,ZA,za,AF,ukzn.ac.za,14,July,top-per-country,10.6084/m9.figshare.33062150.v3,https://doi.org/10.6084/m9.figshare.33062150.v3
webometrics,2026-09-28T01:22:12+00:00,overall,2026,594,6,Karl Franzens Universität Graz,https://ror.org/01faaaf77,Austria,AT,at,EU,uni-graz.at,14,July,top-per-country,10.6084/m9.figshare.33062150.v3,https://doi.org/10.6084/m9.figshare.33062150.v3
webometrics,2026-09-28T01:22:12+00:00,overall,2026,596,3,Universidad de Concepción,https://ror.org/0460jpj73,Chile,CL,cl,IBC,udec.cl,14,July,top-per-country,10.6084/m9.figshare.33062150.v3,https://doi.org/10.6084/m9.figshare.33062150.v3
webometrics,2026-09-28T01:22:12+00:00,overall,2026,599,5,Dublin City University,https://ror.org/04a1a1e81,Ireland,IE,ie,EU,dcu.ie,14,July,top-per-country,10.6084/m9.figshare.33062150.v3,https://doi.org/10.6084/m9.figshare.33062150.v3
webometrics,2026-09-28T01:22:12+00:00,overall,2026,604,4,National Yang Ming Chiao Tung University,https://ror.org/00se2k293,Taiwan,TW,tw,AS,nycu.edu.tw,14,July,top-per-country,10.6084/m9.figshare.33062150.v3,https://doi.org/10.6084/m9.figshare.33062150.v3
webometrics,2026-09-28T01:22:12+00:00,overall,2026,606,1,Universidad Nacional de Colombia,https://ror.org/059yx9a68,Colombia,CO,co,IBC,unal.edu.co,14,July,top-per-country,10.6084/m9.figshare.33062150.v3,https://doi.org/10.6084/m9.figshare.33062150.v3
webometrics,2026-09-28T01:22:12+00:00,overall,2026,608,2,Universitas Gadjah Mada,https://ror.org/03ke6d638,Indonesia,ID,id,AS,ugm.ac.id,14,July,top-per-country,10.6084/m9.figshare.33062150.v3,https://doi.org/10.6084/m9.figshare.33062150.v3
webometrics,2026-09-28T01:22:12+00:00,overall,2026,609,4,Adam Mickiewicz University Poznan / Uniwersytet Adama Mickiewicza w Poznaniu,https://ror.org/04g6bbq64,Poland,PL,pl,EU,amu.edu.pl,14,July,top-per-country,10.6084/m9.figshare.33062150.v3,https://doi.org/10.6084/m9.figshare.33062150.v3
webometrics,2026-09-28T01:22:12+00:00,overall,2026,612,7,Manipal Academy of Higher Education (formerly Manipal University),https://ror.org/02xzytt36,India,IN,in,AS,manipal.edu,14,July,top-per-country,10.6084/m9.figshare.33062150.v3,https://doi.org/10.6084/m9.figshare.33062150.v3
webometrics,2026-09-28T01:22:12+00:00,overall,2026,621,8,Amity University,https://ror.org/02n9z0v62,India,IN,in,AS,amity.edu,14,July,top-per-country,10.6084/m9.figshare.33062150.v3,https://doi.org/10.6084/m9.figshare.33062150.v3
webometrics,2026-09-28T01:22:12+00:00,overall,2026,622,14,École Centrale de Lyon / Centrale Lyon,https://ror.org/05s6rge65,France,FR,fr,EU,ec-lyon.fr,14,July,top-per-country,10.6084/m9.figshare.33062150.v3,https://doi.org/10.6084/m9.figshare.33062150.v3
webometrics,2026-09-28T01:22:12+00:00,overall,2026,624,4,University of Patras (incl University of Western Greece),https://ror.org/017wvtq80,Greece,GR,gr,EU,upatras.gr,14,July,top-per-country,10.6084/m9.figshare.33062150.v3,https://doi.org/10.6084/m9.figshare.33062150.v3
webometrics,2026-09-28T01:22:12+00:00,overall,2026,626,3,Middle East Technical University / Orta Doğu Teknik Üniversitesi,https://ror.org/014weej12,Türkiye,TR,tr,EU,metu.edu.tr,14,July,top-per-country,10.6084/m9.figshare.33062150.v3,https://doi.org/10.6084/m9.figshare.33062150.v3
webometrics,2026-09-28T01:22:12+00:00,overall,2026,626,5,China Medical University Taiwan / 中國醫藥大學全,https://ror.org/00v408z34,Taiwan,TW,tw,AS,cmu.edu.tw,14,July,top-per-country,10.6084/m9.figshare.33062150.v3,https://doi.org/10.6084/m9.figshare.33062150.v3
webometrics,2026-09-28T01:22:12+00:00,overall,2026,631,9,Universidade Federal do Paraná,https://ror.org/05syd6y78,Brazil,BR,br,IBC,ufpr.br,14,July,top-per-country,10.6084/m9.figshare.33062150.v3,https://doi.org/10.6084/m9.figshare.33062150.v3
webometrics,2026-09-28T01:22:12+00:00,overall,2026,634,6,University of Limerick,https://ror.org/00a0n9e72,Ireland,IE,ie,EU,ul.ie,14,July,top-per-country,10.6084/m9.figshare.33062150.v3,https://doi.org/10.6084/m9.figshare.33062150.v3
webometrics,2026-09-28T01:22:12+00:00,overall,2026,640,9,Indian Institute of Science Bangalore,https://ror.org/04dese585,India,IN,in,AS,iisc.ac.in,14,July,top-per-country,10.6084/m9.figshare.33062150.v3,https://doi.org/10.6084/m9.figshare.33062150.v3
webometrics,2026-09-28T01:22:12+00:00,overall,2026,642,15,Université de Toulouse III / Université Toulouse Paul Sabatier (Université Fédérale Toulouse Midi-Pyrénées),https://ror.org/02v6kpv12,France,FR,fr,EU,univ-tlse3.fr,14,July,top-per-country,10.6084/m9.figshare.33062150.v3,https://doi.org/10.6084/m9.figshare.33062150.v3
webometrics,2026-09-28T01:22:12+00:00,overall,2026,648,8,Chung Ang University / 중앙대학교,https://ror.org/01r024a98,South Korea,KR,kr,AS,cau.ac.kr,14,July,top-per-country,10.6084/m9.figshare.33062150.v3,https://doi.org/10.6084/m9.figshare.33062150.v3
webometrics,2026-09-28T01:22:12+00:00,overall,2026,648,9,Pusan National University (Miryang) / 부산대학교,https://ror.org/01an57a31,South Korea,KR,kr,AS,pusan.ac.kr,14,July,top-per-country,10.6084/m9.figshare.33062150.v3,https://doi.org/10.6084/m9.figshare.33062150.v3
webometrics,2026-09-28T01:22:12+00:00,overall,2026,651,4,Palacký University of Olomouc / Univerzita Palackého v Olomouci UP,https://ror.org/04qxnmv42,Czechia,CZ,cz,EU,upol.cz,15,July,top-per-country,10.6084/m9.figshare.33062150.v3,https://doi.org/10.6084/m9.figshare.33062150.v3
webometrics,2026-09-28T01:22:12+00:00,overall,2026,653,7,Johannes Kepler Universität Linz,https://ror.org/052r2xn60,Austria,AT,at,EU,jku.at,15,July,top-per-country,10.6084/m9.figshare.33062150.v3,https://doi.org/10.6084/m9.figshare.33062150.v3
webometrics,2026-09-28T01:22:12+00:00,overall,2026,656,6,University of Haifa,https://ror.org/02f009v59,Israel,IL,il,EU,haifa.ac.il,15,July,top-per-country,10.6084/m9.figshare.33062150.v3,https://doi.org/10.6084/m9.figshare.33062150.v3
webometrics,2026-09-28T01:22:12+00:00,overall,2026,658,7,Bar Ilan University,https://ror.org/03kgsv495,Israel,IL,il,EU,biu.ac.il,15,July,top-per-country,10.6084/m9.figshare.33062150.v3,https://doi.org/10.6084/m9.figshare.33062150.v3
webometrics,2026-09-28T01:22:12+00:00,overall,2026,664,10,Universidade Federal de São Paulo UNIFESP,https://ror.org/02k5swt12,Brazil,BR,br,IBC,unifesp.br,15,July,top-per-country,10.6084/m9.figshare.33062150.v3,https://doi.org/10.6084/m9.figshare.33062150.v3
webometrics,2026-09-28T01:22:12+00:00,overall,2026,666,4,Ankara University,https://ror.org/01wntqw50,Türkiye,TR,tr,EU,ankara.edu.tr,15,July,top-per-country,10.6084/m9.figshare.33062150.v3,https://doi.org/10.6084/m9.figshare.33062150.v3
webometrics,2026-09-28T01:22:12+00:00,overall,2026,666,5,Victoria University of Wellington,https://ror.org/0040r6f76,New Zealand,NZ,nz,AU,wgtn.ac.nz,15,July,top-per-country,10.6084/m9.figshare.33062150.v3,https://doi.org/10.6084/m9.figshare.33062150.v3
webometrics,2026-09-28T01:22:12+00:00,overall,2026,669,5,Nicolaus Copernicus University / Uniwersytet Mikołaja Kopernika w Toruniu,https://ror.org/0102mm775,Poland,PL,pl,EU,umk.pl,15,July,top-per-country,10.6084/m9.figshare.33062150.v3,https://doi.org/10.6084/m9.figshare.33062150.v3
webometrics,2026-09-28T01:22:12+00:00,overall,2026,669,10,Indian Institute of Technology IIT Kanpur,https://ror.org/05pjsgx75,India,IN,in,AS,iitk.ac.in,15,July,top-per-country,10.6084/m9.figshare.33062150.v3,https://doi.org/10.6084/m9.figshare.33062150.v3
webometrics,2026-09-28T01:22:12+00:00,overall,2026,675,8,Université de Fribourg / Universität Freiburg,https://ror.org/022fs9h90,Switzerland,CH,ch,EU,unifr.ch,15,July,top-per-country,10.6084/m9.figshare.33062150.v3,https://doi.org/10.6084/m9.figshare.33062150.v3
webometrics,2026-09-28T01:22:12+00:00,overall,2026,678,1,United Arab Emirates University,https://ror.org/01km6p862,United Arab Emirates,AE,ae,AW,uaeu.ac.ae,15,July,top-per-country,10.6084/m9.figshare.33062150.v3,https://doi.org/10.6084/m9.figshare.33062150.v3
webometrics,2026-09-28T01:22:12+00:00,overall,2026,680,1,University of Iceland / Háskóli Íslands,https://ror.org/01db6h964,Iceland,IS,is,EU,hi.is,15,July,top-per-country,10.6084/m9.figshare.33062150.v3,https://doi.org/10.6084/m9.figshare.33062150.v3
webometrics,2026-09-28T01:22:12+00:00,overall,2026,680,5,King Khalid University,https://ror.org/052kwzs30,Saudi Arabia,SA,sa,AW,kku.edu.sa,15,July,top-per-country,10.6084/m9.figshare.33062150.v3,https://doi.org/10.6084/m9.figshare.33062150.v3
webometrics,2026-09-28T01:22:12+00:00,overall,2026,680,10,Kyungpook (Kyungbook) National University / 경북대학교,https://ror.org/040c17130,South Korea,KR,kr,AS,knu.ac.kr,15,July,top-per-country,10.6084/m9.figshare.33062150.v3,https://doi.org/10.6084/m9.figshare.33062150.v3
webometrics,2026-09-28T01:22:12+00:00,overall,2026,693,3,Shahid Beheshti University of Medical Sciences,https://ror.org/034m2b326,Iran,IR,ir,AS,sbmu.ac.ir,15,July,top-per-country,10.6084/m9.figshare.33062150.v3,https://doi.org/10.6084/m9.figshare.33062150.v3
webometrics,2026-09-28T01:22:12+00:00,overall,2026,693,6,Warsaw University of Technology / Politechnika Warszawska,https://ror.org/00y0xnp53,Poland,PL,pl,EU,pw.edu.pl,15,July,top-per-country,10.6084/m9.figshare.33062150.v3,https://doi.org/10.6084/m9.figshare.33062150.v3
webometrics,2026-09-28T01:22:12+00:00,overall,2026,696,11,Universidade Federal da Bahia,https://ror.org/03k3p7647,Brazil,BR,br,IBC,ufba.br,15,July,top-per-country,10.6084/m9.figshare.33062150.v3,https://doi.org/10.6084/m9.figshare.33062150.v3
webometrics,2026-09-28T01:22:12+00:00,overall,2026,699,13,Tilburg University,https://ror.org/04b8v1s79,Netherlands,NL,nl,EU,tilburguniversity.edu,15,July,top-per-country,10.6084/m9.figshare.33062150.v3,https://doi.org/10.6084/m9.figshare.33062150.v3
webometrics,2026-09-28T01:22:12+00:00,overall,2026,702,2,Alexandria University,https://ror.org/00mzz1w90,Egypt,EG,eg,AW,alexu.edu.eg,15,July,top-per-country,10.6084/m9.figshare.33062150.v3,https://doi.org/10.6084/m9.figshare.33062150.v3
webometrics,2026-09-28T01:22:12+00:00,overall,2026,707,4,Ural Federal University / Уральский федеральный университет,https://ror.org/00hs7dr46,Russia,RU,ru,EU,urfu.ru,15,July,top-per-country,10.6084/m9.figshare.33062150.v3,https://doi.org/10.6084/m9.figshare.33062150.v3
webometrics,2026-09-28T01:22:12+00:00,overall,2026,709,1,Vilnius University / Vilniaus universitetas,https://ror.org/03nadee84,Lithuania,LT,lt,EU,vu.lt,15,July,top-per-country,10.6084/m9.figshare.33062150.v3,https://doi.org/10.6084/m9.figshare.33062150.v3
webometrics,2026-09-28T01:22:12+00:00,overall,2026,709,3,Universitas Airlangga,https://ror.org/04ctejd88,Indonesia,ID,id,AS,unair.ac.id,15,July,top-per-country,10.6084/m9.figshare.33062150.v3,https://doi.org/10.6084/m9.figshare.33062150.v3
webometrics,2026-09-28T01:22:12+00:00,overall,2026,718,8,Universität fur Bodenkultur Wien,https://ror.org/057ff4y42,Austria,AT,at,EU,boku.ac.at,15,July,top-per-country,10.6084/m9.figshare.33062150.v3,https://doi.org/10.6084/m9.figshare.33062150.v3
webometrics,2026-09-28T01:22:12+00:00,overall,2026,720,5,University of Thessaly,https://ror.org/04v4g9h31,Greece,GR,gr,EU,uth.gr,15,July,top-per-country,10.6084/m9.figshare.33062150.v3,https://doi.org/10.6084/m9.figshare.33062150.v3
webometrics,2026-09-28T01:22:12+00:00,overall,2026,722,13,Universidade Federal de São Carlos,https://ror.org/00qdc6m37,Brazil,BR,br,IBC,ufscar.br,15,July,top-per-country,10.6084/m9.figshare.33062150.v3,https://doi.org/10.6084/m9.figshare.33062150.v3
webometrics,2026-09-28T01:22:12+00:00,overall,2026,724,7,Silesian University of Technology in Gliwice / Politechnika Śląska w Gliwicach,https://ror.org/02dyjk442,Poland,PL,pl,EU,polsl.pl,15,July,top-per-country,10.6084/m9.figshare.33062150.v3,https://doi.org/10.6084/m9.figshare.33062150.v3
webometrics,2026-09-28T01:22:12+00:00,overall,2026,724,14,Universidade Federal do Rio Grande do Norte,https://ror.org/04wn09761,Brazil,BR,br,IBC,ufrn.br,15,July,top-per-country,10.6084/m9.figshare.33062150.v3,https://doi.org/10.6084/m9.figshare.33062150.v3
webometrics,2026-09-28T01:22:12+00:00,overall,2026,727,11,Yeungnam University / 영남대학교,https://ror.org/05yc6p159,South Korea,KR,kr,AS,yu.ac.kr,15,July,top-per-country,10.6084/m9.figshare.33062150.v3,https://doi.org/10.6084/m9.figshare.33062150.v3
webometrics,2026-09-28T01:22:12+00:00,overall,2026,729,2,Budapest University of Technology and Economics / Budapesti Műszaki és Gazdaságtudományi Egyetem BME,https://ror.org/02w42ss30,Hungary,HU,hu,EU,bme.hu,15,July,top-per-country,10.6084/m9.figshare.33062150.v3,https://doi.org/10.6084/m9.figshare.33062150.v3
webometrics,2026-09-28T01:22:12+00:00,overall,2026,731,3,University of Szeged / Szegedi Tudományegyetem SZTE,https://ror.org/01pnej532,Hungary,HU,hu,EU,u-szeged.hu,16,July,top-per-country,10.6084/m9.figshare.33062150.v3,https://doi.org/10.6084/m9.figshare.33062150.v3
webometrics,2026-09-28T01:22:12+00:00,overall,2026,736,11,SRM Institute of Science and Technology,https://ror.org/050113w36,India,IN,in,AS,srmist.edu.in,16,July,top-per-country,10.6084/m9.figshare.33062150.v3,https://doi.org/10.6084/m9.figshare.33062150.v3
webometrics,2026-09-28T01:22:12+00:00,overall,2026,737,6,University of Waikato,https://ror.org/013fsnh78,New Zealand,NZ,nz,AU,waikato.ac.nz,16,July,top-per-country,10.6084/m9.figshare.33062150.v3,https://doi.org/10.6084/m9.figshare.33062150.v3
webometrics,2026-09-28T01:22:12+00:00,overall,2026,740,12,Indian Institute of Technology IIT Roorkee,https://ror.org/00582g326,India,IN,in,AS,iitr.ac.in,16,July,top-per-country,10.6084/m9.figshare.33062150.v3,https://doi.org/10.6084/m9.figshare.33062150.v3
webometrics,2026-09-28T01:22:12+00:00,overall,2026,742,6,University of Crete,https://ror.org/00dr28g20,Greece,GR,gr,EU,uoc.gr,16,July,top-per-country,10.6084/m9.figshare.33062150.v3,https://doi.org/10.6084/m9.figshare.33062150.v3
webometrics,2026-09-28T01:22:12+00:00,overall,2026,745,6,University of South Africa,https://ror.org/048cwvf49,South Africa,ZA,za,AF,unisa.ac.za,16,July,top-per-country,10.6084/m9.figshare.33062150.v3,https://doi.org/10.6084/m9.figshare.33062150.v3
webometrics,2026-09-28T01:22:12+00:00,overall,2026,746,15,Universidade Federal de Pernambuco,https://ror.org/047908t24,Brazil,BR,br,IBC,ufpe.br,16,July,top-per-country,10.6084/m9.figshare.33062150.v3,https://doi.org/10.6084/m9.figshare.33062150.v3
webometrics,2026-09-28T01:22:12+00:00,overall,2026,748,1,American University of Beirut,https://ror.org/04pznsd21,Lebanon,LB,lb,AW,aub.edu.lb,16,July,top-per-country,10.6084/m9.figshare.33062150.v3,https://doi.org/10.6084/m9.figshare.33062150.v3
webometrics,2026-09-28T01:22:12+00:00,overall,2026,751,1,Comenius University in Bratislava / Univerzita Komenského v Bratislave,https://ror.org/0587ef340,Slovakia,SK,sk,EU,uniba.sk,16,July,top-per-country,10.6084/m9.figshare.33062150.v3,https://doi.org/10.6084/m9.figshare.33062150.v3
webometrics,2026-09-28T01:22:12+00:00,overall,2026,751,2,Khalifa University,https://ror.org/05hffr360,United Arab Emirates,AE,ae,AW,ku.ac.ae,16,July,top-per-country,10.6084/m9.figshare.33062150.v3,https://doi.org/10.6084/m9.figshare.33062150.v3
webometrics,2026-09-28T01:22:12+00:00,overall,2026,753,1,University Babes Bolyai,https://ror.org/02rmd1t30,Romania,RO,ro,EU,ubbcluj.ro,16,July,top-per-country,10.6084/m9.figshare.33062150.v3,https://doi.org/10.6084/m9.figshare.33062150.v3
webometrics,2026-09-28T01:22:12+00:00,overall,2026,755,1,Quaid-i-Azam University Islamabad,https://ror.org/04s9hft57,Pakistan,PK,pk,AS,qau.edu.pk,16,July,top-per-country,10.6084/m9.figshare.33062150.v3,https://doi.org/10.6084/m9.figshare.33062150.v3
webometrics,2026-09-28T01:22:12+00:00,overall,2026,755,12,Sejong University / 세종대학교,https://ror.org/00aft1q37,South Korea,KR,kr,AS,sejong.ac.kr,16,July,top-per-country,10.6084/m9.figshare.33062150.v3,https://doi.org/10.6084/m9.figshare.33062150.v3
webometrics,2026-09-28T01:22:12+00:00,overall,2026,759,2,Lebanese American University,https://ror.org/00hqkan37,Lebanon,LB,lb,AW,lau.edu.lb,16,July,top-per-country,10.6084/m9.figshare.33062150.v3,https://doi.org/10.6084/m9.figshare.33062150.v3
webometrics,2026-09-28T01:22:12+00:00,overall,2026,759,2,COMSATS Institute of Information Technology Islamabad,https://ror.org/00nqqvk19,Pakistan,PK,pk,AS,comsats.edu.pk,16,July,top-per-country,10.6084/m9.figshare.33062150.v3,https://doi.org/10.6084/m9.figshare.33062150.v3
webometrics,2026-09-28T01:22:12+00:00,overall,2026,761,13,Chitkara University,https://ror.org/057d6z539,India,IN,in,AS,chitkara.edu.in,16,July,top-per-country,10.6084/m9.figshare.33062150.v3,https://doi.org/10.6084/m9.figshare.33062150.v3
webometrics,2026-09-28T01:22:12+00:00,overall,2026,769,6,National Taiwan Normal University,https://ror.org/059dkdx38,Taiwan,TW,tw,AS,ntnu.edu.tw,16,July,top-per-country,10.6084/m9.figshare.33062150.v3,https://doi.org/10.6084/m9.figshare.33062150.v3
webometrics,2026-09-28T01:22:12+00:00,overall,2026,771,7,National Sun Yat Sen University / 國立中山大學,https://ror.org/00mjawt10,Taiwan,TW,tw,AS,nsysu.edu.tw,16,July,top-per-country,10.6084/m9.figshare.33062150.v3,https://doi.org/10.6084/m9.figshare.33062150.v3
webometrics,2026-09-28T01:22:12+00:00,overall,2026,774,2,Universidad de los Andes Colombia,https://ror.org/02mhbdp94,Colombia,CO,co,IBC,uniandes.edu.co,16,July,top-per-country,10.6084/m9.figshare.33062150.v3,https://doi.org/10.6084/m9.figshare.33062150.v3
webometrics,2026-09-28T01:22:12+00:00,overall,2026,774,3,Singapore Management University,https://ror.org/050qmg959,Singapore,SG,sg,AS,smu.edu.sg,16,July,top-per-country,10.6084/m9.figshare.33062150.v3,https://doi.org/10.6084/m9.figshare.33062150.v3
webometrics,2026-09-28T01:22:12+00:00,overall,2026,776,5,Koç University,https://ror.org/00jzwgz36,Türkiye,TR,tr,EU,ku.edu.tr,16,July,top-per-country,10.6084/m9.figshare.33062150.v3,https://doi.org/10.6084/m9.figshare.33062150.v3
webometrics,2026-09-28T01:22:12+00:00,overall,2026,784,5,Peoples' Friendship University of Russia / Росcийский университет дружбы народов,https://ror.org/02dn9h927,Russia,RU,ru,EU,rudn.ru,16,July,top-per-country,10.6084/m9.figshare.33062150.v3,https://doi.org/10.6084/m9.figshare.33062150.v3
webometrics,2026-09-28T01:22:12+00:00,overall,2026,789,4,University of Debrecen / Debreceni Egyetem DE,https://ror.org/02xf66n48,Hungary,HU,hu,EU,unideb.hu,16,July,top-per-country,10.6084/m9.figshare.33062150.v3,https://doi.org/10.6084/m9.figshare.33062150.v3
webometrics,2026-09-28T01:22:12+00:00,overall,2026,793,3,University of Sharjah,https://ror.org/00engpz63,United Arab Emirates,AE,ae,AW,sharjah.ac.ae,16,July,top-per-country,10.6084/m9.figshare.33062150.v3,https://doi.org/10.6084/m9.figshare.33062150.v3
webometrics,2026-09-28T01:22:12+00:00,overall,2026,794,3,Universidad de Guadalajara,https://ror.org/043xj7k26,Mexico,MX,mx,IBC,udg.mx,16,July,top-per-country,10.6084/m9.figshare.33062150.v3,https://doi.org/10.6084/m9.figshare.33062150.v3
webometrics,2026-09-28T01:22:12+00:00,overall,2026,795,7,Auckland University of Technology,https://ror.org/01zvqw119,New Zealand,NZ,nz,AU,aut.ac.nz,16,July,top-per-country,10.6084/m9.figshare.33062150.v3,https://doi.org/10.6084/m9.figshare.33062150.v3
webometrics,2026-09-28T01:22:12+00:00,overall,2026,797,4,Mansoura University,https://ror.org/01k8vtd75,Egypt,EG,eg,AW,mans.edu.eg,16,July,top-per-country,10.6084/m9.figshare.33062150.v3,https://doi.org/10.6084/m9.figshare.33062150.v3
webometrics,2026-09-28T01:22:12+00:00,overall,2026,797,6,Universiti Teknologi MARA / MARA University of Technology,https://ror.org/05n8tts92,Malaysia,MY,my,AS,uitm.edu.my,16,July,top-per-country,10.6084/m9.figshare.33062150.v3,https://doi.org/10.6084/m9.figshare.33062150.v3
webometrics,2026-09-28T01:22:12+00:00,overall,2026,800,8,National Taiwan University of Science & Technology / 國立臺灣科 技大學,https://ror.org/00q09pe49,Taiwan,TW,tw,AS,ntust.edu.tw,16,July,top-per-country,10.6084/m9.figshare.33062150.v3,https://doi.org/10.6084/m9.figshare.33062150.v3
webometrics,2026-09-28T01:22:12+00:00,overall,2026,800,14,Lovely Professional University,https://ror.org/00et6q107,India,IN,in,AS,lpu.in,16,July,top-per-country,10.6084/m9.figshare.33062150.v3,https://doi.org/10.6084/m9.figshare.33062150.v3
webometrics,2026-09-28T01:22:12+00:00,overall,2026,802,2,Macau University of Science & Technology,https://ror.org/03jqs2n27,Macao SAR China,MO,mo,AS,must.edu.mo,17,July,top-per-country,10.6084/m9.figshare.33062150.v3,https://doi.org/10.6084/m9.figshare.33062150.v3
webometrics,2026-09-28T01:22:12+00:00,overall,2026,802,13,Chiba University / 千葉大学,https://ror.org/01hjzeq58,Japan,JP,jp,AS,chiba-u.ac.jp,17,July,top-per-country,10.6084/m9.figshare.33062150.v3,https://doi.org/10.6084/m9.figshare.33062150.v3
webometrics,2026-09-28T01:22:12+00:00,overall,2026,804,13,Ewha Womens University / 이화여자대학교,https://ror.org/053fp5c05,South Korea,KR,kr,AS,ewha.ac.kr,17,July,top-per-country,10.6084/m9.figshare.33062150.v3,https://doi.org/10.6084/m9.figshare.33062150.v3
webometrics,2026-09-28T01:22:12+00:00,overall,2026,805,15,All India Institute of Medical Sciences AIIMS,https://ror.org/02dwcqs71,India,IN,in,AS,aiims.edu,17,July,top-per-country,10.6084/m9.figshare.33062150.v3,https://doi.org/10.6084/m9.figshare.33062150.v3
webometrics,2026-09-28T01:22:12+00:00,overall,2026,807,3,University of the Punjab,https://ror.org/011maz450,Pakistan,PK,pk,AS,pu.edu.pk,17,July,top-per-country,10.6084/m9.figshare.33062150.v3,https://doi.org/10.6084/m9.figshare.33062150.v3
webometrics,2026-09-28T01:22:12+00:00,overall,2026,808,4,Kasetsart University,https://ror.org/05gzceg21,Thailand,TH,th,AS,ku.ac.th,17,July,top-per-country,10.6084/m9.figshare.33062150.v3,https://doi.org/10.6084/m9.figshare.33062150.v3
webometrics,2026-09-28T01:22:12+00:00,overall,2026,812,4,Universitas Padjadjaran Bandung,https://ror.org/00xqf8t64,Indonesia,ID,id,AS,unpad.ac.id,17,July,top-per-country,10.6084/m9.figshare.33062150.v3,https://doi.org/10.6084/m9.figshare.33062150.v3
webometrics,2026-09-28T01:22:12+00:00,overall,2026,813,1,University of Cyprus,https://ror.org/02qjrjx09,Cyprus,CY,cy,EU,ucy.ac.cy,17,July,top-per-country,10.6084/m9.figshare.33062150.v3,https://doi.org/10.6084/m9.figshare.33062150.v3
webometrics,2026-09-28T01:22:12+00:00,overall,2026,817,5,Khon Kaen University,https://ror.org/03cq4gr50,Thailand,TH,th,AS,kku.ac.th,17,July,top-per-country,10.6084/m9.figshare.33062150.v3,https://doi.org/10.6084/m9.figshare.33062150.v3
webometrics,2026-09-28T01:22:12+00:00,overall,2026,819,2,University of Novi Sad / Универзитет у Новом Саду / Univerzitet u Novom Sadu,https://ror.org/00xa57a59,Serbia,RS,rs,EU,uns.ac.rs,17,July,top-per-country,10.6084/m9.figshare.33062150.v3,https://doi.org/10.6084/m9.figshare.33062150.v3
webometrics,2026-09-28T01:22:12+00:00,overall,2026,824,6,Istanbul University,https://ror.org/03a5qrr21,Türkiye,TR,tr,EU,istanbul.edu.tr,17,July,top-per-country,10.6084/m9.figshare.33062150.v3,https://doi.org/10.6084/m9.figshare.33062150.v3
webometrics,2026-09-28T01:22:12+00:00,overall,2026,835,14,Okayama University / 岡山大学,https://ror.org/02pc6pc55,Japan,JP,jp,AS,okayama-u.ac.jp,17,July,top-per-country,10.6084/m9.figshare.33062150.v3,https://doi.org/10.6084/m9.figshare.33062150.v3
webometrics,2026-09-28T01:22:12+00:00,overall,2026,836,6,Umm Al Qura University,https://ror.org/01xjqrm90,Saudi Arabia,SA,sa,AW,uqu.edu.sa,17,July,top-per-country,10.6084/m9.figshare.33062150.v3,https://doi.org/10.6084/m9.figshare.33062150.v3
webometrics,2026-09-28T01:22:12+00:00,overall,2026,847,5,Semmelweis University Budapest / Semmelweis Egyetem SE,https://ror.org/01g9ty582,Hungary,HU,hu,EU,semmelweis.hu,17,July,top-per-country,10.6084/m9.figshare.33062150.v3,https://doi.org/10.6084/m9.figshare.33062150.v3
webometrics,2026-09-28T01:22:12+00:00,overall,2026,849,4,Tarbiat Modares University,https://ror.org/03mwgfy56,Iran,IR,ir,AS,modares.ac.ir,17,July,top-per-country,10.6084/m9.figshare.33062150.v3,https://doi.org/10.6084/m9.figshare.33062150.v3
webometrics,2026-09-28T01:22:12+00:00,overall,2026,851,4,National University of Sciences & Technology,https://ror.org/03w2j5y17,Pakistan,PK,pk,AS,nust.edu.pk,17,July,top-per-country,10.6084/m9.figshare.33062150.v3,https://doi.org/10.6084/m9.figshare.33062150.v3
webometrics,2026-09-28T01:22:12+00:00,overall,2026,856,15,United Nations University / 国際連合大学,https://ror.org/040aqvh16,Japan,JP,jp,AS,unu.edu,17,July,top-per-country,10.6084/m9.figshare.33062150.v3,https://doi.org/10.6084/m9.figshare.33062150.v3
webometrics,2026-09-28T01:22:12+00:00,overall,2026,858,3,Universidad de Antioquia,https://ror.org/03bp5hc83,Colombia,CO,co,IBC,udea.edu.co,17,July,top-per-country,10.6084/m9.figshare.33062150.v3,https://doi.org/10.6084/m9.figshare.33062150.v3
webometrics,2026-09-28T01:22:12+00:00,overall,2026,858,6,Prince of Songkla University,https://ror.org/0575ycz84,Thailand,TH,th,AS,psu.ac.th,17,July,top-per-country,10.6084/m9.figshare.33062150.v3,https://doi.org/10.6084/m9.figshare.33062150.v3
webometrics,2026-09-28T01:22:12+00:00,overall,2026,863,4,Singapore University of Technology and Design,https://ror.org/05j6fvn87,Singapore,SG,sg,AS,sutd.edu.sg,17,July,top-per-country,10.6084/m9.figshare.33062150.v3,https://doi.org/10.6084/m9.figshare.33062150.v3
webometrics,2026-09-28T01:22:12+00:00,overall,2026,867,7,Princess Nourah Bint Abdulrahman University,https://ror.org/05b0cyh02,Saudi Arabia,SA,sa,AW,pnu.edu.sa,17,July,top-per-country,10.6084/m9.figshare.33062150.v3,https://doi.org/10.6084/m9.figshare.33062150.v3
webometrics,2026-09-28T01:22:12+00:00,overall,2026,867,7,North West University,https://ror.org/010f1sq29,South Africa,ZA,za,AF,nwu.ac.za,17,July,top-per-country,10.6084/m9.figshare.33062150.v3,https://doi.org/10.6084/m9.figshare.33062150.v3
webometrics,2026-09-28T01:22:12+00:00,overall,2026,870,6,Moscow Institute of Physics and Technology / Московский физико-технический институт государственный университет,https://ror.org/00v0z9322,Russia,RU,ru,EU,mipt.ru,17,July,top-per-country,10.6084/m9.figshare.33062150.v3,https://doi.org/10.6084/m9.figshare.33062150.v3
webometrics,2026-09-28T01:22:12+00:00,overall,2026,874,1,University of Malta,https://ror.org/03a62bv60,Malta,MT,mt,EU,um.edu.mt,17,July,top-per-country,10.6084/m9.figshare.33062150.v3,https://doi.org/10.6084/m9.figshare.33062150.v3
webometrics,2026-09-28T01:22:12+00:00,overall,2026,877,5,Iran University of Science & Technology Tehran,https://ror.org/01jw2p796,Iran,IR,ir,AS,iust.ac.ir,17,July,top-per-country,10.6084/m9.figshare.33062150.v3,https://doi.org/10.6084/m9.figshare.33062150.v3
webometrics,2026-09-28T01:22:12+00:00,overall,2026,879,9,National Central University / 國立中央大學,https://ror.org/00944ve71,Taiwan,TW,tw,AS,ncu.edu.tw,17,July,top-per-country,10.6084/m9.figshare.33062150.v3,https://doi.org/10.6084/m9.figshare.33062150.v3
webometrics,2026-09-28T01:22:12+00:00,overall,2026,882,11,Lulea University of Technology / Luleå tekniska Universitet,https://ror.org/016st3p78,Sweden,SE,se,EU,ltu.se,17,July,top-per-country,10.6084/m9.figshare.33062150.v3,https://doi.org/10.6084/m9.figshare.33062150.v3
webometrics,2026-09-28T01:22:12+00:00,overall,2026,883,9,Medizinische Universität Graz,https://ror.org/02n0bts35,Austria,AT,at,EU,medunigraz.at,17,July,top-per-country,10.6084/m9.figshare.33062150.v3,https://doi.org/10.6084/m9.figshare.33062150.v3
webometrics,2026-09-28T01:22:12+00:00,overall,2026,893,1,University of Ghana,https://ror.org/01r22mr83,Ghana,GH,gh,AF,ug.edu.gh,17,July,top-per-country,10.6084/m9.figshare.33062150.v3,https://doi.org/10.6084/m9.figshare.33062150.v3
webometrics,2026-09-28T01:22:12+00:00,overall,2026,902,8,Wrocław University of Science and Technology (Wrocław University of Technology) / Wrocław University of Science and Technology (Politechnika Wrocławska),https://ror.org/008fyn775,Poland,PL,pl,EU,pwr.edu.pl,18,July,top-per-country,10.6084/m9.figshare.33062150.v3,https://doi.org/10.6084/m9.figshare.33062150.v3
webometrics,2026-09-28T01:22:12+00:00,overall,2026,902,10,National Chung Hsing University,https://ror.org/05vn3ca78,Taiwan,TW,tw,AS,nchu.edu.tw,18,July,top-per-country,10.6084/m9.figshare.33062150.v3,https://doi.org/10.6084/m9.figshare.33062150.v3
webometrics,2026-09-28T01:22:12+00:00,overall,2026,907,8,Lappeenranta University of Technology / Lappeenrannan teknillinen yliopisto,https://ror.org/0208vgz68,Finland,FI,fi,EU,lut.fi,18,July,top-per-country,10.6084/m9.figshare.33062150.v3,https://doi.org/10.6084/m9.figshare.33062150.v3
webometrics,2026-09-28T01:22:12+00:00,overall,2026,909,6,Universitas Brawijaya,https://ror.org/01wk3d929,Indonesia,ID,id,AS,ub.ac.id,18,July,top-per-country,10.6084/m9.figshare.33062150.v3,https://doi.org/10.6084/m9.figshare.33062150.v3
webometrics,2026-09-28T01:22:12+00:00,overall,2026,913,9,Università della Svizzera Italiana Lugano,https://ror.org/03c4atk17,Switzerland,CH,ch,EU,usi.ch,18,July,top-per-country,10.6084/m9.figshare.33062150.v3,https://doi.org/10.6084/m9.figshare.33062150.v3
webometrics,2026-09-28T01:22:12+00:00,overall,2026,915,6,Copenhagen Business School,https://ror.org/04sppb023,Denmark,DK,dk,EU,cbs.dk,18,July,top-per-country,10.6084/m9.figshare.33062150.v3,https://doi.org/10.6084/m9.figshare.33062150.v3
webometrics,2026-09-28T01:22:12+00:00,overall,2026,917,7,Education University of Hong Kong (Hong Kong Institute of Education),https://ror.org/000t0f062,Hong Kong SAR China,HK,hk,AS,eduhk.hk,18,July,top-per-country,10.6084/m9.figshare.33062150.v3,https://doi.org/10.6084/m9.figshare.33062150.v3
webometrics,2026-09-28T01:22:12+00:00,overall,2026,919,8,Taif University,https://ror.org/014g1a453,Saudi Arabia,SA,sa,AW,tu.edu.sa,18,July,top-per-country,10.6084/m9.figshare.33062150.v3,https://doi.org/10.6084/m9.figshare.33062150.v3
webometrics,2026-09-28T01:22:12+00:00,overall,2026,919,14,Chungnam National University / 충남대학교,https://ror.org/0227as991,South Korea,KR,kr,AS,cnu.ac.kr,18,July,top-per-country,10.6084/m9.figshare.33062150.v3,https://doi.org/10.6084/m9.figshare.33062150.v3
webometrics,2026-09-28T01:22:12+00:00,overall,2026,925,1,(3) University of the Philippines Diliman,https://ror.org/03tbh6y23,Philippines,PH,ph,AS,upd.edu.ph,18,July,top-per-country,10.6084/m9.figshare.33062150.v3,https://doi.org/10.6084/m9.figshare.33062150.v3
webometrics,2026-09-28T01:22:12+00:00,overall,2026,929,7,I M Sechenov First Moscow State Medical University (Sechenov University) / Первый Московский государственный медицинский университет И М Сеченова (Сеченовский университет),https://ror.org/02yqqv993,Russia,RU,ru,EU,sechenov.ru,18,July,top-per-country,10.6084/m9.figshare.33062150.v3,https://doi.org/10.6084/m9.figshare.33062150.v3
webometrics,2026-09-28T01:22:12+00:00,overall,2026,938,6,Sharif University of Technology Tehran,https://ror.org/024c2fq17,Iran,IR,ir,AS,sharif.ir,18,July,top-per-country,10.6084/m9.figshare.33062150.v3,https://doi.org/10.6084/m9.figshare.33062150.v3
webometrics,2026-09-28T01:22:12+00:00,overall,2026,941,15,Ulsan National Institute of Science & Technology UNIST,https://ror.org/017cjz748,South Korea,KR,kr,AS,unist.ac.kr,18,July,top-per-country,10.6084/m9.figshare.33062150.v3,https://doi.org/10.6084/m9.figshare.33062150.v3
webometrics,2026-09-28T01:22:12+00:00,overall,2026,943,5,Oslo Metropolitan University,https://ror.org/04q12yn84,Norway,NO,no,EU,oslomet.no,18,July,top-per-country,10.6084/m9.figshare.33062150.v3,https://doi.org/10.6084/m9.figshare.33062150.v3
webometrics,2026-09-28T01:22:12+00:00,overall,2026,943,11,Taipei Medical University / 臺北醫學大學,https://ror.org/05031qk94,Taiwan,TW,tw,AS,tmu.edu.tw,18,July,top-per-country,10.6084/m9.figshare.33062150.v3,https://doi.org/10.6084/m9.figshare.33062150.v3
webometrics,2026-09-28T01:22:12+00:00,overall,2026,945,7,Mashhad University of Medical Sciences,https://ror.org/04sfka033,Iran,IR,ir,AS,mums.ac.ir,18,July,top-per-country,10.6084/m9.figshare.33062150.v3,https://doi.org/10.6084/m9.figshare.33062150.v3
webometrics,2026-09-28T01:22:12+00:00,overall,2026,946,2,University of Bucharest,https://ror.org/02x2v6p15,Romania,RO,ro,EU,unibuc.ro,18,July,top-per-country,10.6084/m9.figshare.33062150.v3,https://doi.org/10.6084/m9.figshare.33062150.v3
webometrics,2026-09-28T01:22:12+00:00,overall,2026,949,1,Makerere University,https://ror.org/03dmz0111,Uganda,UG,ug,AF,mak.ac.ug,18,July,top-per-country,10.6084/m9.figshare.33062150.v3,https://doi.org/10.6084/m9.figshare.33062150.v3
webometrics,2026-09-28T01:22:12+00:00,overall,2026,950,7,Universitas Sebelas Maret UNS Surakarta,https://ror.org/021hq5q33,Indonesia,ID,id,AS,uns.ac.id,18,July,top-per-country,10.6084/m9.figshare.33062150.v3,https://doi.org/10.6084/m9.figshare.33062150.v3
webometrics,2026-09-28T01:22:12+00:00,overall,2026,951,8,Gazi University / Gazi Üniversitesi,https://ror.org/054xkpr46,Türkiye,TR,tr,EU,gazi.edu.tr,18,July,top-per-country,10.6084/m9.figshare.33062150.v3,https://doi.org/10.6084/m9.figshare.33062150.v3
webometrics,2026-09-28T01:22:12+00:00,overall,2026,953,7,University of Ioannina,https://ror.org/01qg3j183,Greece,GR,gr,EU,uoi.gr,18,July,top-per-country,10.6084/m9.figshare.33062150.v3,https://doi.org/10.6084/m9.figshare.33062150.v3
webometrics,2026-09-28T01:22:12+00:00,overall,2026,955,1,University of Latvia / Latvijas Universitāte Riga,https://ror.org/05g3mes96,Latvia,LV,lv,EU,lu.lv,18,July,top-per-country,10.6084/m9.figshare.33062150.v3,https://doi.org/10.6084/m9.figshare.33062150.v3
webometrics,2026-09-28T01:22:12+00:00,overall,2026,958,10,Medizinische Universität Innsbruck,https://ror.org/03pt86f80,Austria,AT,at,EU,i-med.ac.at,18,July,top-per-country,10.6084/m9.figshare.33062150.v3,https://doi.org/10.6084/m9.figshare.33062150.v3
webometrics,2026-09-28T01:22:12+00:00,overall,2026,960,3,Universidad Nacional de Córdoba,https://ror.org/056tb7j80,Argentina,AR,ar,IBC,unc.edu.ar,18,July,top-per-country,10.6084/m9.figshare.33062150.v3,https://doi.org/10.6084/m9.figshare.33062150.v3
webometrics,2026-09-28T01:22:12+00:00,overall,2026,960,8,Tomsk State University / Томский государственный университет,https://ror.org/02he2nc27,Russia,RU,ru,EU,tsu.ru,18,July,top-per-country,10.6084/m9.figshare.33062150.v3,https://doi.org/10.6084/m9.figshare.33062150.v3
webometrics,2026-09-28T01:22:12+00:00,overall,2026,969,5,Czech University of Life Sciences Prague / Česká zemědělská univerzita v Praze ČZU,https://ror.org/0415vcw02,Czechia,CZ,cz,EU,czu.cz,18,July,top-per-country,10.6084/m9.figshare.33062150.v3,https://doi.org/10.6084/m9.figshare.33062150.v3
webometrics,2026-09-28T01:22:12+00:00,overall,2026,969,8,Shahid Beheshti University,https://ror.org/0091vmj44,Iran,IR,ir,AS,sbu.ac.ir,19,July,top-per-country,10.6084/m9.figshare.33062150.v3,https://doi.org/10.6084/m9.figshare.33062150.v3
webometrics,2026-09-28T01:22:12+00:00,overall,2026,972,5,Future University,https://ror.org/03s8c2x09,Egypt,EG,eg,AW,fue.edu.eg,19,July,top-per-country,10.6084/m9.figshare.33062150.v3,https://doi.org/10.6084/m9.figshare.33062150.v3
webometrics,2026-09-28T01:22:12+00:00,overall,2026,972,7,Thammasat University,https://ror.org/002yp7f20,Thailand,TH,th,AS,tu.ac.th,19,July,top-per-country,10.6084/m9.figshare.33062150.v3,https://doi.org/10.6084/m9.figshare.33062150.v3
webometrics,2026-09-28T01:22:12+00:00,overall,2026,974,6,University of Stavanger / Universitetet i Stavanger,https://ror.org/02qte9q33,Norway,NO,no,EU,uis.no,19,July,top-per-country,10.6084/m9.figshare.33062150.v3,https://doi.org/10.6084/m9.figshare.33062150.v3
webometrics,2026-09-28T01:22:12+00:00,overall,2026,977,9,Tabriz University of Medical Sciences,https://ror.org/04krpx645,Iran,IR,ir,AS,tbzmed.ac.ir,19,July,top-per-country,10.6084/m9.figshare.33062150.v3,https://doi.org/10.6084/m9.figshare.33062150.v3
webometrics,2026-09-28T01:22:12+00:00,overall,2026,981,6,University of Pécs / Pécsi Tudományegyetem PTE,https://ror.org/037b5pv06,Hungary,HU,hu,EU,pte.hu,19,July,top-per-country,10.6084/m9.figshare.33062150.v3,https://doi.org/10.6084/m9.figshare.33062150.v3
webometrics,2026-09-28T01:22:12+00:00,overall,2026,988,6,Technical University of Ostrava / Vysoká škola báňská Technická univerzita Ostrava VŠB TUO,https://ror.org/05x8mcb75,Czechia,CZ,cz,EU,vsb.cz,19,July,top-per-country,10.6084/m9.figshare.33062150.v3,https://doi.org/10.6084/m9.figshare.33062150.v3
webometrics,2026-09-28T01:22:12+00:00,overall,2026,996,9,Prince Sattam bin Abdulaziz University,https://ror.org/04jt46d36,Saudi Arabia,SA,sa,AW,psau.edu.sa,19,July,top-per-country,10.6084/m9.figshare.33062150.v3,https://doi.org/10.6084/m9.figshare.33062150.v3
webometrics,2026-09-28T01:22:12+00:00,overall,2026,1001,10,Iran University of Medical Sciences,https://ror.org/03w04rv71,Iran,IR,ir,AS,iums.ac.ir,19,July,top-per-country,10.6084/m9.figshare.33062150.v3,https://doi.org/10.6084/m9.figshare.33062150.v3
webometrics,2026-09-28T01:22:12+00:00,overall,2026,1003,9,Yildiz Technical University / Yıldız Teknik Üniversitesi,https://ror.org/0547yzj13,Türkiye,TR,tr,EU,yildiz.edu.tr,19,July,top-per-country,10.6084/m9.figshare.33062150.v3,https://doi.org/10.6084/m9.figshare.33062150.v3
webometrics,2026-09-28T01:22:12+00:00,overall,2026,1007,8,Universitas Diponegoro,https://ror.org/056bjta22,Indonesia,ID,id,AS,undip.ac.id,19,July,top-per-country,10.6084/m9.figshare.33062150.v3,https://doi.org/10.6084/m9.figshare.33062150.v3
webometrics,2026-09-28T01:22:12+00:00,overall,2026,1010,8,Hasselt University / Universiteit Hasselt (University of Limburg),https://ror.org/04nbhqj75,Belgium,BE,be,EU,uhasselt.be,19,July,top-per-country,10.6084/m9.figshare.33062150.v3,https://doi.org/10.6084/m9.figshare.33062150.v3
webometrics,2026-09-28T01:22:12+00:00,overall,2026,1010,10,Ege University,https://ror.org/02eaafc18,Türkiye,TR,tr,EU,ege.edu.tr,19,July,top-per-country,10.6084/m9.figshare.33062150.v3,https://doi.org/10.6084/m9.figshare.33062150.v3
webometrics,2026-09-28T01:22:12+00:00,overall,2026,1017,9,IPB University / Bogor Agricultural University,https://ror.org/05smgpd89,Indonesia,ID,id,AS,ipb.ac.id,19,July,top-per-country,10.6084/m9.figshare.33062150.v3,https://doi.org/10.6084/m9.figshare.33062150.v3
webometrics,2026-09-28T01:22:12+00:00,overall,2026,1019,1,University of Dhaka,https://ror.org/05wv2vq37,Bangladesh,BD,bd,AS,du.ac.bd,19,July,top-per-country,10.6084/m9.figshare.33062150.v3,https://doi.org/10.6084/m9.figshare.33062150.v3
webometrics,2026-09-28T01:22:12+00:00,overall,2026,1024,7,Maynooth University (National University of Ireland Maynooth),https://ror.org/048nfjm95,Ireland,IE,ie,EU,maynoothuniversity.ie,19,July,top-per-country,10.6084/m9.figshare.33062150.v3,https://doi.org/10.6084/m9.figshare.33062150.v3
webometrics,2026-09-28T01:22:12+00:00,overall,2026,1025,11,Amirkabir University of Technology,https://ror.org/04gzbav43,Iran,IR,ir,AS,aut.ac.ir,19,July,top-per-country,10.6084/m9.figshare.33062150.v3,https://doi.org/10.6084/m9.figshare.33062150.v3
webometrics,2026-09-28T01:22:12+00:00,overall,2026,1027,6,Universidade da Beira Interior,https://ror.org/03nf36p02,Portugal,PT,pt,EU,ubi.pt,19,July,top-per-country,10.6084/m9.figshare.33062150.v3,https://doi.org/10.6084/m9.figshare.33062150.v3
webometrics,2026-09-28T01:22:12+00:00,overall,2026,1029,9,South Ural State University / Южно - Уральский государственный университет,https://ror.org/03sfk2504,Russia,RU,ru,EU,susu.ru,19,July,top-per-country,10.6084/m9.figshare.33062150.v3,https://doi.org/10.6084/m9.figshare.33062150.v3
webometrics,2026-09-28T01:22:12+00:00,overall,2026,1030,10,Universität Saint Gallen,https://ror.org/0561a3s31,Switzerland,CH,ch,EU,unisg.ch,19,July,top-per-country,10.6084/m9.figshare.33062150.v3,https://doi.org/10.6084/m9.figshare.33062150.v3
webometrics,2026-09-28T01:22:12+00:00,overall,2026,1032,12,Shiraz University of Medical Sciences,https://ror.org/01n3s4692,Iran,IR,ir,AS,sums.ac.ir,19,July,top-per-country,10.6084/m9.figshare.33062150.v3,https://doi.org/10.6084/m9.figshare.33062150.v3
webometrics,2026-09-28T01:22:12+00:00,overall,2026,1048,12,Yuan Ze University / 元智大學,https://ror.org/01fv1ds98,Taiwan,TW,tw,AS,yzu.edu.tw,19,July,top-per-country,10.6084/m9.figshare.33062150.v3,https://doi.org/10.6084/m9.figshare.33062150.v3
webometrics,2026-09-28T01:22:12+00:00,overall,2026,1049,3,University Politehnica of Bucharest / Universitatea Politehnica din Bucuresti,https://ror.org/0558j5q12,Romania,RO,ro,EU,upb.ro,19,July,top-per-country,10.6084/m9.figshare.33062150.v3,https://doi.org/10.6084/m9.figshare.33062150.v3
webometrics,2026-09-28T01:22:12+00:00,overall,2026,1050,10,Novosibirsk State University / Новосибирский государственный университет,https://ror.org/04t2ss102,Russia,RU,ru,EU,nsu.ru,19,July,top-per-country,10.6084/m9.figshare.33062150.v3,https://doi.org/10.6084/m9.figshare.33062150.v3
webometrics,2026-09-28T01:22:12+00:00,overall,2026,1052,12,Orebro University / Örebro Universitet,https://ror.org/05kytsw45,Sweden,SE,se,EU,oru.se,19,July,top-per-country,10.6084/m9.figshare.33062150.v3,https://doi.org/10.6084/m9.figshare.33062150.v3
webometrics,2026-09-28T01:22:12+00:00,overall,2026,1053,1,Pontificia Universidad Católica del Perú,https://ror.org/00013q465,Peru,PE,pe,IBC,pucp.edu.pe,19,July,top-per-country,10.6084/m9.figshare.33062150.v3,https://doi.org/10.6084/m9.figshare.33062150.v3
webometrics,2026-09-28T01:22:12+00:00,overall,2026,1053,2,Kwame Nkrumah University of Science & Technology,https://ror.org/00cb23x68,Ghana,GH,gh,AF,knust.edu.gh,19,July,top-per-country,10.6084/m9.figshare.33062150.v3,https://doi.org/10.6084/m9.figshare.33062150.v3
webometrics,2026-09-28T01:22:12+00:00,overall,2026,1053,10,Telkom University / Universitas Telkom,https://ror.org/0004wsx81,Indonesia,ID,id,AS,telkomuniversity.ac.id,19,July,top-per-country,10.6084/m9.figshare.33062150.v3,https://doi.org/10.6084/m9.figshare.33062150.v3
webometrics,2026-09-28T01:22:12+00:00,overall,2026,1059,8,University of the Western Cape,https://ror.org/00h2vm590,South Africa,ZA,za,AF,uwc.ac.za,19,July,top-per-country,10.6084/m9.figshare.33062150.v3,https://doi.org/10.6084/m9.figshare.33062150.v3
webometrics,2026-09-28T01:22:12+00:00,overall,2026,1061,1,Universidad de Costa Rica,https://ror.org/02yzgww51,Costa Rica,CR,cr,IBC,ucr.ac.cr,19,July,top-per-country,10.6084/m9.figshare.33062150.v3,https://doi.org/10.6084/m9.figshare.33062150.v3
webometrics,2026-09-28T01:22:12+00:00,overall,2026,1061,7,Brno University of Technology / Vysoké učení technické v Brně VUT,https://ror.org/03613d656,Czechia,CZ,cz,EU,vut.cz,20,July,top-per-country,10.6084/m9.figshare.33062150.v3,https://doi.org/10.6084/m9.figshare.33062150.v3
webometrics,2026-09-28T01:22:12+00:00,overall,2026,1061,11,Marmara University,https://ror.org/02kswqa67,Türkiye,TR,tr,EU,marmara.edu.tr,20,July,top-per-country,10.6084/m9.figshare.33062150.v3,https://doi.org/10.6084/m9.figshare.33062150.v3
webometrics,2026-09-28T01:22:12+00:00,overall,2026,1064,7,University of Agder / Universitetet i Agder,https://ror.org/03x297z98,Norway,NO,no,EU,uia.no,20,July,top-per-country,10.6084/m9.figshare.33062150.v3,https://doi.org/10.6084/m9.figshare.33062150.v3
webometrics,2026-09-28T01:22:12+00:00,overall,2026,1066,6,Zagazig University,https://ror.org/053g6we49,Egypt,EG,eg,AW,zu.edu.eg,20,July,top-per-country,10.6084/m9.figshare.33062150.v3,https://doi.org/10.6084/m9.figshare.33062150.v3
webometrics,2026-09-28T01:22:12+00:00,overall,2026,1070,4,(1) Pontificia Universidad Católica de Valparaíso,https://ror.org/02cafbr77,Chile,CL,cl,IBC,pucv.cl,20,July,top-per-country,10.6084/m9.figshare.33062150.v3,https://doi.org/10.6084/m9.figshare.33062150.v3
webometrics,2026-09-28T01:22:12+00:00,overall,2026,1072,11,Wirtschaftsuniversität Wien / Vienna University of Economics and Business,https://ror.org/03yn8s215,Austria,AT,at,EU,wu.ac.at,20,July,top-per-country,10.6084/m9.figshare.33062150.v3,https://doi.org/10.6084/m9.figshare.33062150.v3
webometrics,2026-09-28T01:22:12+00:00,overall,2026,1074,13,Ferdowsi University of Mashhad,https://ror.org/00g6ka752,Iran,IR,ir,AS,um.ac.ir,20,July,top-per-country,10.6084/m9.figshare.33062150.v3,https://doi.org/10.6084/m9.figshare.33062150.v3
webometrics,2026-09-28T01:22:12+00:00,overall,2026,1081,2,Jordan University of Science & Technology,https://ror.org/03y8mtb59,Jordan,JO,jo,AW,just.edu.jo,20,July,top-per-country,10.6084/m9.figshare.33062150.v3,https://doi.org/10.6084/m9.figshare.33062150.v3
webometrics,2026-09-28T01:22:12+00:00,overall,2026,1081,10,Poznan University of Technology / Politechnika Poznańska,https://ror.org/00p7p3302,Poland,PL,pl,EU,put.poznan.pl,20,July,top-per-country,10.6084/m9.figshare.33062150.v3,https://doi.org/10.6084/m9.figshare.33062150.v3
webometrics,2026-09-28T01:22:12+00:00,overall,2026,1087,2,University of Maribor / Univerza v Mariboru,https://ror.org/01d5jce07,Slovenia,SI,si,EU,um.si,20,July,top-per-country,10.6084/m9.figshare.33062150.v3,https://doi.org/10.6084/m9.figshare.33062150.v3
webometrics,2026-09-28T01:22:12+00:00,overall,2026,1089,5,Tecnológico Nacional de México,https://ror.org/00davry38,Mexico,MX,mx,IBC,tecnm.mx,20,July,top-per-country,10.6084/m9.figshare.33062150.v3,https://doi.org/10.6084/m9.figshare.33062150.v3
webometrics,2026-09-28T01:22:12+00:00,overall,2026,1089,12,Sabanci University,https://ror.org/049asqa32,Türkiye,TR,tr,EU,sabanciuniv.edu,20,July,top-per-country,10.6084/m9.figshare.33062150.v3,https://doi.org/10.6084/m9.figshare.33062150.v3
webometrics,2026-09-28T01:22:12+00:00,overall,2026,1092,9,Abo Akademi University,https://ror.org/029pk6x14,Finland,FI,fi,EU,abo.fi,20,July,top-per-country,10.6084/m9.figshare.33062150.v3,https://doi.org/10.6084/m9.figshare.33062150.v3
webometrics,2026-09-28T01:22:12+00:00,overall,2026,1093,8,Royal College of Surgeons of Ireland,https://ror.org/01hxy9878,Ireland,IE,ie,EU,rcsi.com,20,July,top-per-country,10.6084/m9.figshare.33062150.v3,https://doi.org/10.6084/m9.figshare.33062150.v3
webometrics,2026-09-28T01:22:12+00:00,overall,2026,1093,13,Bilkent University,https://ror.org/02vh8a032,Türkiye,TR,tr,EU,bilkent.edu.tr,20,July,top-per-country,10.6084/m9.figshare.33062150.v3,https://doi.org/10.6084/m9.figshare.33062150.v3
webometrics,2026-09-28T01:22:12+00:00,overall,2026,1095,6,Universidad Autónoma Metropolitana,https://ror.org/02kta5139,Mexico,MX,mx,IBC,uam.mx,20,July,top-per-country,10.6084/m9.figshare.33062150.v3,https://doi.org/10.6084/m9.figshare.33062150.v3
webometrics,2026-09-28T01:22:12+00:00,overall,2026,1099,11,Zurcher Hochschule für Angewandte Wissenschaften,https://ror.org/05pmsvm27,Switzerland,CH,ch,EU,zhaw.ch,20,July,top-per-country,10.6084/m9.figshare.33062150.v3,https://doi.org/10.6084/m9.figshare.33062150.v3
webometrics,2026-09-28T01:22:12+00:00,overall,2026,1106,13,Chang Gung University,https://ror.org/00d80zx46,Taiwan,TW,tw,AS,cgu.edu.tw,20,July,top-per-country,10.6084/m9.figshare.33062150.v3,https://doi.org/10.6084/m9.figshare.33062150.v3
webometrics,2026-09-28T01:22:12+00:00,overall,2026,1109,1,Addis Ababa University,https://ror.org/038b8e254,Ethiopia,ET,et,AF,aau.edu.et,20,July,top-per-country,10.6084/m9.figshare.33062150.v3,https://doi.org/10.6084/m9.figshare.33062150.v3
webometrics,2026-09-28T01:22:12+00:00,overall,2026,1111,14,Asia University Taiwan,https://ror.org/038a1tp19,Taiwan,TW,tw,AS,asia.edu.tw,20,July,top-per-country,10.6084/m9.figshare.33062150.v3,https://doi.org/10.6084/m9.figshare.33062150.v3
webometrics,2026-09-28T01:22:12+00:00,overall,2026,1114,10,King Faisal University,https://ror.org/00dn43547,Saudi Arabia,SA,sa,AW,kfu.edu.sa,20,July,top-per-country,10.6084/m9.figshare.33062150.v3,https://doi.org/10.6084/m9.figshare.33062150.v3
webometrics,2026-09-28T01:22:12+00:00,overall,2026,1117,2,Bangladesh University of Engineering and Technology,https://ror.org/05a1qpv97,Bangladesh,BD,bd,AS,buet.ac.bd,20,July,top-per-country,10.6084/m9.figshare.33062150.v3,https://doi.org/10.6084/m9.figshare.33062150.v3
webometrics,2026-09-28T01:22:12+00:00,overall,2026,1122,11,Imam Abdulrahman Bin Faisal University (University of Dammam),https://ror.org/038cy8j79,Saudi Arabia,SA,sa,AW,iau.edu.sa,20,July,top-per-country,10.6084/m9.figshare.33062150.v3,https://doi.org/10.6084/m9.figshare.33062150.v3
webometrics,2026-09-28T01:22:12+00:00,overall,2026,1124,11,Kazan (Volga Region) Federal University / Kазанский (приволжский) Федеральный Университет,https://ror.org/05256ym39,Russia,RU,ru,EU,kpfu.ru,20,July,top-per-country,10.6084/m9.figshare.33062150.v3,https://doi.org/10.6084/m9.figshare.33062150.v3
webometrics,2026-09-28T01:22:12+00:00,overall,2026,1128,9,University of the Free State,https://ror.org/009xwd568,South Africa,ZA,za,AF,ufs.ac.za,20,July,top-per-country,10.6084/m9.figshare.33062150.v3,https://doi.org/10.6084/m9.figshare.33062150.v3
webometrics,2026-09-28T01:22:12+00:00,overall,2026,1132,8,Democritus University of Thrace,https://ror.org/03bfqnx40,Greece,GR,gr,EU,duth.gr,20,July,top-per-country,10.6084/m9.figshare.33062150.v3,https://doi.org/10.6084/m9.figshare.33062150.v3
webometrics,2026-09-28T01:22:12+00:00,overall,2026,1132,12,National Nuclear Research University (Moscow State Engineering Physics Institute) / Национальный исследовательский ядерный университет МИФИ,https://ror.org/04w8z7f34,Russia,RU,ru,EU,mephi.ru,20,July,top-per-country,10.6084/m9.figshare.33062150.v3,https://doi.org/10.6084/m9.figshare.33062150.v3
webometrics,2026-09-28T01:22:12+00:00,overall,2026,1138,15,National Taipei University of Technology / 國立臺北科技大學,https://ror.org/00cn92c09,Taiwan,TW,tw,AS,ntut.edu.tw,20,July,top-per-country,10.6084/m9.figshare.33062150.v3,https://doi.org/10.6084/m9.figshare.33062150.v3
webometrics,2026-09-28T01:22:12+00:00,overall,2026,1143,12,Qassim University,https://ror.org/01wsfe280,Saudi Arabia,SA,sa,AW,qu.edu.sa,20,July,top-per-country,10.6084/m9.figshare.33062150.v3,https://doi.org/10.6084/m9.figshare.33062150.v3
webometrics,2026-09-28T01:22:12+00:00,overall,2026,1147,1,Sultan Qaboos University,https://ror.org/04wq8zb47,Oman,OM,om,AW,squ.edu.om,21,July,top-per-country,10.6084/m9.figshare.33062150.v3,https://doi.org/10.6084/m9.figshare.33062150.v3
webometrics,2026-09-28T01:22:12+00:00,overall,2026,1149,7,Assiut University,https://ror.org/01jaj8n65,Egypt,EG,eg,AW,aun.edu.eg,21,July,top-per-country,10.6084/m9.figshare.33062150.v3,https://doi.org/10.6084/m9.figshare.33062150.v3
webometrics,2026-09-28T01:22:12+00:00,overall,2026,1152,1,Sofia University St Kliment Ohridski / Софийски университет Св Климент Охридски,https://ror.org/02jv3k292,Bulgaria,BG,bg,EU,uni-sofia.bg,21,July,top-per-country,10.6084/m9.figshare.33062150.v3,https://doi.org/10.6084/m9.figshare.33062150.v3
webometrics,2026-09-28T01:22:12+00:00,overall,2026,1155,4,NYU Abu Dhabi,https://ror.org/00e5k0821,United Arab Emirates,AE,ae,AW,nyuad.nyu.edu,21,July,top-per-country,10.6084/m9.figshare.33062150.v3,https://doi.org/10.6084/m9.figshare.33062150.v3
webometrics,2026-09-28T01:22:12+00:00,overall,2026,1155,7,Universiti Teknologi Petronas,https://ror.org/048g2sh07,Malaysia,MY,my,AS,utp.edu.my,21,July,top-per-country,10.6084/m9.figshare.33062150.v3,https://doi.org/10.6084/m9.figshare.33062150.v3
webometrics,2026-09-28T01:22:12+00:00,overall,2026,1157,7,ISCTE Instituto Universitário de Lisboa,https://ror.org/014837179,Portugal,PT,pt,EU,iscte-iul.pt,21,July,top-per-country,10.6084/m9.figshare.33062150.v3,https://doi.org/10.6084/m9.figshare.33062150.v3
webometrics,2026-09-28T01:22:12+00:00,overall,2026,1159,1,Near East University / Yakın Doğu University,https://ror.org/02x8svs93,TY,,ty,EU,neu.edu.tr,21,July,top-per-country,10.6084/m9.figshare.33062150.v3,https://doi.org/10.6084/m9.figshare.33062150.v3
webometrics,2026-09-28T01:22:12+00:00,overall,2026,1164,8,Universidade Católica Portuguesa,https://ror.org/03b9snr86,Portugal,PT,pt,EU,ucp.pt,21,July,top-per-country,10.6084/m9.figshare.33062150.v3,https://doi.org/10.6084/m9.figshare.33062150.v3
webometrics,2026-09-28T01:22:12+00:00,overall,2026,1168,14,Erciyes University,https://ror.org/047g8vk19,Türkiye,TR,tr,EU,erciyes.edu.tr,21,July,top-per-country,10.6084/m9.figshare.33062150.v3,https://doi.org/10.6084/m9.figshare.33062150.v3
webometrics,2026-09-28T01:22:12+00:00,overall,2026,1170,1,University of the West Indies,https://ror.org/01t20sn94,Jamaica,JM,jm,IBC,uwi.edu,21,July,top-per-country,10.6084/m9.figshare.33062150.v3,https://doi.org/10.6084/m9.figshare.33062150.v3
webometrics,2026-09-28T01:22:12+00:00,overall,2026,1170,8,International Islamic University of Malaysia,https://ror.org/03s9hs139,Malaysia,MY,my,AS,iium.edu.my,21,July,top-per-country,10.6084/m9.figshare.33062150.v3,https://doi.org/10.6084/m9.figshare.33062150.v3
webometrics,2026-09-28T01:22:12+00:00,overall,2026,1175,8,Tanta University,https://ror.org/016jp5b92,Egypt,EG,eg,AW,tanta.edu.eg,21,July,top-per-country,10.6084/m9.figshare.33062150.v3,https://doi.org/10.6084/m9.figshare.33062150.v3
webometrics,2026-09-28T01:22:12+00:00,overall,2026,1179,8,King Mongkut's University of Technology Thonburi,https://ror.org/0057ax056,Thailand,TH,th,AS,kmutt.ac.th,21,July,top-per-country,10.6084/m9.figshare.33062150.v3,https://doi.org/10.6084/m9.figshare.33062150.v3
webometrics,2026-09-28T01:22:12+00:00,overall,2026,1180,9,Al Azhar University,https://ror.org/05fnp1145,Egypt,EG,eg,AW,azhar.edu.eg,21,July,top-per-country,10.6084/m9.figshare.33062150.v3,https://doi.org/10.6084/m9.figshare.33062150.v3
webometrics,2026-09-28T01:22:12+00:00,overall,2026,1182,7,Centro de Investigación y de Estudios Avanzados del IPN CINVESTAV,https://ror.org/009eqmr18,Mexico,MX,mx,IBC,cinvestav.mx,21,July,top-per-country,10.6084/m9.figshare.33062150.v3,https://doi.org/10.6084/m9.figshare.33062150.v3
webometrics,2026-09-28T01:22:12+00:00,overall,2026,1183,2,Hamad Bin Khalifa University,https://ror.org/03eyq4y97,Qatar,QA,qa,AW,hbku.edu.qa,21,July,top-per-country,10.6084/m9.figshare.33062150.v3,https://doi.org/10.6084/m9.figshare.33062150.v3
webometrics,2026-09-28T01:22:12+00:00,overall,2026,1183,13,Medical University of Warsaw / Warszawski Uniwersytet Medyczny,https://ror.org/04p2y4s44,Poland,PL,pl,EU,wum.edu.pl,21,July,top-per-country,10.6084/m9.figshare.33062150.v3,https://doi.org/10.6084/m9.figshare.33062150.v3
webometrics,2026-09-28T01:22:12+00:00,overall,2026,1186,1,Nazarbayev University,https://ror.org/052bx8q98,Kazakhstan,KZ,kz,AS,nu.edu.kz,21,July,top-per-country,10.6084/m9.figshare.33062150.v3,https://doi.org/10.6084/m9.figshare.33062150.v3
webometrics,2026-09-28T01:22:12+00:00,overall,2026,1191,4,Bucharest Academy of Economic Studies,https://ror.org/04yvncj21,Romania,RO,ro,EU,ase.ro,21,July,top-per-country,10.6084/m9.figshare.33062150.v3,https://doi.org/10.6084/m9.figshare.33062150.v3
webometrics,2026-09-28T01:22:12+00:00,overall,2026,1196,13,Peter the Great St.Petersburg Polytechnic University / Санкт- Петербургский Политехнический Университет Петра Великого,https://ror.org/02x91aj62,Russia,RU,ru,EU,spbstu.ru,21,July,top-per-country,10.6084/m9.figshare.33062150.v3,https://doi.org/10.6084/m9.figshare.33062150.v3
webometrics,2026-09-28T01:22:12+00:00,overall,2026,1198,15,Dokuz Eylül University,https://ror.org/00dbd8b73,Türkiye,TR,tr,EU,deu.edu.tr,21,July,top-per-country,10.6084/m9.figshare.33062150.v3,https://doi.org/10.6084/m9.figshare.33062150.v3
webometrics,2026-09-28T01:22:12+00:00,overall,2026,1199,13,Linnaeus University / Linnéuniversitetet (Växjö + Kalmar Universities),https://ror.org/00j9qag85,Sweden,SE,se,EU,lnu.se,21,July,top-per-country,10.6084/m9.figshare.33062150.v3,https://doi.org/10.6084/m9.figshare.33062150.v3
webometrics,2026-09-28T01:22:12+00:00,overall,2026,1206,9,Instituto Politécnico do Porto,https://ror.org/04988re48,Portugal,PT,pt,EU,ipp.pt,21,July,top-per-country,10.6084/m9.figshare.33062150.v3,https://doi.org/10.6084/m9.figshare.33062150.v3
webometrics,2026-09-28T01:22:12+00:00,overall,2026,1212,14,University of Tabriz,https://ror.org/01papkj44,Iran,IR,ir,AS,tabrizu.ac.ir,21,July,top-per-country,10.6084/m9.figshare.33062150.v3,https://doi.org/10.6084/m9.figshare.33062150.v3
webometrics,2026-09-28T01:22:12+00:00,overall,2026,1219,2,Tallinn University of Technology / Tallinna Tehnikaülikool,https://ror.org/0443cwa12,Estonia,EE,ee,EU,taltech.ee,21,July,top-per-country,10.6084/m9.figshare.33062150.v3,https://doi.org/10.6084/m9.figshare.33062150.v3
webometrics,2026-09-28T01:22:12+00:00,overall,2026,1221,10,American University in Cairo,https://ror.org/0176yqn58,Egypt,EG,eg,AW,aucegypt.edu,21,July,top-per-country,10.6084/m9.figshare.33062150.v3,https://doi.org/10.6084/m9.figshare.33062150.v3
webometrics,2026-09-28T01:22:12+00:00,overall,2026,1231,1,Universidad de Puerto Rico,https://ror.org/02yg0nm07,Puerto Rico,PR,pr,IBC,upr.edu,21,July,top-per-country,10.6084/m9.figshare.33062150.v3,https://doi.org/10.6084/m9.figshare.33062150.v3
webometrics,2026-09-28T01:22:12+00:00,overall,2026,1234,4,Pontificia Universidad Javeriana,https://ror.org/03etyjw28,Colombia,CO,co,IBC,javeriana.edu.co,21,July,top-per-country,10.6084/m9.figshare.33062150.v3,https://doi.org/10.6084/m9.figshare.33062150.v3
webometrics,2026-09-28T01:22:12+00:00,overall,2026,1237,5,Alexandru Ioan Cuza University,https://ror.org/022kvet57,Romania,RO,ro,EU,uaic.ro,21,July,top-per-country,10.6084/m9.figshare.33062150.v3,https://doi.org/10.6084/m9.figshare.33062150.v3
webometrics,2026-09-28T01:22:12+00:00,overall,2026,1239,11,Universitas Hasanuddin,https://ror.org/00da1gf19,Indonesia,ID,id,AS,unhas.ac.id,22,July,top-per-country,10.6084/m9.figshare.33062150.v3,https://doi.org/10.6084/m9.figshare.33062150.v3
webometrics,2026-09-28T01:22:12+00:00,overall,2026,1243,1,University of Nairobi,https://ror.org/02y9nww90,Kenya,KE,ke,AF,uonbi.ac.ke,22,July,top-per-country,10.6084/m9.figshare.33062150.v3,https://doi.org/10.6084/m9.figshare.33062150.v3
webometrics,2026-09-28T01:22:12+00:00,overall,2026,1244,8,University of South Bohemia in České Budějovice / Jihočeská univerzita v Českých Budějovicích JČU,https://ror.org/033n3pw66,Czechia,CZ,cz,EU,jcu.cz,22,July,top-per-country,10.6084/m9.figshare.33062150.v3,https://doi.org/10.6084/m9.figshare.33062150.v3
webometrics,2026-09-28T01:22:12+00:00,overall,2026,1244,8,Universidad Autónoma de Nuevo León,https://ror.org/01fh86n78,Mexico,MX,mx,IBC,uanl.mx,22,July,top-per-country,10.6084/m9.figshare.33062150.v3,https://doi.org/10.6084/m9.figshare.33062150.v3
webometrics,2026-09-28T01:22:12+00:00,overall,2026,1251,3,Middle East University Jordan,https://ror.org/059bgad73,Jordan,JO,jo,AW,meu.edu.jo,22,July,top-per-country,10.6084/m9.figshare.33062150.v3,https://doi.org/10.6084/m9.figshare.33062150.v3
webometrics,2026-09-28T01:22:12+00:00,overall,2026,1254,6,Universitatea Tehnica din Cluj - Napoca (North University of Baia Mare),https://ror.org/03r8nwp71,Romania,RO,ro,EU,utcluj.ro,22,July,top-per-country,10.6084/m9.figshare.33062150.v3,https://doi.org/10.6084/m9.figshare.33062150.v3
webometrics,2026-09-28T01:22:12+00:00,overall,2026,1256,9,University of the Aegean,https://ror.org/03zsp3p94,Greece,GR,gr,EU,aegean.gr,22,July,top-per-country,10.6084/m9.figshare.33062150.v3,https://doi.org/10.6084/m9.figshare.33062150.v3
webometrics,2026-09-28T01:22:12+00:00,overall,2026,1257,5,Universidad de Santiago de Chile,https://ror.org/02ma57s91,Chile,CL,cl,IBC,usach.cl,22,July,top-per-country,10.6084/m9.figshare.33062150.v3,https://doi.org/10.6084/m9.figshare.33062150.v3
webometrics,2026-09-28T01:22:12+00:00,overall,2026,1263,2,University of Nicosia,https://ror.org/04v18t651,Cyprus,CY,cy,EU,unic.ac.cy,22,July,top-per-country,10.6084/m9.figshare.33062150.v3,https://doi.org/10.6084/m9.figshare.33062150.v3
webometrics,2026-09-28T01:22:12+00:00,overall,2026,1265,1,University of Brunei Darussalam,https://ror.org/02qnf3n86,Brunei,BN,bn,AS,ubd.edu.bn,22,July,top-per-country,10.6084/m9.figshare.33062150.v3,https://doi.org/10.6084/m9.figshare.33062150.v3
webometrics,2026-09-28T01:22:12+00:00,overall,2026,1268,3,Daffodil International University,https://ror.org/052t4a858,Bangladesh,BD,bd,AS,daffodilvarsity.edu.bd,22,July,top-per-country,10.6084/m9.figshare.33062150.v3,https://doi.org/10.6084/m9.figshare.33062150.v3
webometrics,2026-09-28T01:22:12+00:00,overall,2026,1268,4,Amman Arab University,https://ror.org/039xekb14,Jordan,JO,jo,AW,aau.edu.jo,22,July,top-per-country,10.6084/m9.figshare.33062150.v3,https://doi.org/10.6084/m9.figshare.33062150.v3
webometrics,2026-09-28T01:22:12+00:00,overall,2026,1273,10,University of Vaasa / Vaasan yliopisto,https://ror.org/03769b225,Finland,FI,fi,EU,uwasa.fi,22,July,top-per-country,10.6084/m9.figshare.33062150.v3,https://doi.org/10.6084/m9.figshare.33062150.v3
webometrics,2026-09-28T01:22:12+00:00,overall,2026,1274,10,Universidade de Tras os Montes e Alto Douro,https://ror.org/03qc8vh97,Portugal,PT,pt,EU,utad.pt,22,July,top-per-country,10.6084/m9.figshare.33062150.v3,https://doi.org/10.6084/m9.figshare.33062150.v3
webometrics,2026-09-28T01:22:12+00:00,overall,2026,1274,13,Universitas Pendidikan Indonesia,https://ror.org/044b0xj37,Indonesia,ID,id,AS,upi.edu,22,July,top-per-country,10.6084/m9.figshare.33062150.v3,https://doi.org/10.6084/m9.figshare.33062150.v3
webometrics,2026-09-28T01:22:12+00:00,overall,2026,1280,9,King Mongkut's University of Technology North Bangkok,https://ror.org/04fy6jb97,Thailand,TH,th,AS,kmutnb.ac.th,22,July,top-per-country,10.6084/m9.figshare.33062150.v3,https://doi.org/10.6084/m9.figshare.33062150.v3
webometrics,2026-09-28T01:22:12+00:00,overall,2026,1286,1,Universidad de la República,https://ror.org/030bbe882,Uruguay,UY,uy,IBC,udelar.edu.uy,22,July,top-per-country,10.6084/m9.figshare.33062150.v3,https://doi.org/10.6084/m9.figshare.33062150.v3
webometrics,2026-09-28T01:22:12+00:00,overall,2026,1291,5,Al Ahliyya Amman University,https://ror.org/00xddhq60,Jordan,JO,jo,AW,ammanu.edu.jo,22,July,top-per-country,10.6084/m9.figshare.33062150.v3,https://doi.org/10.6084/m9.figshare.33062150.v3
webometrics,2026-09-28T01:22:12+00:00,overall,2026,1296,2,University of Split,https://ror.org/00m31ft63,Croatia,HR,hr,EU,unist.hr,22,July,top-per-country,10.6084/m9.figshare.33062150.v3,https://doi.org/10.6084/m9.figshare.33062150.v3
webometrics,2026-09-28T01:22:12+00:00,overall,2026,1296,11,Universidade do Algarve,https://ror.org/014g34x36,Portugal,PT,pt,EU,ualg.pt,22,July,top-per-country,10.6084/m9.figshare.33062150.v3,https://doi.org/10.6084/m9.figshare.33062150.v3
webometrics,2026-09-28T01:22:12+00:00,overall,2026,1299,2,University of Gondar,https://ror.org/0595gz585,Ethiopia,ET,et,AF,uog.edu.et,22,July,top-per-country,10.6084/m9.figshare.33062150.v3,https://doi.org/10.6084/m9.figshare.33062150.v3
webometrics,2026-09-28T01:22:12+00:00,overall,2026,1299,10,Stellenbosch University,https://ror.org/05bk57929,South Africa,ZA,za,AF,su.ac.za,22,July,top-per-country,10.6084/m9.figshare.33062150.v3,https://doi.org/10.6084/m9.figshare.33062150.v3
webometrics,2026-09-28T01:22:12+00:00,overall,2026,1305,15,Isfahan University of Medical Sciences,https://ror.org/04waqzz56,Iran,IR,ir,AS,mui.ac.ir,22,July,top-per-country,10.6084/m9.figshare.33062150.v3,https://doi.org/10.6084/m9.figshare.33062150.v3
webometrics,2026-09-28T01:22:12+00:00,overall,2026,1306,6,Universidad Andrés Bello,https://ror.org/01qq57711,Chile,CL,cl,IBC,unab.cl,22,July,top-per-country,10.6084/m9.figshare.33062150.v3,https://doi.org/10.6084/m9.figshare.33062150.v3
webometrics,2026-09-28T01:22:12+00:00,overall,2026,1306,14,University of Warmia and Mazury / Uniwersytet Warmińsko- Mazurski w Olsztynie (Akademia Rolniczo-Techniczna w Olsztynie),https://ror.org/05s4feg49,Poland,PL,pl,EU,uwm.edu.pl,22,July,top-per-country,10.6084/m9.figshare.33062150.v3,https://doi.org/10.6084/m9.figshare.33062150.v3
webometrics,2026-09-28T01:22:12+00:00,overall,2026,1308,1,University of Ibadan,https://ror.org/03wx2rr30,Nigeria,NG,ng,AF,ui.edu.ng,22,July,top-per-country,10.6084/m9.figshare.33062150.v3,https://doi.org/10.6084/m9.figshare.33062150.v3
webometrics,2026-09-28T01:22:12+00:00,overall,2026,1308,7,Central European University Budapest / Közép-európai Egyetem,https://ror.org/02zx40v98,Hungary,HU,hu,EU,ceu.edu,22,July,top-per-country,10.6084/m9.figshare.33062150.v3,https://doi.org/10.6084/m9.figshare.33062150.v3
webometrics,2026-09-28T01:22:12+00:00,overall,2026,1310,5,Islamia University Bahawalpur,https://ror.org/002rc4w13,Pakistan,PK,pk,AS,iub.edu.pk,22,July,top-per-country,10.6084/m9.figshare.33062150.v3,https://doi.org/10.6084/m9.figshare.33062150.v3
webometrics,2026-09-28T01:22:12+00:00,overall,2026,1312,15,Tomsk Polytechnic University / Национальный исследовательский Томский Политехнический Университет,https://ror.org/00a45v709,Russia,RU,ru,EU,tpu.ru,22,July,top-per-country,10.6084/m9.figshare.33062150.v3,https://doi.org/10.6084/m9.figshare.33062150.v3
webometrics,2026-09-28T01:22:12+00:00,overall,2026,1315,6,University of Engineering & Technology Lahore,https://ror.org/0051w2v06,Pakistan,PK,pk,AS,uet.edu.pk,22,July,top-per-country,10.6084/m9.figshare.33062150.v3,https://doi.org/10.6084/m9.figshare.33062150.v3
webometrics,2026-09-28T01:22:12+00:00,overall,2026,1317,12,Universidade de Évora,https://ror.org/02gyps716,Portugal,PT,pt,EU,uevora.pt,23,July,top-per-country,10.6084/m9.figshare.33062150.v3,https://doi.org/10.6084/m9.figshare.33062150.v3
webometrics,2026-09-28T01:22:12+00:00,overall,2026,1319,2,Kaunas University of Technology / Kauno technologijos universitetas,https://ror.org/01me6gb93,Lithuania,LT,lt,EU,ktu.edu,23,July,top-per-country,10.6084/m9.figshare.33062150.v3,https://doi.org/10.6084/m9.figshare.33062150.v3
webometrics,2026-09-28T01:22:12+00:00,overall,2026,1321,8,Norwegian University of Life Sciences / Norges miljø- og biovitenskapelige universitet,https://ror.org/04a1mvv97,Norway,NO,no,EU,nmbu.no,23,July,top-per-country,10.6084/m9.figshare.33062150.v3,https://doi.org/10.6084/m9.figshare.33062150.v3
webometrics,2026-09-28T01:22:12+00:00,overall,2026,1332,13,Al Imam Muhammad Ibn Saud Islamic University,https://ror.org/05gxjyb39,Saudi Arabia,SA,sa,AW,imamu.edu.sa,23,July,top-per-country,10.6084/m9.figshare.33062150.v3,https://doi.org/10.6084/m9.figshare.33062150.v3
webometrics,2026-09-28T01:22:12+00:00,overall,2026,1333,2,Universidad Nacional Mayor de San Marcos,https://ror.org/006vs7897,Peru,PE,pe,IBC,unmsm.edu.pe,23,July,top-per-country,10.6084/m9.figshare.33062150.v3,https://doi.org/10.6084/m9.figshare.33062150.v3
webometrics,2026-09-28T01:22:12+00:00,overall,2026,1336,11,Rhodes University,https://ror.org/016sewp10,South Africa,ZA,za,AF,ru.ac.za,23,July,top-per-country,10.6084/m9.figshare.33062150.v3,https://doi.org/10.6084/m9.figshare.33062150.v3
webometrics,2026-09-28T01:22:12+00:00,overall,2026,1337,7,Transilvania University of Brasov,https://ror.org/01cg9ws23,Romania,RO,ro,EU,unitbv.ro,23,July,top-per-country,10.6084/m9.figshare.33062150.v3,https://doi.org/10.6084/m9.figshare.33062150.v3
webometrics,2026-09-28T01:22:12+00:00,overall,2026,1340,7,University of Lahore,https://ror.org/051jrjw38,Pakistan,PK,pk,AS,uol.edu.pk,23,July,top-per-country,10.6084/m9.figshare.33062150.v3,https://doi.org/10.6084/m9.figshare.33062150.v3
webometrics,2026-09-28T01:22:12+00:00,overall,2026,1342,9,Universiti Malaysia Terengganu,https://ror.org/02474f074,Malaysia,MY,my,AS,umt.edu.my,23,July,top-per-country,10.6084/m9.figshare.33062150.v3,https://doi.org/10.6084/m9.figshare.33062150.v3
webometrics,2026-09-28T01:22:12+00:00,overall,2026,1343,8,University of Agriculture Faisalabad,https://ror.org/054d77k59,Pakistan,PK,pk,AS,uaf.edu.pk,23,July,top-per-country,10.6084/m9.figshare.33062150.v3,https://doi.org/10.6084/m9.figshare.33062150.v3
webometrics,2026-09-28T01:22:12+00:00,overall,2026,1346,10,Sunway University,https://ror.org/04mjt7f73,Malaysia,MY,my,AS,sunwayuniversity.edu.my,23,July,top-per-country,10.6084/m9.figshare.33062150.v3,https://doi.org/10.6084/m9.figshare.33062150.v3
webometrics,2026-09-28T01:22:12+00:00,overall,2026,1351,9,Benemérita Universidad Autónoma de Puebla,https://ror.org/03p2z7827,Mexico,MX,mx,IBC,buap.mx,23,July,top-per-country,10.6084/m9.figshare.33062150.v3,https://doi.org/10.6084/m9.figshare.33062150.v3
webometrics,2026-09-28T01:22:12+00:00,overall,2026,1354,15,Medical University of Wroclaw / Uniwersytet Medyczny Piastów Śląskich we Wrocławiu,https://ror.org/01qpw1b93,Poland,PL,pl,EU,umw.edu.pl,23,July,top-per-country,10.6084/m9.figshare.33062150.v3,https://doi.org/10.6084/m9.figshare.33062150.v3
webometrics,2026-09-28T01:22:12+00:00,overall,2026,1356,11,Monash University Malaysia,https://ror.org/00yncr324,Malaysia,MY,my,AS,monash.edu.my,23,July,top-per-country,10.6084/m9.figshare.33062150.v3,https://doi.org/10.6084/m9.figshare.33062150.v3
webometrics,2026-09-28T01:22:12+00:00,overall,2026,1357,3,Hanoi University of Science and Technology / Trư ờng Đại học Bách Khoa Hà Nội,https://ror.org/04nyv3z04,Vietnam,VN,vn,AS,hust.edu.vn,23,July,top-per-country,10.6084/m9.figshare.33062150.v3,https://doi.org/10.6084/m9.figshare.33062150.v3
webometrics,2026-09-28T01:22:12+00:00,overall,2026,1358,10,University of Western Macedonia,https://ror.org/00a5pe906,Greece,GR,gr,EU,uowm.gr,23,July,top-per-country,10.6084/m9.figshare.33062150.v3,https://doi.org/10.6084/m9.figshare.33062150.v3
webometrics,2026-09-28T01:22:12+00:00,overall,2026,1367,9,Technological University Dublin (DIT+ITB+ITT),https://ror.org/04t0qbt32,Ireland,IE,ie,EU,tudublin.ie,23,July,top-per-country,10.6084/m9.figshare.33062150.v3,https://doi.org/10.6084/m9.figshare.33062150.v3
webometrics,2026-09-28T01:22:12+00:00,overall,2026,1383,9,Mendel University Brno / Mendelova univerzita v Brně MENDELU,https://ror.org/058aeep47,Czechia,CZ,cz,EU,mendelu.cz,23,July,top-per-country,10.6084/m9.figshare.33062150.v3,https://doi.org/10.6084/m9.figshare.33062150.v3
webometrics,2026-09-28T01:22:12+00:00,overall,2026,1385,1,Mohammed VI Polytechnic University,https://ror.org/03xc55g68,Morocco,MA,ma,AW,um6p.ma,23,July,top-per-country,10.6084/m9.figshare.33062150.v3,https://doi.org/10.6084/m9.figshare.33062150.v3
webometrics,2026-09-28T01:22:12+00:00,overall,2026,1387,12,Universiti Utara Malaysia,https://ror.org/01ss10648,Malaysia,MY,my,AS,uum.edu.my,23,July,top-per-country,10.6084/m9.figshare.33062150.v3,https://doi.org/10.6084/m9.figshare.33062150.v3
webometrics,2026-09-28T01:22:12+00:00,overall,2026,1392,14,Universitas Bina Nusantara,https://ror.org/03zmf4s77,Indonesia,ID,id,AS,binus.ac.id,23,July,top-per-country,10.6084/m9.figshare.33062150.v3,https://doi.org/10.6084/m9.figshare.33062150.v3
webometrics,2026-09-28T01:22:12+00:00,overall,2026,1394,3,University of Rijeka,https://ror.org/05r8dqr10,Croatia,HR,hr,EU,uniri.hr,23,July,top-per-country,10.6084/m9.figshare.33062150.v3,https://doi.org/10.6084/m9.figshare.33062150.v3
webometrics,2026-09-28T01:22:12+00:00,overall,2026,1395,9,University of Management and Technology,https://ror.org/0095xcq10,Pakistan,PK,pk,AS,umt.edu.pk,23,July,top-per-country,10.6084/m9.figshare.33062150.v3,https://doi.org/10.6084/m9.figshare.33062150.v3
webometrics,2026-09-28T01:22:12+00:00,overall,2026,1397,15,Universitas Negeri Padang,https://ror.org/04jrfgq66,Indonesia,ID,id,AS,unp.ac.id,23,July,top-per-country,10.6084/m9.figshare.33062150.v3,https://doi.org/10.6084/m9.figshare.33062150.v3
webometrics,2026-09-28T01:22:12+00:00,overall,2026,1400,2,Université Mohammed V de Rabat,https://ror.org/00r8w8f84,Morocco,MA,ma,AW,um5.ac.ma,23,July,top-per-country,10.6084/m9.figshare.33062150.v3,https://doi.org/10.6084/m9.figshare.33062150.v3
webometrics,2026-09-28T01:22:12+00:00,overall,2026,1410,2,University of Nigeria,https://ror.org/01sn1yx84,Nigeria,NG,ng,AF,unn.edu.ng,23,July,top-per-country,10.6084/m9.figshare.33062150.v3,https://doi.org/10.6084/m9.figshare.33062150.v3
webometrics,2026-09-28T01:22:12+00:00,overall,2026,1410,12,Université de Neuchâtel,https://ror.org/00vasag41,Switzerland,CH,ch,EU,unine.ch,23,July,top-per-country,10.6084/m9.figshare.33062150.v3,https://doi.org/10.6084/m9.figshare.33062150.v3
webometrics,2026-09-28T01:22:12+00:00,overall,2026,1412,4,Ton Duc Thang University / Đ ại học Tôn Đức Thắng Th ành ph ố Hồ Chí Minh,https://ror.org/01drq0835,Vietnam,VN,vn,AS,tdtu.edu.vn,23,July,top-per-country,10.6084/m9.figshare.33062150.v3,https://doi.org/10.6084/m9.figshare.33062150.v3
webometrics,2026-09-28T01:22:12+00:00,overall,2026,1414,12,Paris Lodron Universität Salzburg,https://ror.org/05gs8cd61,Austria,AT,at,EU,plus.ac.at,23,July,top-per-country,10.6084/m9.figshare.33062150.v3,https://doi.org/10.6084/m9.figshare.33062150.v3
webometrics,2026-09-28T01:22:12+00:00,overall,2026,1416,14,Al Jouf University,https://ror.org/02zsyt821,Saudi Arabia,SA,sa,AW,ju.edu.sa,24,July,top-per-country,10.6084/m9.figshare.33062150.v3,https://doi.org/10.6084/m9.figshare.33062150.v3
webometrics,2026-09-28T01:22:12+00:00,overall,2026,1422,10,Riphah International University,https://ror.org/02kdm5630,Pakistan,PK,pk,AS,riphah.edu.pk,24,July,top-per-country,10.6084/m9.figshare.33062150.v3,https://doi.org/10.6084/m9.figshare.33062150.v3
webometrics,2026-09-28T01:22:12+00:00,overall,2026,1425,2,Kazakh National University Al Farabi / Әл Фараби атындағы Қазақ ұлттық университеті,https://ror.org/03q0vrn42,Kazakhstan,KZ,kz,AS,kaznu.kz,24,July,top-per-country,10.6084/m9.figshare.33062150.v3,https://doi.org/10.6084/m9.figshare.33062150.v3
webometrics,2026-09-28T01:22:12+00:00,overall,2026,1427,10,King Mongkut's Institute of Technology Ladkrabang,https://ror.org/055mf0v62,Thailand,TH,th,AS,kmitl.ac.th,24,July,top-per-country,10.6084/m9.figshare.33062150.v3,https://doi.org/10.6084/m9.figshare.33062150.v3
webometrics,2026-09-28T01:22:12+00:00,overall,2026,1429,5,Mohamed bin Zayed University of Artificial Intelligence,https://ror.org/0258gkt32,United Arab Emirates,AE,ae,AW,mbzuai.ac.ae,24,July,top-per-country,10.6084/m9.figshare.33062150.v3,https://doi.org/10.6084/m9.figshare.33062150.v3
webometrics,2026-09-28T01:22:12+00:00,overall,2026,1431,7,Roskilde University / Roskilde Universitet,https://ror.org/014axpa37,Denmark,DK,dk,EU,ruc.dk,24,July,top-per-country,10.6084/m9.figshare.33062150.v3,https://doi.org/10.6084/m9.figshare.33062150.v3
webometrics,2026-09-28T01:22:12+00:00,overall,2026,1432,15,Taibah University,https://ror.org/01xv1nn60,Saudi Arabia,SA,sa,AW,taibahu.edu.sa,24,July,top-per-country,10.6084/m9.figshare.33062150.v3,https://doi.org/10.6084/m9.figshare.33062150.v3
webometrics,2026-09-28T01:22:12+00:00,overall,2026,1434,11,Asian Institute of Technology Thailand,https://ror.org/0403qcr87,Thailand,TH,th,AS,ait.ac.th,24,July,top-per-country,10.6084/m9.figshare.33062150.v3,https://doi.org/10.6084/m9.figshare.33062150.v3
webometrics,2026-09-28T01:22:12+00:00,overall,2026,1438,6,Ajman University,https://ror.org/01j1rma10,United Arab Emirates,AE,ae,AW,ajman.ac.ae,24,July,top-per-country,10.6084/m9.figshare.33062150.v3,https://doi.org/10.6084/m9.figshare.33062150.v3
webometrics,2026-09-28T01:22:12+00:00,overall,2026,1443,3,Université Cadi Ayyad Marrakech,https://ror.org/04xf6nm78,Morocco,MA,ma,AW,uca.ma,24,July,top-per-country,10.6084/m9.figshare.33062150.v3,https://doi.org/10.6084/m9.figshare.33062150.v3
webometrics,2026-09-28T01:22:12+00:00,overall,2026,1459,11,Bahauddin Zakariya University,https://ror.org/05x817c41,Pakistan,PK,pk,AS,bzu.edu.pk,24,July,top-per-country,10.6084/m9.figshare.33062150.v3,https://doi.org/10.6084/m9.figshare.33062150.v3
webometrics,2026-09-28T01:22:12+00:00,overall,2026,1460,2,Slovak University of Technology in Bratislava / Slovenská technická univerzita v Bratislave,https://ror.org/0561ghm58,Slovakia,SK,sk,EU,stuba.sk,24,July,top-per-country,10.6084/m9.figshare.33062150.v3,https://doi.org/10.6084/m9.figshare.33062150.v3
webometrics,2026-09-28T01:22:12+00:00,overall,2026,1460,13,Universiti Tun Hussein Onn Malaysia,https://ror.org/01c5wha71,Malaysia,MY,my,AS,uthm.edu.my,24,July,top-per-country,10.6084/m9.figshare.33062150.v3,https://doi.org/10.6084/m9.figshare.33062150.v3
webometrics,2026-09-28T01:22:12+00:00,overall,2026,1463,2,Eastern Mediterranean University,https://ror.org/00excyz84,TY,,ty,EU,emu.edu.tr,24,July,top-per-country,10.6084/m9.figshare.33062150.v3,https://doi.org/10.6084/m9.figshare.33062150.v3
webometrics,2026-09-28T01:22:12+00:00,overall,2026,1463,13,Alpen Adria Universität Klagenfurt,https://ror.org/05q9m0937,Austria,AT,at,EU,aau.at,24,July,top-per-country,10.6084/m9.figshare.33062150.v3,https://doi.org/10.6084/m9.figshare.33062150.v3
webometrics,2026-09-28T01:22:12+00:00,overall,2026,1463,13,(3) Universidade Lusófona de Humanidades e Tecnologias,https://ror.org/052kcks88,Portugal,PT,pt,EU,ulusofona.pt,24,July,top-per-country,10.6084/m9.figshare.33062150.v3,https://doi.org/10.6084/m9.figshare.33062150.v3
webometrics,2026-09-28T01:22:12+00:00,overall,2026,1477,10,University of Chemistry and Technology Prague / Vysoká Škola Chemicko-Technologická v Praze,https://ror.org/05ggn0a85,Czechia,CZ,cz,EU,vscht.cz,24,July,top-per-country,10.6084/m9.figshare.33062150.v3,https://doi.org/10.6084/m9.figshare.33062150.v3
webometrics,2026-09-28T01:22:12+00:00,overall,2026,1479,9,Université de Mons (Université de Mons-Hainaut),https://ror.org/02qnnz951,Belgium,BE,be,EU,umons.ac.be,24,July,top-per-country,10.6084/m9.figshare.33062150.v3,https://doi.org/10.6084/m9.figshare.33062150.v3
webometrics,2026-09-28T01:22:12+00:00,overall,2026,1489,3,University of Kragujevac / Универзитет у Крагујевцу / Univerzitet u Kragujevcu,https://ror.org/04f7vj627,Serbia,RS,rs,EU,kg.ac.rs,24,July,top-per-country,10.6084/m9.figshare.33062150.v3,https://doi.org/10.6084/m9.figshare.33062150.v3
webometrics,2026-09-28T01:22:12+00:00,overall,2026,1491,7,Universidad Austral de Chile,https://ror.org/029ycp228,Chile,CL,cl,IBC,uach.cl,24,July,top-per-country,10.6084/m9.figshare.33062150.v3,https://doi.org/10.6084/m9.figshare.33062150.v3
webometrics,2026-09-28T01:22:12+00:00,overall,2026,1493,1,An Najah National University,https://ror.org/0046mja08,Palestinian Territories,PS,ps,AW,najah.edu,24,July,top-per-country,10.6084/m9.figshare.33062150.v3,https://doi.org/10.6084/m9.figshare.33062150.v3
webometrics,2026-09-28T01:22:12+00:00,overall,2026,1496,3,University of Lagos,https://ror.org/05rk03822,Nigeria,NG,ng,AF,unilag.edu.ng,24,July,top-per-country,10.6084/m9.figshare.33062150.v3,https://doi.org/10.6084/m9.figshare.33062150.v3
webometrics,2026-09-28T01:22:12+00:00,overall,2026,1507,12,Menoufia University,https://ror.org/05sjrb944,Egypt,EG,eg,AW,menofia.edu.eg,24,July,top-per-country,10.6084/m9.figshare.33062150.v3,https://doi.org/10.6084/m9.figshare.33062150.v3
webometrics,2026-09-28T01:22:12+00:00,overall,2026,1519,5,University of Economics Ho Chi Minh City / Trường Đại học Kinh tế Thành phố Hồ Chí Minh,https://ror.org/010yce376,Vietnam,VN,vn,AS,ueh.edu.vn,24,July,top-per-country,10.6084/m9.figshare.33062150.v3,https://doi.org/10.6084/m9.figshare.33062150.v3
webometrics,2026-09-28T01:22:12+00:00,overall,2026,1528,11,University of West Bohemia / Západočeská univerzita v Plzni ZČU,https://ror.org/040t43x18,Czechia,CZ,cz,EU,zcu.cz,24,July,top-per-country,10.6084/m9.figshare.33062150.v3,https://doi.org/10.6084/m9.figshare.33062150.v3
webometrics,2026-09-28T01:22:12+00:00,overall,2026,1532,9,University of South Eastern Norway / Universitetet i Sørøst-Norge,https://ror.org/05ecg5h20,Norway,NO,no,EU,usn.no,24,July,top-per-country,10.6084/m9.figshare.33062150.v3,https://doi.org/10.6084/m9.figshare.33062150.v3
webometrics,2026-09-28T01:22:12+00:00,overall,2026,1534,12,University of West Attica,https://ror.org/00r2r5k05,Greece,GR,gr,EU,uniwa.gr,24,July,top-per-country,10.6084/m9.figshare.33062150.v3,https://doi.org/10.6084/m9.figshare.33062150.v3
webometrics,2026-09-28T01:22:12+00:00,overall,2026,1535,7,American University of Sharjah,https://ror.org/001g2fj96,United Arab Emirates,AE,ae,AW,aus.edu,24,July,top-per-country,10.6084/m9.figshare.33062150.v3,https://doi.org/10.6084/m9.figshare.33062150.v3
webometrics,2026-09-28T01:22:12+00:00,overall,2026,1538,14,Universidade do Porto,https://ror.org/043pwc612,Portugal,PT,pt,EU,up.pt,24,July,top-per-country,10.6084/m9.figshare.33062150.v3,https://doi.org/10.6084/m9.figshare.33062150.v3
webometrics,2026-09-28T01:22:12+00:00,overall,2026,1545,1,University of Sarajevo / Univerzitet u Sarajevu,https://ror.org/02hhwgd43,Bosnia & Herzegovina,BA,ba,EU,unsa.ba,25,July,top-per-country,10.6084/m9.figshare.33062150.v3,https://doi.org/10.6084/m9.figshare.33062150.v3
webometrics,2026-09-28T01:22:12+00:00,overall,2026,1551,3,Vytautas Magnus University / Vytauto Didžiojo universitetas,https://ror.org/04y7eh037,Lithuania,LT,lt,EU,vdu.lt,25,July,top-per-country,10.6084/m9.figshare.33062150.v3,https://doi.org/10.6084/m9.figshare.33062150.v3
webometrics,2026-09-28T01:22:12+00:00,overall,2026,1557,8,Lingnan University,https://ror.org/0563pg902,Hong Kong SAR China,HK,hk,AS,ln.edu.hk,25,July,top-per-country,10.6084/m9.figshare.33062150.v3,https://doi.org/10.6084/m9.figshare.33062150.v3
webometrics,2026-09-28T01:22:12+00:00,overall,2026,1558,14,Multimedia University,https://ror.org/04zrbnc33,Malaysia,MY,my,AS,mmu.edu.my,25,July,top-per-country,10.6084/m9.figshare.33062150.v3,https://doi.org/10.6084/m9.figshare.33062150.v3
webometrics,2026-09-28T01:22:12+00:00,overall,2026,1563,5,Universidad del Rosario,https://ror.org/0108mwc04,Colombia,CO,co,IBC,urosario.edu.co,25,July,top-per-country,10.6084/m9.figshare.33062150.v3,https://doi.org/10.6084/m9.figshare.33062150.v3
webometrics,2026-09-28T01:22:12+00:00,overall,2026,1565,8,Universidad de la Frontera,https://ror.org/04v0snf24,Chile,CL,cl,IBC,ufro.cl,25,July,top-per-country,10.6084/m9.figshare.33062150.v3,https://doi.org/10.6084/m9.figshare.33062150.v3
webometrics,2026-09-28T01:22:12+00:00,overall,2026,1566,14,Veterinarmedizinische Universität Wien,https://ror.org/01w6qp003,Austria,AT,at,EU,vetmeduni.ac.at,25,July,top-per-country,10.6084/m9.figshare.33062150.v3,https://doi.org/10.6084/m9.figshare.33062150.v3
webometrics,2026-09-28T01:22:12+00:00,overall,2026,1572,14,University of Karlstad / Karlstads Universitet,https://ror.org/05s754026,Sweden,SE,se,EU,kau.se,25,July,top-per-country,10.6084/m9.figshare.33062150.v3,https://doi.org/10.6084/m9.figshare.33062150.v3
webometrics,2026-09-28T01:22:12+00:00,overall,2026,1573,15,Universiti Malaysia Perlis,https://ror.org/00xmkb790,Malaysia,MY,my,AS,unimap.edu.my,25,July,top-per-country,10.6084/m9.figshare.33062150.v3,https://doi.org/10.6084/m9.figshare.33062150.v3
webometrics,2026-09-28T01:22:12+00:00,overall,2026,1590,1,Universidad San Francisco de Quito,https://ror.org/01r2c3v86,Ecuador,EC,ec,IBC,usfq.edu.ec,25,July,top-per-country,10.6084/m9.figshare.33062150.v3,https://doi.org/10.6084/m9.figshare.33062150.v3
webometrics,2026-09-28T01:22:12+00:00,overall,2026,1590,3,University of Žilina / Žilinská univerzita v Žiline,https://ror.org/031wwwj55,Slovakia,SK,sk,EU,uniza.sk,25,July,top-per-country,10.6084/m9.figshare.33062150.v3,https://doi.org/10.6084/m9.figshare.33062150.v3
webometrics,2026-09-28T01:22:12+00:00,overall,2026,1595,4,Technical University of Košice / Technická Univerzita v Košiciach,https://ror.org/05xm08015,Slovakia,SK,sk,EU,tuke.sk,25,July,top-per-country,10.6084/m9.figshare.33062150.v3,https://doi.org/10.6084/m9.figshare.33062150.v3
webometrics,2026-09-28T01:22:12+00:00,overall,2026,1595,9,Universidad Diego Portales,https://ror.org/03gtdcg60,Chile,CL,cl,IBC,udp.cl,25,July,top-per-country,10.6084/m9.figshare.33062150.v3,https://doi.org/10.6084/m9.figshare.33062150.v3
webometrics,2026-09-28T01:22:12+00:00,overall,2026,1598,10,Universidad de Talca,https://ror.org/01s4gpq44,Chile,CL,cl,IBC,utalca.cl,25,July,top-per-country,10.6084/m9.figshare.33062150.v3,https://doi.org/10.6084/m9.figshare.33062150.v3
webometrics,2026-09-28T01:22:12+00:00,overall,2026,1602,13,Agricultural University of Athens,https://ror.org/03xawq568,Greece,GR,gr,EU,aua.gr,25,July,top-per-country,10.6084/m9.figshare.33062150.v3,https://doi.org/10.6084/m9.figshare.33062150.v3
webometrics,2026-09-28T01:22:12+00:00,overall,2026,1602,14,Open University / Open Universiteit Netherlands,https://ror.org/018dfmf50,Netherlands,NL,nl,EU,ou.nl,25,July,top-per-country,10.6084/m9.figshare.33062150.v3,https://doi.org/10.6084/m9.figshare.33062150.v3
webometrics,2026-09-28T01:22:12+00:00,overall,2026,1605,13,Kafr El Sheikh University,https://ror.org/04a97mm30,Egypt,EG,eg,AW,kfs.edu.eg,25,July,top-per-country,10.6084/m9.figshare.33062150.v3,https://doi.org/10.6084/m9.figshare.33062150.v3
webometrics,2026-09-28T01:22:12+00:00,overall,2026,1607,2,Mustansiriyah University,https://ror.org/05s04wy35,Iraq,IQ,iq,AW,uomustansiriyah.edu.iq,25,July,top-per-country,10.6084/m9.figshare.33062150.v3,https://doi.org/10.6084/m9.figshare.33062150.v3
webometrics,2026-09-28T01:22:12+00:00,overall,2026,1616,8,Óbuda University (Budapest Polytechnic) / Óbudai Egyetem,https://ror.org/00ax71d21,Hungary,HU,hu,EU,uni-obuda.hu,25,July,top-per-country,10.6084/m9.figshare.33062150.v3,https://doi.org/10.6084/m9.figshare.33062150.v3
webometrics,2026-09-28T01:22:12+00:00,overall,2026,1618,6,Universidad del Valle Cali UNIVALLE,https://ror.org/00jb9vg53,Colombia,CO,co,IBC,univalle.edu.co,25,July,top-per-country,10.6084/m9.figshare.33062150.v3,https://doi.org/10.6084/m9.figshare.33062150.v3
webometrics,2026-09-28T01:22:12+00:00,overall,2026,1618,12,University of Education Pakistan,https://ror.org/052z7nw84,Pakistan,PK,pk,AS,ue.edu.pk,25,July,top-per-country,10.6084/m9.figshare.33062150.v3,https://doi.org/10.6084/m9.figshare.33062150.v3
webometrics,2026-09-28T01:22:12+00:00,overall,2026,1626,9,Carol Davila University of Medicine and Pharmacy,https://ror.org/04fm87419,Romania,RO,ro,EU,umfcd.ro,25,July,top-per-country,10.6084/m9.figshare.33062150.v3,https://doi.org/10.6084/m9.figshare.33062150.v3
webometrics,2026-09-28T01:22:12+00:00,overall,2026,1626,14,Minia University,https://ror.org/02hcv4z63,Egypt,EG,eg,AW,minia.edu.eg,25,July,top-per-country,10.6084/m9.figshare.33062150.v3,https://doi.org/10.6084/m9.figshare.33062150.v3
webometrics,2026-09-28T01:22:12+00:00,overall,2026,1631,7,Al Zaytoonah University,https://ror.org/04a5b0p13,Jordan,JO,jo,AW,zuj.edu.jo,25,July,top-per-country,10.6084/m9.figshare.33062150.v3,https://doi.org/10.6084/m9.figshare.33062150.v3
webometrics,2026-09-28T01:22:12+00:00,overall,2026,1634,8,Hashemite University,https://ror.org/04a1r5z94,Jordan,JO,jo,AW,hu.edu.jo,25,July,top-per-country,10.6084/m9.figshare.33062150.v3,https://doi.org/10.6084/m9.figshare.33062150.v3
webometrics,2026-09-28T01:22:12+00:00,overall,2026,1637,13,BFH Berner Fachhochschule / Haute école spécialisée bernoise,https://ror.org/02bnkt322,Switzerland,CH,ch,EU,bfh.ch,25,July,top-per-country,10.6084/m9.figshare.33062150.v3,https://doi.org/10.6084/m9.figshare.33062150.v3
webometrics,2026-09-28T01:22:12+00:00,overall,2026,1637,13,Government College University Faisalabad,https://ror.org/051zgra59,Pakistan,PK,pk,AS,gcuf.edu.pk,25,July,top-per-country,10.6084/m9.figshare.33062150.v3,https://doi.org/10.6084/m9.figshare.33062150.v3
webometrics,2026-09-28T01:22:12+00:00,overall,2026,1642,8,Zayed University,https://ror.org/03snqfa66,United Arab Emirates,AE,ae,AW,zu.ac.ae,25,July,top-per-country,10.6084/m9.figshare.33062150.v3,https://doi.org/10.6084/m9.figshare.33062150.v3
webometrics,2026-09-28T01:22:12+00:00,overall,2026,1664,13,Walailak University,https://ror.org/04b69g067,Thailand,TH,th,AS,wu.ac.th,25,July,top-per-country,10.6084/m9.figshare.33062150.v3,https://doi.org/10.6084/m9.figshare.33062150.v3
webometrics,2026-09-28T01:22:12+00:00,overall,2026,1671,4,Université Sidi Mohammed Ben Abdellah Fes,https://ror.org/04efg9a07,Morocco,MA,ma,AW,usmba.ac.ma,25,July,top-per-country,10.6084/m9.figshare.33062150.v3,https://doi.org/10.6084/m9.figshare.33062150.v3
webometrics,2026-09-28T01:22:12+00:00,overall,2026,1671,10,Université de Namur,https://ror.org/03d1maw17,Belgium,BE,be,EU,unamur.be,25,July,top-per-country,10.6084/m9.figshare.33062150.v3,https://doi.org/10.6084/m9.figshare.33062150.v3
webometrics,2026-09-28T01:22:12+00:00,overall,2026,1676,8,Lincoln University Canterbury,https://ror.org/04ps1r162,New Zealand,NZ,nz,AU,lincoln.ac.nz,25,July,top-per-country,10.6084/m9.figshare.33062150.v3,https://doi.org/10.6084/m9.figshare.33062150.v3
webometrics,2026-09-28T01:22:12+00:00,overall,2026,1679,15,Malmo University / Malmö högskola,https://ror.org/05wp7an13,Sweden,SE,se,EU,mau.se,25,July,top-per-country,10.6084/m9.figshare.33062150.v3,https://doi.org/10.6084/m9.figshare.33062150.v3
webometrics,2026-09-28T01:22:12+00:00,overall,2026,1687,9,Al Balqa Applied University,https://ror.org/00qedmt22,Jordan,JO,jo,AW,bau.edu.jo,26,July,top-per-country,10.6084/m9.figshare.33062150.v3,https://doi.org/10.6084/m9.figshare.33062150.v3
webometrics,2026-09-28T01:22:12+00:00,overall,2026,1689,3,University of Technology Iraq,https://ror.org/01w1ehb86,Iraq,IQ,iq,AW,uotechnology.edu.iq,26,July,top-per-country,10.6084/m9.figshare.33062150.v3,https://doi.org/10.6084/m9.figshare.33062150.v3
webometrics,2026-09-28T01:22:12+00:00,overall,2026,1689,7,University of Danang / Đại học Đà Nẵng,https://ror.org/03ecpp171,Vietnam,VN,vn,AS,udn.vn,26,July,top-per-country,10.6084/m9.figshare.33062150.v3,https://doi.org/10.6084/m9.figshare.33062150.v3
webometrics,2026-09-28T01:22:12+00:00,overall,2026,1692,11,Universidad de Tarapacá,https://ror.org/04xe01d27,Chile,CL,cl,IBC,uta.cl,26,July,top-per-country,10.6084/m9.figshare.33062150.v3,https://doi.org/10.6084/m9.figshare.33062150.v3
webometrics,2026-09-28T01:22:12+00:00,overall,2026,1699,12,University of Hradec Králové / Univerzita Hradec Králové UHK,https://ror.org/05k238v14,Czechia,CZ,cz,EU,uhk.cz,26,July,top-per-country,10.6084/m9.figshare.33062150.v3,https://doi.org/10.6084/m9.figshare.33062150.v3
webometrics,2026-09-28T01:22:12+00:00,overall,2026,1704,5,Université Hassan II de Casablanca,https://ror.org/001q4kn48,Morocco,MA,ma,AW,univh2c.ma,26,July,top-per-country,10.6084/m9.figshare.33062150.v3,https://doi.org/10.6084/m9.figshare.33062150.v3
webometrics,2026-09-28T01:22:12+00:00,overall,2026,1706,4,Universidad Nacional de Rosario,https://ror.org/02tphfq59,Argentina,AR,ar,IBC,unr.edu.ar,26,July,top-per-country,10.6084/m9.figshare.33062150.v3,https://doi.org/10.6084/m9.figshare.33062150.v3
webometrics,2026-09-28T01:22:12+00:00,overall,2026,1715,6,Université Ibn Tofail Kénitra,https://ror.org/02wj89n04,Morocco,MA,ma,AW,uit.ac.ma,26,July,top-per-country,10.6084/m9.figshare.33062150.v3,https://doi.org/10.6084/m9.figshare.33062150.v3
webometrics,2026-09-28T01:22:12+00:00,overall,2026,1717,3,Cyprus University of Technology,https://ror.org/05qt8tf94,Cyprus,CY,cy,EU,cut.ac.cy,26,July,top-per-country,10.6084/m9.figshare.33062150.v3,https://doi.org/10.6084/m9.figshare.33062150.v3
webometrics,2026-09-28T01:22:12+00:00,overall,2026,1717,8,Vietnam National University Ho Chi Minh City / Đại học Quốc gia Thành phố Hồ Chí Minh,https://ror.org/00waaqh38,Vietnam,VN,vn,AS,vnuhcm.edu.vn,26,July,top-per-country,10.6084/m9.figshare.33062150.v3,https://doi.org/10.6084/m9.figshare.33062150.v3
webometrics,2026-09-28T01:22:12+00:00,overall,2026,1722,1,Tribhuvan University,https://ror.org/02rg1r889,Nepal,NP,np,AS,tu.edu.np,26,July,top-per-country,10.6084/m9.figshare.33062150.v3,https://doi.org/10.6084/m9.figshare.33062150.v3
webometrics,2026-09-28T01:22:12+00:00,overall,2026,1726,2,De La Salle University Manila,https://ror.org/04xftk194,Philippines,PH,ph,AS,dlsu.edu.ph,26,July,top-per-country,10.6084/m9.figshare.33062150.v3,https://doi.org/10.6084/m9.figshare.33062150.v3
webometrics,2026-09-28T01:22:12+00:00,overall,2026,1728,7,Université Moulay Ismail Meknès,https://ror.org/04cnscd67,Morocco,MA,ma,AW,umi.ac.ma,26,July,top-per-country,10.6084/m9.figshare.33062150.v3,https://doi.org/10.6084/m9.figshare.33062150.v3
webometrics,2026-09-28T01:22:12+00:00,overall,2026,1731,3,University of Cape Coast,https://ror.org/0492nfe34,Ghana,GH,gh,AF,ucc.edu.gh,26,July,top-per-country,10.6084/m9.figshare.33062150.v3,https://doi.org/10.6084/m9.figshare.33062150.v3
webometrics,2026-09-28T01:22:12+00:00,overall,2026,1731,9,Hungarian University of Agriculture and Life Sciences / Magyar Agrár- és Élettudományi Egyetem MATE,https://ror.org/01394d192,Hungary,HU,hu,EU,uni-mate.hu,26,July,top-per-country,10.6084/m9.figshare.33062150.v3,https://doi.org/10.6084/m9.figshare.33062150.v3
webometrics,2026-09-28T01:22:12+00:00,overall,2026,1745,1,University of Colombo,https://ror.org/02phn5242,Sri Lanka,LK,lk,AS,cmb.ac.lk,26,July,top-per-country,10.6084/m9.figshare.33062150.v3,https://doi.org/10.6084/m9.figshare.33062150.v3
webometrics,2026-09-28T01:22:12+00:00,overall,2026,1746,4,Vilnius Gediminas Technical University / Vilniaus Gedimino technikos universitetas,https://ror.org/02x3e4q36,Lithuania,LT,lt,EU,vilniustech.lt,26,July,top-per-country,10.6084/m9.figshare.33062150.v3,https://doi.org/10.6084/m9.figshare.33062150.v3
webometrics,2026-09-28T01:22:12+00:00,overall,2026,1747,9,Abu Dhabi University,https://ror.org/01r3kjq03,United Arab Emirates,AE,ae,AW,adu.ac.ae,26,July,top-per-country,10.6084/m9.figshare.33062150.v3,https://doi.org/10.6084/m9.figshare.33062150.v3
webometrics,2026-09-28T01:22:12+00:00,overall,2026,1755,11,Universidad de Guanajuato,https://ror.org/058cjye32,Mexico,MX,mx,IBC,ugto.mx,26,July,top-per-country,10.6084/m9.figshare.33062150.v3,https://doi.org/10.6084/m9.figshare.33062150.v3
webometrics,2026-09-28T01:22:12+00:00,overall,2026,1763,5,Pavol Jozef Šafárik University in Košice / Univerzita Pavla Jozefa Šafárika v Košiciach,https://ror.org/039965637,Slovakia,SK,sk,EU,upjs.sk,26,July,top-per-country,10.6084/m9.figshare.33062150.v3,https://doi.org/10.6084/m9.figshare.33062150.v3
webometrics,2026-09-28T01:22:12+00:00,overall,2026,1763,15,Donau Universität Krems Universität für Weiterbildung,https://ror.org/03ef4a036,Austria,AT,at,EU,donau-uni.ac.at,26,July,top-per-country,10.6084/m9.figshare.33062150.v3,https://doi.org/10.6084/m9.figshare.33062150.v3
webometrics,2026-09-28T01:22:12+00:00,overall,2026,1765,12,Universidad Técnica Federico Santa María,https://ror.org/05510vn56,Chile,CL,cl,IBC,usm.cl,26,July,top-per-country,10.6084/m9.figshare.33062150.v3,https://doi.org/10.6084/m9.figshare.33062150.v3
webometrics,2026-09-28T01:22:12+00:00,overall,2026,1791,4,University of Rajshahi,https://ror.org/05nnyr510,Bangladesh,BD,bd,AS,ru.ac.bd,26,July,top-per-country,10.6084/m9.figshare.33062150.v3,https://doi.org/10.6084/m9.figshare.33062150.v3
webometrics,2026-09-28T01:22:12+00:00,overall,2026,1794,15,Instituto Politécnico de Bragança,https://ror.org/00prsav78,Portugal,PT,pt,EU,ipb.pt,26,July,top-per-country,10.6084/m9.figshare.33062150.v3,https://doi.org/10.6084/m9.figshare.33062150.v3
webometrics,2026-09-28T01:22:12+00:00,overall,2026,1800,1,Ss Cyril and Methodius University Skopje,https://ror.org/02wk2vx54,North Macedonia,MK,mk,EU,ukim.edu.mk,26,July,top-per-country,10.6084/m9.figshare.33062150.v3,https://doi.org/10.6084/m9.figshare.33062150.v3
webometrics,2026-09-28T01:22:12+00:00,overall,2026,1800,14,Fachhochschule Nordwestschweiz,https://ror.org/04mq2g308,Switzerland,CH,ch,EU,fhnw.ch,26,July,top-per-country,10.6084/m9.figshare.33062150.v3,https://doi.org/10.6084/m9.figshare.33062150.v3
webometrics,2026-09-28T01:22:12+00:00,overall,2026,1805,9,VNUHCM University of Technology / Trường Đại học Bách khoa,https://ror.org/04qva2324,Vietnam,VN,vn,AS,hcmut.edu.vn,26,July,top-per-country,10.6084/m9.figshare.33062150.v3,https://doi.org/10.6084/m9.figshare.33062150.v3
webometrics,2026-09-28T01:22:12+00:00,overall,2026,1814,3,L N Gumilov Eurasian National University / Л Н Гумилев атындағы Еуразия ұлттық университеті,https://ror.org/0242cby63,Kazakhstan,KZ,kz,AS,enu.kz,26,July,top-per-country,10.6084/m9.figshare.33062150.v3,https://doi.org/10.6084/m9.figshare.33062150.v3
webometrics,2026-09-28T01:22:12+00:00,overall,2026,1814,13,Universidad Adolfo Ibáñez,https://ror.org/0326knt82,Chile,CL,cl,IBC,uai.cl,27,July,top-per-country,10.6084/m9.figshare.33062150.v3,https://doi.org/10.6084/m9.figshare.33062150.v3
webometrics,2026-09-28T01:22:12+00:00,overall,2026,1817,14,International Islamic University Islamabad,https://ror.org/047w75g40,Pakistan,PK,pk,AS,iiu.edu.pk,27,July,top-per-country,10.6084/m9.figshare.33062150.v3,https://doi.org/10.6084/m9.figshare.33062150.v3
webometrics,2026-09-28T01:22:12+00:00,overall,2026,1823,2,University of Nizwa,https://ror.org/01pxe3r04,Oman,OM,om,AW,unizwa.edu.om,27,July,top-per-country,10.6084/m9.figshare.33062150.v3,https://doi.org/10.6084/m9.figshare.33062150.v3
webometrics,2026-09-28T01:22:12+00:00,overall,2026,1827,14,Universidad Católica del Norte,https://ror.org/02akpm128,Chile,CL,cl,IBC,ucn.cl,27,July,top-per-country,10.6084/m9.figshare.33062150.v3,https://doi.org/10.6084/m9.figshare.33062150.v3
webometrics,2026-09-28T01:22:12+00:00,overall,2026,1829,15,Haute École Spécialisée de la Suisse Occidentale,https://ror.org/01xkakk17,Switzerland,CH,ch,EU,hes-so.ch,27,July,top-per-country,10.6084/m9.figshare.33062150.v3,https://doi.org/10.6084/m9.figshare.33062150.v3
webometrics,2026-09-28T01:22:12+00:00,overall,2026,1832,8,IT University of Copenhagen / IT-Universitetet i København,https://ror.org/02309jg23,Denmark,DK,dk,EU,itu.dk,27,July,top-per-country,10.6084/m9.figshare.33062150.v3,https://doi.org/10.6084/m9.figshare.33062150.v3
webometrics,2026-09-28T01:22:12+00:00,overall,2026,1832,11,Nord University,https://ror.org/030mwrt98,Norway,NO,no,EU,nord.no,27,July,top-per-country,10.6084/m9.figshare.33062150.v3,https://doi.org/10.6084/m9.figshare.33062150.v3
webometrics,2026-09-28T01:22:12+00:00,overall,2026,1834,10,Corvinus University of Budapest / Budapesti Corvinus Egyetem BCE,https://ror.org/01vxfm326,Hungary,HU,hu,EU,uni-corvinus.hu,27,July,top-per-country,10.6084/m9.figshare.33062150.v3,https://doi.org/10.6084/m9.figshare.33062150.v3
webometrics,2026-09-28T01:22:12+00:00,overall,2026,1834,12,Ostfold University College / Høgskolen i Østfold,https://ror.org/04gf7fp41,Norway,NO,no,EU,hiof.no,27,July,top-per-country,10.6084/m9.figshare.33062150.v3,https://doi.org/10.6084/m9.figshare.33062150.v3
webometrics,2026-09-28T01:22:12+00:00,overall,2026,1838,12,Durban University of Technology,https://ror.org/0303y7a51,South Africa,ZA,za,AF,dut.ac.za,27,July,top-per-country,10.6084/m9.figshare.33062150.v3,https://doi.org/10.6084/m9.figshare.33062150.v3
webometrics,2026-09-28T01:22:12+00:00,overall,2026,1843,4,Diyala University,https://ror.org/01eb5yv70,Iraq,IQ,iq,AW,uodiyala.edu.iq,27,July,top-per-country,10.6084/m9.figshare.33062150.v3,https://doi.org/10.6084/m9.figshare.33062150.v3
webometrics,2026-09-28T01:22:12+00:00,overall,2026,1843,15,University of Piraeus,https://ror.org/02qs84g94,Greece,GR,gr,EU,unipi.gr,27,July,top-per-country,10.6084/m9.figshare.33062150.v3,https://doi.org/10.6084/m9.figshare.33062150.v3
webometrics,2026-09-28T01:22:12+00:00,overall,2026,1847,5,Brac University,https://ror.org/00sge8677,Bangladesh,BD,bd,AS,bracu.ac.bd,27,July,top-per-country,10.6084/m9.figshare.33062150.v3,https://doi.org/10.6084/m9.figshare.33062150.v3
webometrics,2026-09-28T01:22:12+00:00,overall,2026,1853,13,Nelson Mandela University,https://ror.org/03r1jm528,South Africa,ZA,za,AF,mandela.ac.za,27,July,top-per-country,10.6084/m9.figshare.33062150.v3,https://doi.org/10.6084/m9.figshare.33062150.v3
webometrics,2026-09-28T01:22:12+00:00,overall,2026,1856,8,Université Ibnou Zohr d'Agadir,https://ror.org/006sgpv47,Morocco,MA,ma,AW,uiz.ac.ma,27,July,top-per-country,10.6084/m9.figshare.33062150.v3,https://doi.org/10.6084/m9.figshare.33062150.v3
webometrics,2026-09-28T01:22:12+00:00,overall,2026,1856,11,Dunarea de Jos University Galati,https://ror.org/052sta926,Romania,RO,ro,EU,ugal.ro,27,July,top-per-country,10.6084/m9.figshare.33062150.v3,https://doi.org/10.6084/m9.figshare.33062150.v3
webometrics,2026-09-28T01:22:12+00:00,overall,2026,1860,13,BI Norwegian Business School / Handelshøyskolen BI,https://ror.org/03ez40v33,Norway,NO,no,EU,bi.no,27,July,top-per-country,10.6084/m9.figshare.33062150.v3,https://doi.org/10.6084/m9.figshare.33062150.v3
webometrics,2026-09-28T01:22:12+00:00,overall,2026,1875,10,Applied Science Private University,https://ror.org/01ah6nb52,Jordan,JO,jo,AW,asu.edu.jo,27,July,top-per-country,10.6084/m9.figshare.33062150.v3,https://doi.org/10.6084/m9.figshare.33062150.v3
webometrics,2026-09-28T01:22:12+00:00,overall,2026,1877,12,Universidad Autónoma de Baja California,https://ror.org/05xwcq167,Mexico,MX,mx,IBC,uabc.mx,27,July,top-per-country,10.6084/m9.figshare.33062150.v3,https://doi.org/10.6084/m9.figshare.33062150.v3
webometrics,2026-09-28T01:22:12+00:00,overall,2026,1880,15,Universidad de Valparaíso,https://ror.org/00h9jrb69,Chile,CL,cl,IBC,uv.cl,27,July,top-per-country,10.6084/m9.figshare.33062150.v3,https://doi.org/10.6084/m9.figshare.33062150.v3
webometrics,2026-09-28T01:22:12+00:00,overall,2026,1890,15,Government College University Lahore,https://ror.org/040gec961,Pakistan,PK,pk,AS,gcu.edu.pk,27,July,top-per-country,10.6084/m9.figshare.33062150.v3,https://doi.org/10.6084/m9.figshare.33062150.v3
webometrics,2026-09-28T01:22:12+00:00,overall,2026,1892,8,Ariel University,https://ror.org/03nz8qe97,Israel,IL,il,EU,ariel.ac.il,27,July,top-per-country,10.6084/m9.figshare.33062150.v3,https://doi.org/10.6084/m9.figshare.33062150.v3
webometrics,2026-09-28T01:22:12+00:00,overall,2026,1900,12,University of Medicine and Pharmacy Iuliu Hatieganu Cluj Napoca,https://ror.org/051h0cw83,Romania,RO,ro,EU,umfcluj.ro,27,July,top-per-country,10.6084/m9.figshare.33062150.v3,https://doi.org/10.6084/m9.figshare.33062150.v3
webometrics,2026-09-28T01:22:12+00:00,overall,2026,1903,1,Ivane Javakhishvili Tbilisi State University,https://ror.org/05fd1hd85,Georgia,GE,ge,EU,tsu.ge,27,July,top-per-country,10.6084/m9.figshare.33062150.v3,https://doi.org/10.6084/m9.figshare.33062150.v3
webometrics,2026-09-28T01:22:12+00:00,overall,2026,1906,13,University Lucian Blaga of Sibiu,https://ror.org/026gdz537,Romania,RO,ro,EU,ulbsibiu.ro,27,July,top-per-country,10.6084/m9.figshare.33062150.v3,https://doi.org/10.6084/m9.figshare.33062150.v3
webometrics,2026-09-28T01:22:12+00:00,overall,2026,1909,14,Oradea University,https://ror.org/00wzhv093,Romania,RO,ro,EU,uoradea.ro,27,July,top-per-country,10.6084/m9.figshare.33062150.v3,https://doi.org/10.6084/m9.figshare.33062150.v3
webometrics,2026-09-28T01:22:12+00:00,overall,2026,1913,13,University of Economics Prague / Vysoká škola ekonomická v Praze VŠE,https://ror.org/029ecwj92,Czechia,CZ,cz,EU,vse.cz,27,July,top-per-country,10.6084/m9.figshare.33062150.v3,https://doi.org/10.6084/m9.figshare.33062150.v3
webometrics,2026-09-28T01:22:12+00:00,overall,2026,1920,2,Escuela Superior Politécnica del Litoral,https://ror.org/04qenc566,Ecuador,EC,ec,IBC,espol.edu.ec,27,July,top-per-country,10.6084/m9.figshare.33062150.v3,https://doi.org/10.6084/m9.figshare.33062150.v3
webometrics,2026-09-28T01:22:12+00:00,overall,2026,1921,2,Ilia State University,https://ror.org/051qn8h41,Georgia,GE,ge,EU,iliauni.edu.ge,27,July,top-per-country,10.6084/m9.figshare.33062150.v3,https://doi.org/10.6084/m9.figshare.33062150.v3
webometrics,2026-09-28T01:22:12+00:00,overall,2026,1921,5,University of Babylon,https://ror.org/0170edc15,Iraq,IQ,iq,AW,uobabylon.edu.iq,27,July,top-per-country,10.6084/m9.figshare.33062150.v3,https://doi.org/10.6084/m9.figshare.33062150.v3
webometrics,2026-09-28T01:22:12+00:00,overall,2026,1925,2,(3) Universidad de Puerto Rico Mayaguez,https://ror.org/00wek6x04,Puerto Rico,PR,pr,IBC,uprm.edu,27,July,top-per-country,10.6084/m9.figshare.33062150.v3,https://doi.org/10.6084/m9.figshare.33062150.v3
webometrics,2026-09-28T01:22:12+00:00,overall,2026,1937,10,Can Tho University / Đại học Cần Thơ,https://ror.org/0071qz696,Vietnam,VN,vn,AS,ctu.edu.vn,27,July,top-per-country,10.6084/m9.figshare.33062150.v3,https://doi.org/10.6084/m9.figshare.33062150.v3
webometrics,2026-09-28T01:22:12+00:00,overall,2026,1947,3,Tallinn University / Tallinna Ülikool,https://ror.org/05mey9k78,Estonia,EE,ee,EU,tlu.ee,27,July,top-per-country,10.6084/m9.figshare.33062150.v3,https://doi.org/10.6084/m9.figshare.33062150.v3
webometrics,2026-09-28T01:22:12+00:00,overall,2026,1960,4,Obafemi Awolowo University,https://ror.org/04snhqa82,Nigeria,NG,ng,AF,oauife.edu.ng,28,July,top-per-country,10.6084/m9.figshare.33062150.v3,https://doi.org/10.6084/m9.figshare.33062150.v3
webometrics,2026-09-28T01:22:12+00:00,overall,2026,1966,6,North South University Bangladesh,https://ror.org/05wdbfp45,Bangladesh,BD,bd,AS,northsouth.edu,28,July,top-per-country,10.6084/m9.figshare.33062150.v3,https://doi.org/10.6084/m9.figshare.33062150.v3
webometrics,2026-09-28T01:22:12+00:00,overall,2026,1970,1,University of Dar Es Salaam,https://ror.org/0479aed98,Tanzania,TZ,tz,AF,udsm.ac.tz,28,July,top-per-country,10.6084/m9.figshare.33062150.v3,https://doi.org/10.6084/m9.figshare.33062150.v3
webometrics,2026-09-28T01:22:12+00:00,overall,2026,1970,3,Universidade da Cidade de Macau / City University of Macau (Universidade Aberta Internacional),https://ror.org/04gpd4q15,Macao SAR China,MO,mo,AS,cityu.edu.mo,28,July,top-per-country,10.6084/m9.figshare.33062150.v3,https://doi.org/10.6084/m9.figshare.33062150.v3
webometrics,2026-09-28T01:22:12+00:00,overall,2026,1970,5,University of Ilorin,https://ror.org/032kdwk38,Nigeria,NG,ng,AF,unilorin.edu.ng,28,July,top-per-country,10.6084/m9.figshare.33062150.v3,https://doi.org/10.6084/m9.figshare.33062150.v3
webometrics,2026-09-28T01:22:12+00:00,overall,2026,1986,14,Cape Peninsula University of Technology,https://ror.org/056e9h402,South Africa,ZA,za,AF,cput.ac.za,28,July,top-per-country,10.6084/m9.figshare.33062150.v3,https://doi.org/10.6084/m9.figshare.33062150.v3
webometrics,2026-09-28T01:22:12+00:00,overall,2026,1986,15,Politehnica University Timisoara / Universitatea Politehnica Timişoara,https://ror.org/02v91gy68,Romania,RO,ro,EU,upt.ro,28,July,top-per-country,10.6084/m9.figshare.33062150.v3,https://doi.org/10.6084/m9.figshare.33062150.v3
webometrics,2026-09-28T01:22:12+00:00,overall,2026,1991,14,Tomas Bata University in Zlín / Univerzita Tomáše Bati ve Zlíně UTB,https://ror.org/04nayfw11,Czechia,CZ,cz,EU,utb.cz,28,July,top-per-country,10.6084/m9.figshare.33062150.v3,https://doi.org/10.6084/m9.figshare.33062150.v3
webometrics,2026-09-28T01:22:12+00:00,overall,2026,1993,4,European University Cyprus,https://ror.org/04xp48827,Cyprus,CY,cy,EU,euc.ac.cy,28,July,top-per-country,10.6084/m9.figshare.33062150.v3,https://doi.org/10.6084/m9.figshare.33062150.v3
webometrics,2026-09-28T01:22:12+00:00,overall,2026,2001,6,Ahmadu Bello University,https://ror.org/019apvn83,Nigeria,NG,ng,AF,abu.edu.ng,28,July,top-per-country,10.6084/m9.figshare.33062150.v3,https://doi.org/10.6084/m9.figshare.33062150.v3
webometrics,2026-09-28T01:22:12+00:00,overall,2026,2002,15,Hogeschool van Amsterdam HvA,https://ror.org/00y2z2s03,Netherlands,NL,nl,EU,hva.nl,28,July,top-per-country,10.6084/m9.figshare.33062150.v3,https://doi.org/10.6084/m9.figshare.33062150.v3
webometrics,2026-09-28T01:22:12+00:00,overall,2026,2007,5,Universidad Nacional de Mar del Plata,https://ror.org/055eqsb67,Argentina,AR,ar,IBC,mdp.edu.ar,28,July,top-per-country,10.6084/m9.figshare.33062150.v3,https://doi.org/10.6084/m9.figshare.33062150.v3
webometrics,2026-09-28T01:22:12+00:00,overall,2026,2015,14,Mahasarakham University,https://ror.org/0453j3c58,Thailand,TH,th,AS,msu.ac.th,28,July,top-per-country,10.6084/m9.figshare.33062150.v3,https://doi.org/10.6084/m9.figshare.33062150.v3
webometrics,2026-09-28T01:22:12+00:00,overall,2026,2027,7,Covenant University Ota,https://ror.org/00frr1n84,Nigeria,NG,ng,AF,covenantuniversity.edu.ng,28,July,top-per-country,10.6084/m9.figshare.33062150.v3,https://doi.org/10.6084/m9.figshare.33062150.v3
webometrics,2026-09-28T01:22:12+00:00,overall,2026,2030,3,University of the Philippines Manila,https://ror.org/01rrczv41,Philippines,PH,ph,AS,upm.edu.ph,28,July,top-per-country,10.6084/m9.figshare.33062150.v3,https://doi.org/10.6084/m9.figshare.33062150.v3
webometrics,2026-09-28T01:22:12+00:00,overall,2026,2043,9,Université Sultan Moulay Slimane Beni Mellal,https://ror.org/02m8tb249,Morocco,MA,ma,AW,usms.ac.ma,28,July,top-per-country,10.6084/m9.figshare.33062150.v3,https://doi.org/10.6084/m9.figshare.33062150.v3
webometrics,2026-09-28T01:22:12+00:00,overall,2026,2048,1,Kuwait University,https://ror.org/021e5j056,Kuwait,KW,kw,AW,ku.edu.kw,28,July,top-per-country,10.6084/m9.figshare.33062150.v3,https://doi.org/10.6084/m9.figshare.33062150.v3
webometrics,2026-09-28T01:22:12+00:00,overall,2026,2048,13,Universidad Autónoma del Estado de México,https://ror.org/0079gpv38,Mexico,MX,mx,IBC,uaemex.mx,28,July,top-per-country,10.6084/m9.figshare.33062150.v3,https://doi.org/10.6084/m9.figshare.33062150.v3
webometrics,2026-09-28T01:22:12+00:00,overall,2026,2057,6,Universidad Nacional del Litoral,https://ror.org/00pt8r998,Argentina,AR,ar,IBC,unl.edu.ar,28,July,top-per-country,10.6084/m9.figshare.33062150.v3,https://doi.org/10.6084/m9.figshare.33062150.v3
webometrics,2026-09-28T01:22:12+00:00,overall,2026,2061,6,University of Anbar,https://ror.org/055a6gk50,Iraq,IQ,iq,AW,uoanbar.edu.iq,28,July,top-per-country,10.6084/m9.figshare.33062150.v3,https://doi.org/10.6084/m9.figshare.33062150.v3
webometrics,2026-09-28T01:22:12+00:00,overall,2026,2061,7,Jahangirnagar University,https://ror.org/04ywb0864,Bangladesh,BD,bd,AS,juniv.edu,28,July,top-per-country,10.6084/m9.figshare.33062150.v3,https://doi.org/10.6084/m9.figshare.33062150.v3
webometrics,2026-09-28T01:22:12+00:00,overall,2026,2064,14,Inland Norway University of Applied Sciences,https://ror.org/02dx4dc92,Norway,NO,no,EU,inn.no,28,July,top-per-country,10.6084/m9.figshare.33062150.v3,https://doi.org/10.6084/m9.figshare.33062150.v3
webometrics,2026-09-28T01:22:12+00:00,overall,2026,2067,7,Universidad del Norte Barranquilla,https://ror.org/031e6xm45,Colombia,CO,co,IBC,uninorte.edu.co,28,July,top-per-country,10.6084/m9.figshare.33062150.v3,https://doi.org/10.6084/m9.figshare.33062150.v3
webometrics,2026-09-28T01:22:12+00:00,overall,2026,2081,15,(1) University of Ostrava / Ostravská univerzita v Ostravě OU,https://ror.org/00pyqav47,Czechia,CZ,cz,EU,osu.cz,28,July,top-per-country,10.6084/m9.figshare.33062150.v3,https://doi.org/10.6084/m9.figshare.33062150.v3
webometrics,2026-09-28T01:22:12+00:00,overall,2026,2085,1,University of Bahrain,https://ror.org/0317ekv86,Bahrain,BH,bh,AW,uob.edu.bh,28,July,top-per-country,10.6084/m9.figshare.33062150.v3,https://doi.org/10.6084/m9.figshare.33062150.v3
webometrics,2026-09-28T01:22:12+00:00,overall,2026,2085,11,Ho Chi Minh City University of Technology HUTECH/ Đại học Công Nghệ Thành phố Hồ Chí Minh HUTECH,https://ror.org/05xpj2n48,Vietnam,VN,vn,AS,hutech.edu.vn,28,July,top-per-country,10.6084/m9.figshare.33062150.v3,https://doi.org/10.6084/m9.figshare.33062150.v3
webometrics,2026-09-28T01:22:12+00:00,overall,2026,2095,3,Lviv Polytechnic National University / Національний університет Львівська політехніка,https://ror.org/0542q3127,Ukraine,UA,ua,EU,lpnu.ua,28,July,top-per-country,10.6084/m9.figshare.33062150.v3,https://doi.org/10.6084/m9.figshare.33062150.v3
webometrics,2026-09-28T01:22:12+00:00,overall,2026,2095,11,University of Miskolc / Miskolci Egyetem ME,https://ror.org/038g7dk46,Hungary,HU,hu,EU,uni-miskolc.hu,28,July,top-per-country,10.6084/m9.figshare.33062150.v3,https://doi.org/10.6084/m9.figshare.33062150.v3
webometrics,2026-09-28T01:22:12+00:00,overall,2026,2097,6,Slovak University of Agriculture in Nitra / Slovenská poľnohospodárska univerzita v Nitre,https://ror.org/03rfvyw43,Slovakia,SK,sk,EU,uniag.sk,28,July,top-per-country,10.6084/m9.figshare.33062150.v3,https://doi.org/10.6084/m9.figshare.33062150.v3
webometrics,2026-09-28T01:22:12+00:00,overall,2026,2097,8,Khulna University of Engineering & Technology,https://ror.org/04y58d606,Bangladesh,BD,bd,AS,kuet.ac.bd,29,July,top-per-country,10.6084/m9.figshare.33062150.v3,https://doi.org/10.6084/m9.figshare.33062150.v3
webometrics,2026-09-28T01:22:12+00:00,overall,2026,2104,3,Universidad de las Américas Ecuador,https://ror.org/0198j4566,Ecuador,EC,ec,IBC,udla.edu.ec,29,July,top-per-country,10.6084/m9.figshare.33062150.v3,https://doi.org/10.6084/m9.figshare.33062150.v3
webometrics,2026-09-28T01:22:12+00:00,overall,2026,2117,2,Reykjavik University / Háskólinn í Reykjavík,https://ror.org/05d2kyx68,Iceland,IS,is,EU,ru.is,29,July,top-per-country,10.6084/m9.figshare.33062150.v3,https://doi.org/10.6084/m9.figshare.33062150.v3
webometrics,2026-09-28T01:22:12+00:00,overall,2026,2120,4,Estonian University of Life Sciences / Eesti Maaülikool,https://ror.org/00s67c790,Estonia,EE,ee,EU,emu.ee,29,July,top-per-country,10.6084/m9.figshare.33062150.v3,https://doi.org/10.6084/m9.figshare.33062150.v3
webometrics,2026-09-28T01:22:12+00:00,overall,2026,2120,14,Universidad Iberoamericana,https://ror.org/05vss7635,Mexico,MX,mx,IBC,ibero.mx,29,July,top-per-country,10.6084/m9.figshare.33062150.v3,https://doi.org/10.6084/m9.figshare.33062150.v3
webometrics,2026-09-28T01:22:12+00:00,overall,2026,2123,7,Universidad Nacional de San Martín Argentina,https://ror.org/00v29jp57,Argentina,AR,ar,IBC,unsam.edu.ar,29,July,top-per-country,10.6084/m9.figshare.33062150.v3,https://doi.org/10.6084/m9.figshare.33062150.v3
webometrics,2026-09-28T01:22:12+00:00,overall,2026,2125,2,University of Sri Jayewardenepura,https://ror.org/02rm76t37,Sri Lanka,LK,lk,AS,sjp.ac.lk,29,July,top-per-country,10.6084/m9.figshare.33062150.v3,https://doi.org/10.6084/m9.figshare.33062150.v3
webometrics,2026-09-28T01:22:12+00:00,overall,2026,2141,9,Bangladesh Agricultural University,https://ror.org/03k5zb271,Bangladesh,BD,bd,AS,bau.edu.bd,29,July,top-per-country,10.6084/m9.figshare.33062150.v3,https://doi.org/10.6084/m9.figshare.33062150.v3
webometrics,2026-09-28T01:22:12+00:00,overall,2026,2144,1,Université de Sfax,https://ror.org/04d4sd432,Tunisia,TN,tn,AW,univ-sfax.tn,29,July,top-per-country,10.6084/m9.figshare.33062150.v3,https://doi.org/10.6084/m9.figshare.33062150.v3
webometrics,2026-09-28T01:22:12+00:00,overall,2026,2155,1,University of Khartoum,https://ror.org/02jbayz55,Sudan,SD,sd,AW,uofk.edu,29,July,top-per-country,10.6084/m9.figshare.33062150.v3,https://doi.org/10.6084/m9.figshare.33062150.v3
webometrics,2026-09-28T01:22:12+00:00,overall,2026,2155,8,Universidad Nacional de Cuyo Mendoza,https://ror.org/05sn8wf81,Argentina,AR,ar,IBC,uncuyo.edu.ar,29,July,top-per-country,10.6084/m9.figshare.33062150.v3,https://doi.org/10.6084/m9.figshare.33062150.v3
webometrics,2026-09-28T01:22:12+00:00,overall,2026,2155,8,Corporación Universidad de la Costa,https://ror.org/01v5nhr20,Colombia,CO,co,IBC,cuc.edu.co,29,July,top-per-country,10.6084/m9.figshare.33062150.v3,https://doi.org/10.6084/m9.figshare.33062150.v3
webometrics,2026-09-28T01:22:12+00:00,overall,2026,2162,10,Shahjalal University of Science & Technology,https://ror.org/05hm0vv72,Bangladesh,BD,bd,AS,sust.edu,29,July,top-per-country,10.6084/m9.figshare.33062150.v3,https://doi.org/10.6084/m9.figshare.33062150.v3
webometrics,2026-09-28T01:22:12+00:00,overall,2026,2172,2,Islamic University of Gaza,https://ror.org/057ts1y80,Palestinian Territories,PS,ps,AW,iugaza.edu.ps,29,July,top-per-country,10.6084/m9.figshare.33062150.v3,https://doi.org/10.6084/m9.figshare.33062150.v3
webometrics,2026-09-28T01:22:12+00:00,overall,2026,2175,3,Cyprus International University,https://ror.org/04mk5mk38,TY,,ty,EU,ciu.edu.tr,29,July,top-per-country,10.6084/m9.figshare.33062150.v3,https://doi.org/10.6084/m9.figshare.33062150.v3
webometrics,2026-09-28T01:22:12+00:00,overall,2026,2180,1,Western Caspian University,https://ror.org/05cgtjz78,Azerbaijan,AZ,az,EU,wcu.edu.az,29,July,top-per-country,10.6084/m9.figshare.33062150.v3,https://doi.org/10.6084/m9.figshare.33062150.v3
webometrics,2026-09-28T01:22:12+00:00,overall,2026,2187,3,Jimma University,https://ror.org/05eer8g02,Ethiopia,ET,et,AF,ju.edu.et,29,July,top-per-country,10.6084/m9.figshare.33062150.v3,https://doi.org/10.6084/m9.figshare.33062150.v3
webometrics,2026-09-28T01:22:12+00:00,overall,2026,2192,2,Université de Tunis El Manar,https://ror.org/029cgt552,Tunisia,TN,tn,AW,utm.rnu.tn,29,July,top-per-country,10.6084/m9.figshare.33062150.v3,https://doi.org/10.6084/m9.figshare.33062150.v3
webometrics,2026-09-28T01:22:12+00:00,overall,2026,2202,3,Université Saint Joseph de Beyrouth,https://ror.org/044fxjq88,Lebanon,LB,lb,AW,usj.edu.lb,29,July,top-per-country,10.6084/m9.figshare.33062150.v3,https://doi.org/10.6084/m9.figshare.33062150.v3
webometrics,2026-09-28T01:22:12+00:00,overall,2026,2208,4,Université Libanaise,https://ror.org/05x6qnc69,Lebanon,LB,lb,AW,ul.edu.lb,29,July,top-per-country,10.6084/m9.figshare.33062150.v3,https://doi.org/10.6084/m9.figshare.33062150.v3
webometrics,2026-09-28T01:22:12+00:00,overall,2026,2211,5,Kharkiv National University VN Karazin / Харківський національний університет В Н Каразіна,https://ror.org/03ftejk10,Ukraine,UA,ua,EU,karazin.ua,29,July,top-per-country,10.6084/m9.figshare.33062150.v3,https://doi.org/10.6084/m9.figshare.33062150.v3
webometrics,2026-09-28T01:22:12+00:00,overall,2026,2214,1,University of Rwanda,https://ror.org/00286hs46,Rwanda,RW,rw,AF,ur.ac.rw,29,July,top-per-country,10.6084/m9.figshare.33062150.v3,https://doi.org/10.6084/m9.figshare.33062150.v3
webometrics,2026-09-28T01:22:12+00:00,overall,2026,2222,11,Institute of Tropical Medicine Antwerp,https://ror.org/03xq4x896,Belgium,BE,be,EU,itg.be,29,July,top-per-country,10.6084/m9.figshare.33062150.v3,https://doi.org/10.6084/m9.figshare.33062150.v3
webometrics,2026-09-28T01:22:12+00:00,overall,2026,2223,3,Universidad Científica del Sur,https://ror.org/04xr5we72,Peru,PE,pe,IBC,cientifica.edu.pe,29,July,top-per-country,10.6084/m9.figshare.33062150.v3,https://doi.org/10.6084/m9.figshare.33062150.v3
webometrics,2026-09-28T01:22:12+00:00,overall,2026,2237,4,Bahir Dar University,https://ror.org/01670bg46,Ethiopia,ET,et,AF,bdu.edu.et,29,July,top-per-country,10.6084/m9.figshare.33062150.v3,https://doi.org/10.6084/m9.figshare.33062150.v3
webometrics,2026-09-28T01:22:12+00:00,overall,2026,2237,12,FPT University / Đại học FPT,https://ror.org/03esj4g97,Vietnam,VN,vn,AS,fpt.edu.vn,29,July,top-per-country,10.6084/m9.figshare.33062150.v3,https://doi.org/10.6084/m9.figshare.33062150.v3
webometrics,2026-09-28T01:22:12+00:00,overall,2026,2242,4,Ateneo de Manila University,https://ror.org/053kevk63,Philippines,PH,ph,AS,ateneo.edu,29,July,top-per-country,10.6084/m9.figshare.33062150.v3,https://doi.org/10.6084/m9.figshare.33062150.v3
webometrics,2026-09-28T01:22:12+00:00,overall,2026,2244,9,Hong Kong Metropolitan University,https://ror.org/0349bsm71,Hong Kong SAR China,HK,hk,AS,hkmu.edu.hk,29,July,top-per-country,10.6084/m9.figshare.33062150.v3,https://doi.org/10.6084/m9.figshare.33062150.v3
webometrics,2026-09-28T01:22:12+00:00,overall,2026,2251,10,Al Ain University,https://ror.org/023abrt21,United Arab Emirates,AE,ae,AW,aau.ac.ae,29,July,top-per-country,10.6084/m9.figshare.33062150.v3,https://doi.org/10.6084/m9.figshare.33062150.v3
webometrics,2026-09-28T01:22:12+00:00,overall,2026,2258,3,University of Peradeniya,https://ror.org/025h79t26,Sri Lanka,LK,lk,AS,pdn.ac.lk,29,July,top-per-country,10.6084/m9.figshare.33062150.v3,https://doi.org/10.6084/m9.figshare.33062150.v3
webometrics,2026-09-28T01:22:12+00:00,overall,2026,2262,15,Universidad Michoacana de San Nicolás de Hidalgo,https://ror.org/00z0kq074,Mexico,MX,mx,IBC,umich.mx,29,July,top-per-country,10.6084/m9.figshare.33062150.v3,https://doi.org/10.6084/m9.figshare.33062150.v3
webometrics,2026-09-28T01:22:12+00:00,overall,2026,2269,8,Federal University of Technology Akure,https://ror.org/01pvx8v81,Nigeria,NG,ng,AF,futa.edu.ng,29,July,top-per-country,10.6084/m9.figshare.33062150.v3,https://doi.org/10.6084/m9.figshare.33062150.v3
webometrics,2026-09-28T01:22:12+00:00,overall,2026,2273,9,Universidad de la Sabana,https://ror.org/02sqgkj21,Colombia,CO,co,IBC,unisabana.edu.co,30,July,top-per-country,10.6084/m9.figshare.33062150.v3,https://doi.org/10.6084/m9.figshare.33062150.v3
webometrics,2026-09-28T01:22:12+00:00,overall,2026,2280,9,Universidad Nacional del Comahue,https://ror.org/02zvkba47,Argentina,AR,ar,IBC,uncoma.edu.ar,30,July,top-per-country,10.6084/m9.figshare.33062150.v3,https://doi.org/10.6084/m9.figshare.33062150.v3
webometrics,2026-09-28T01:22:12+00:00,overall,2026,2283,9,Landmark University,https://ror.org/04gw4zv66,Nigeria,NG,ng,AF,lmu.edu.ng,30,July,top-per-country,10.6084/m9.figshare.33062150.v3,https://doi.org/10.6084/m9.figshare.33062150.v3
webometrics,2026-09-28T01:22:12+00:00,overall,2026,2289,3,Birzeit University,https://ror.org/0256kw398,Palestinian Territories,PS,ps,AW,birzeit.edu,30,July,top-per-country,10.6084/m9.figshare.33062150.v3,https://doi.org/10.6084/m9.figshare.33062150.v3
webometrics,2026-09-28T01:22:12+00:00,overall,2026,2291,10,Nnamdi Azikiwe University,https://ror.org/02r6pfc06,Nigeria,NG,ng,AF,unizik.edu.ng,30,July,top-per-country,10.6084/m9.figshare.33062150.v3,https://doi.org/10.6084/m9.figshare.33062150.v3
webometrics,2026-09-28T01:22:12+00:00,overall,2026,2307,11,University of Port Harcourt,https://ror.org/005bw2d06,Nigeria,NG,ng,AF,uniport.edu.ng,30,July,top-per-country,10.6084/m9.figshare.33062150.v3,https://doi.org/10.6084/m9.figshare.33062150.v3
webometrics,2026-09-28T01:22:12+00:00,overall,2026,2317,1,Universidade Eduardo Mondlane,https://ror.org/05n8n9378,Mozambique,MZ,mz,AF,uem.mz,30,July,top-per-country,10.6084/m9.figshare.33062150.v3,https://doi.org/10.6084/m9.figshare.33062150.v3
webometrics,2026-09-28T01:22:12+00:00,overall,2026,2330,11,University of Chittagong,https://ror.org/01173vs27,Bangladesh,BD,bd,AS,cu.ac.bd,30,July,top-per-country,10.6084/m9.figshare.33062150.v3,https://doi.org/10.6084/m9.figshare.33062150.v3
webometrics,2026-09-28T01:22:12+00:00,overall,2026,2332,4,Universidad Peruana Cayetano Heredia,https://ror.org/03yczjf25,Peru,PE,pe,IBC,cayetano.edu.pe,30,July,top-per-country,10.6084/m9.figshare.33062150.v3,https://doi.org/10.6084/m9.figshare.33062150.v3
webometrics,2026-09-28T01:22:12+00:00,overall,2026,2336,4,Escuela Politécnica Nacional,https://ror.org/01gb99w41,Ecuador,EC,ec,IBC,epn.edu.ec,30,July,top-per-country,10.6084/m9.figshare.33062150.v3,https://doi.org/10.6084/m9.figshare.33062150.v3
webometrics,2026-09-28T01:22:12+00:00,overall,2026,2341,10,Universidad Nacional del Centro de la Provincia de Buenos Aires,https://ror.org/011gakh74,Argentina,AR,ar,IBC,unicen.edu.ar,30,July,top-per-country,10.6084/m9.figshare.33062150.v3,https://doi.org/10.6084/m9.figshare.33062150.v3
webometrics,2026-09-28T01:22:12+00:00,overall,2026,2345,10,Université Mohammed Premier Oujda,https://ror.org/01ejxf797,Morocco,MA,ma,AW,ump.ma,30,July,top-per-country,10.6084/m9.figshare.33062150.v3,https://doi.org/10.6084/m9.figshare.33062150.v3
webometrics,2026-09-28T01:22:12+00:00,overall,2026,2350,10,Universidad ICESI,https://ror.org/02t54e151,Colombia,CO,co,IBC,icesi.edu.co,30,July,top-per-country,10.6084/m9.figshare.33062150.v3,https://doi.org/10.6084/m9.figshare.33062150.v3
webometrics,2026-09-28T01:22:12+00:00,overall,2026,2356,5,Lithuanian University of Health Sciences,https://ror.org/0069bkg23,Lithuania,LT,lt,EU,lsmu.lt,30,July,top-per-country,10.6084/m9.figshare.33062150.v3,https://doi.org/10.6084/m9.figshare.33062150.v3
webometrics,2026-09-28T01:22:12+00:00,overall,2026,2357,1,University of the West Indies at St Augustine,https://ror.org/003kgv736,Trinidad & Tobago,TT,tt,IBC,sta.uwi.edu,30,July,top-per-country,10.6084/m9.figshare.33062150.v3,https://doi.org/10.6084/m9.figshare.33062150.v3
webometrics,2026-09-28T01:22:12+00:00,overall,2026,2357,1,University of Zimbabwe,https://ror.org/04ze6rb18,Zimbabwe,ZW,zw,AF,uz.ac.zw,30,July,top-per-country,10.6084/m9.figshare.33062150.v3,https://doi.org/10.6084/m9.figshare.33062150.v3
webometrics,2026-09-28T01:22:12+00:00,overall,2026,2364,1,Université de M'sila Mohamed Boudiaf,https://ror.org/055rz8d64,Algeria,DZ,dz,AW,univ-msila.dz,30,July,top-per-country,10.6084/m9.figshare.33062150.v3,https://doi.org/10.6084/m9.figshare.33062150.v3
webometrics,2026-09-28T01:22:12+00:00,overall,2026,2372,3,Weill Cornell Medical College in Qatar,https://ror.org/05v5hg569,Qatar,QA,qa,AW,qatar-weill.cornell.edu,30,July,top-per-country,10.6084/m9.figshare.33062150.v3,https://doi.org/10.6084/m9.figshare.33062150.v3
webometrics,2026-09-28T01:22:12+00:00,overall,2026,2375,3,University of Primorska / Univerza na Primorskem,https://ror.org/05xefg082,Slovenia,SI,si,EU,upr.si,30,July,top-per-country,10.6084/m9.figshare.33062150.v3,https://doi.org/10.6084/m9.figshare.33062150.v3
webometrics,2026-09-28T01:22:12+00:00,overall,2026,2380,11,Universidad EAFIT,https://ror.org/03y3y9v44,Colombia,CO,co,IBC,eafit.edu.co,30,July,top-per-country,10.6084/m9.figshare.33062150.v3,https://doi.org/10.6084/m9.figshare.33062150.v3
webometrics,2026-09-28T01:22:12+00:00,overall,2026,2381,2,Riga Stradins University (Medical Academy of Latvia) / Rīgas Stradiņa universitāte,https://ror.org/03nadks56,Latvia,LV,lv,EU,rsu.lv,30,July,top-per-country,10.6084/m9.figshare.33062150.v3,https://doi.org/10.6084/m9.figshare.33062150.v3
webometrics,2026-09-28T01:22:12+00:00,overall,2026,2384,7,University of Basrah,https://ror.org/00840ea57,Iraq,IQ,iq,AW,uobasrah.edu.iq,30,July,top-per-country,10.6084/m9.figshare.33062150.v3,https://doi.org/10.6084/m9.figshare.33062150.v3
webometrics,2026-09-28T01:22:12+00:00,overall,2026,2384,12,Universidad Distrital Francisco José de Caldas,https://ror.org/02jsxd428,Colombia,CO,co,IBC,udistrital.edu.co,30,July,top-per-country,10.6084/m9.figshare.33062150.v3,https://doi.org/10.6084/m9.figshare.33062150.v3
webometrics,2026-09-28T01:22:12+00:00,overall,2026,2397,5,Universidad San Ignacio de Loyola,https://ror.org/03vgk3f90,Peru,PE,pe,IBC,usil.edu.pe,30,July,top-per-country,10.6084/m9.figshare.33062150.v3,https://doi.org/10.6084/m9.figshare.33062150.v3
webometrics,2026-09-28T01:22:12+00:00,overall,2026,2402,1,University of Botswana,https://ror.org/01encsj80,Botswana,BW,bw,AF,ub.bw,30,July,top-per-country,10.6084/m9.figshare.33062150.v3,https://doi.org/10.6084/m9.figshare.33062150.v3
webometrics,2026-09-28T01:22:12+00:00,overall,2026,2405,1,University of Zambia,https://ror.org/03gh19d69,Zambia,ZM,zm,AF,unza.zm,30,July,top-per-country,10.6084/m9.figshare.33062150.v3,https://doi.org/10.6084/m9.figshare.33062150.v3
webometrics,2026-09-28T01:22:12+00:00,overall,2026,2411,7,University of Constantinus the Philosopher in Nitra / Univerzita Konštantína Filozofa v Nitre,https://ror.org/038dnay05,Slovakia,SK,sk,EU,ukf.sk,30,July,top-per-country,10.6084/m9.figshare.33062150.v3,https://doi.org/10.6084/m9.figshare.33062150.v3
webometrics,2026-09-28T01:22:12+00:00,overall,2026,2419,5,University of Santo Tomas,https://ror.org/00d25af97,Philippines,PH,ph,AS,ust.edu.ph,30,July,top-per-country,10.6084/m9.figshare.33062150.v3,https://doi.org/10.6084/m9.figshare.33062150.v3
webometrics,2026-09-28T01:22:12+00:00,overall,2026,2441,11,Higher Colleges of Technology,https://ror.org/00qmy9z88,United Arab Emirates,AE,ae,AW,hct.ac.ae,30,July,top-per-country,10.6084/m9.figshare.33062150.v3,https://doi.org/10.6084/m9.figshare.33062150.v3
webometrics,2026-09-28T01:22:12+00:00,overall,2026,2441,11,Universidad Nacional del Sur,https://ror.org/028crwz56,Argentina,AR,ar,IBC,uns.edu.ar,30,July,top-per-country,10.6084/m9.figshare.33062150.v3,https://doi.org/10.6084/m9.figshare.33062150.v3
webometrics,2026-09-28T01:22:12+00:00,overall,2026,2448,6,Universidad Cesar Vallejo,https://ror.org/0297axj39,Peru,PE,pe,IBC,ucv.edu.pe,30,July,top-per-country,10.6084/m9.figshare.33062150.v3,https://doi.org/10.6084/m9.figshare.33062150.v3
webometrics,2026-09-28T01:22:12+00:00,overall,2026,2454,2,Jomo Kenyatta University of Agriculture and Technology,https://ror.org/015h5sy57,Kenya,KE,ke,AF,jkuat.ac.ke,30,July,top-per-country,10.6084/m9.figshare.33062150.v3,https://doi.org/10.6084/m9.figshare.33062150.v3
webometrics,2026-09-28T01:22:12+00:00,overall,2026,2456,11,Philadelphia University at Jordan,https://ror.org/05mqvn149,Jordan,JO,jo,AW,philadelphia.edu.jo,31,July,top-per-country,10.6084/m9.figshare.33062150.v3,https://doi.org/10.6084/m9.figshare.33062150.v3
webometrics,2026-09-28T01:22:12+00:00,overall,2026,2459,3,Kenyatta University,https://ror.org/05p2z3x69,Kenya,KE,ke,AF,ku.ac.ke,31,July,top-per-country,10.6084/m9.figshare.33062150.v3,https://doi.org/10.6084/m9.figshare.33062150.v3
webometrics,2026-09-28T01:22:12+00:00,overall,2026,2459,13,VNUHCM University of Science,https://ror.org/05jfbgm49,Vietnam,VN,vn,AS,hcmus.edu.vn,31,July,top-per-country,10.6084/m9.figshare.33062150.v3,https://doi.org/10.6084/m9.figshare.33062150.v3
webometrics,2026-09-28T01:22:12+00:00,overall,2026,2463,15,Norwegian University for Sport and Physical Education / Norges Idrettshøgskole,https://ror.org/045016w83,Norway,NO,no,EU,nih.no,31,July,top-per-country,10.6084/m9.figshare.33062150.v3,https://doi.org/10.6084/m9.figshare.33062150.v3
webometrics,2026-09-28T01:22:12+00:00,overall,2026,2474,5,Pontificia Universidad Católica del Ecuador,https://ror.org/02qztda51,Ecuador,EC,ec,IBC,puce.edu.ec,31,July,top-per-country,10.6084/m9.figshare.33062150.v3,https://doi.org/10.6084/m9.figshare.33062150.v3
webometrics,2026-09-28T01:22:12+00:00,overall,2026,2479,12,University of Pannonia (University of Veszprem) / Pannon Egyetem,https://ror.org/03y5egs41,Hungary,HU,hu,EU,uni-pannon.hu,31,July,top-per-country,10.6084/m9.figshare.33062150.v3,https://doi.org/10.6084/m9.figshare.33062150.v3
webometrics,2026-09-28T01:22:12+00:00,overall,2026,2484,14,National Economics University / Trường Đại học Kinh tế Quốc dân,https://ror.org/021xbwv17,Vietnam,VN,vn,AS,neu.edu.vn,31,July,top-per-country,10.6084/m9.figshare.33062150.v3,https://doi.org/10.6084/m9.figshare.33062150.v3
webometrics,2026-09-28T01:22:12+00:00,overall,2026,2490,1,University of the South Pacific,https://ror.org/008stv805,Fiji,FJ,fj,AU,usp.ac.fj,31,July,top-per-country,10.6084/m9.figshare.33062150.v3,https://doi.org/10.6084/m9.figshare.33062150.v3
webometrics,2026-09-28T01:22:12+00:00,overall,2026,2501,12,Universidad Tecnológica Nacional,https://ror.org/04t730v47,Argentina,AR,ar,IBC,utn.edu.ar,31,July,top-per-country,10.6084/m9.figshare.33062150.v3,https://doi.org/10.6084/m9.figshare.33062150.v3
webometrics,2026-09-28T01:22:12+00:00,overall,2026,2504,4,University of Ruhuna,https://ror.org/033jvzr14,Sri Lanka,LK,lk,AS,ruh.ac.lk,31,July,top-per-country,10.6084/m9.figshare.33062150.v3,https://doi.org/10.6084/m9.figshare.33062150.v3
webometrics,2026-09-28T01:22:12+00:00,overall,2026,2530,4,Satbayev University / Казахский национальный технический университет им К.Сатпаева,https://ror.org/020cpsb96,Kazakhstan,KZ,kz,AS,satbayev.university,31,July,top-per-country,10.6084/m9.figshare.33062150.v3,https://doi.org/10.6084/m9.figshare.33062150.v3
webometrics,2026-09-28T01:22:12+00:00,overall,2026,2534,12,Rajshahi University of Engineering and Technology,https://ror.org/049ysg747,Bangladesh,BD,bd,AS,ruet.ac.bd,31,July,top-per-country,10.6084/m9.figshare.33062150.v3,https://doi.org/10.6084/m9.figshare.33062150.v3
webometrics,2026-09-28T01:22:12+00:00,overall,2026,2534,13,Universidad Industrial de Santander,https://ror.org/00xc1d948,Colombia,CO,co,IBC,uis.edu.co,31,July,top-per-country,10.6084/m9.figshare.33062150.v3,https://doi.org/10.6084/m9.figshare.33062150.v3
webometrics,2026-09-28T01:22:12+00:00,overall,2026,2542,13,Chittagong University of Engineering and Technology,https://ror.org/052qsay17,Bangladesh,BD,bd,AS,cuet.ac.bd,31,July,top-per-country,10.6084/m9.figshare.33062150.v3,https://doi.org/10.6084/m9.figshare.33062150.v3
webometrics,2026-09-28T01:22:12+00:00,overall,2026,2550,15,Thuyloi University / Đại học Thủy lợi,https://ror.org/04afshy24,Vietnam,VN,vn,AS,tlu.edu.vn,31,July,top-per-country,10.6084/m9.figshare.33062150.v3,https://doi.org/10.6084/m9.figshare.33062150.v3
webometrics,2026-09-28T01:22:12+00:00,overall,2026,2570,1,Tashkent State University of Economics / Toshkent Davlat Iqtisodiyot Universiteti,https://ror.org/029t9db68,Uzbekistan,UZ,uz,AS,tsue.uz,31,July,top-per-country,10.6084/m9.figshare.33062150.v3,https://doi.org/10.6084/m9.figshare.33062150.v3
webometrics,2026-09-28T01:22:12+00:00,overall,2026,2573,9,Reichman University (IDC Herzliya),https://ror.org/01px5cv07,Israel,IL,il,EU,runi.ac.il,31,July,top-per-country,10.6084/m9.figshare.33062150.v3,https://doi.org/10.6084/m9.figshare.33062150.v3
webometrics,2026-09-28T01:22:12+00:00,overall,2026,2577,12,Al Al-Bayt University,https://ror.org/028jh2126,Jordan,JO,jo,AW,aabu.edu.jo,31,July,top-per-country,10.6084/m9.figshare.33062150.v3,https://doi.org/10.6084/m9.figshare.33062150.v3
webometrics,2026-09-28T01:22:12+00:00,overall,2026,2577,12,Olabisi Onabanjo University (Ogun State University),https://ror.org/05jt4c572,Nigeria,NG,ng,AF,oouagoiwoye.edu.ng,31,July,top-per-country,10.6084/m9.figshare.33062150.v3,https://doi.org/10.6084/m9.figshare.33062150.v3
webometrics,2026-09-28T01:22:12+00:00,overall,2026,2580,11,Université Chouaib Eddoukali,https://ror.org/036kgyt43,Morocco,MA,ma,AW,ucd.ac.ma,31,July,top-per-country,10.6084/m9.figshare.33062150.v3,https://doi.org/10.6084/m9.figshare.33062150.v3
webometrics,2026-09-28T01:22:12+00:00,overall,2026,2588,2,American University of the Middle East,https://ror.org/02gqgne03,Kuwait,KW,kw,AW,aum.edu.kw,31,July,top-per-country,10.6084/m9.figshare.33062150.v3,https://doi.org/10.6084/m9.figshare.33062150.v3
webometrics,2026-09-28T01:22:12+00:00,overall,2026,2588,14,Gazipur Agricultural University,https://ror.org/04tgrx733,Bangladesh,BD,bd,AS,gau.edu.bd,31,July,top-per-country,10.6084/m9.figshare.33062150.v3,https://doi.org/10.6084/m9.figshare.33062150.v3
webometrics,2026-09-28T01:22:12+00:00,overall,2026,2597,2,Université de Biskra Mohamed Khider,https://ror.org/05fr5y859,Algeria,DZ,dz,AW,univ-biskra.dz,31,July,top-per-country,10.6084/m9.figshare.33062150.v3,https://doi.org/10.6084/m9.figshare.33062150.v3
webometrics,2026-09-28T01:22:12+00:00,overall,2026,2599,1,Yerevan State University,https://ror.org/00s8vne50,Armenia,AM,am,EU,ysu.am,31,July,top-per-country,10.6084/m9.figshare.33062150.v3,https://doi.org/10.6084/m9.figshare.33062150.v3
webometrics,2026-09-28T01:22:12+00:00,overall,2026,2602,3,Khazar University / Xəzər Universitəsi,https://ror.org/014te7048,Azerbaijan,AZ,az,EU,khazar.org,31,July,top-per-country,10.6084/m9.figshare.33062150.v3,https://doi.org/10.6084/m9.figshare.33062150.v3
webometrics,2026-09-28T01:22:12+00:00,overall,2026,2606,4,Al Quds University Arab University in Jerusalem,https://ror.org/04hym7e04,Palestinian Territories,PS,ps,AW,alquds.edu,31,July,top-per-country,10.6084/m9.figshare.33062150.v3,https://doi.org/10.6084/m9.figshare.33062150.v3
webometrics,2026-09-28T01:22:12+00:00,overall,2026,2614,4,Macau Polytechnic Institute,https://ror.org/02sf5td35,Macao SAR China,MO,mo,AS,mpu.edu.mo,31,July,top-per-country,10.6084/m9.figshare.33062150.v3,https://doi.org/10.6084/m9.figshare.33062150.v3
webometrics,2026-09-28T01:22:12+00:00,overall,2026,2619,15,Khulna University,https://ror.org/05pny7s12,Bangladesh,BD,bd,AS,ku.ac.bd,31,July,top-per-country,10.6084/m9.figshare.33062150.v3,https://doi.org/10.6084/m9.figshare.33062150.v3
webometrics,2026-09-28T01:22:12+00:00,overall,2026,2625,3,Université de Sétif 1 Ferhat Abbas,https://ror.org/02rzqza52,Algeria,DZ,dz,AW,univ-setif.dz,31,July,top-per-country,10.6084/m9.figshare.33062150.v3,https://doi.org/10.6084/m9.figshare.33062150.v3
webometrics,2026-09-28T01:22:12+00:00,overall,2026,2625,3,Université de Carthage (7 de Novembre),https://ror.org/057x6za15,Tunisia,TN,tn,AW,ucar.rnu.tn,31,July,top-per-country,10.6084/m9.figshare.33062150.v3,https://doi.org/10.6084/m9.figshare.33062150.v3
webometrics,2026-09-28T01:22:12+00:00,overall,2026,2628,2,Kathmandu University,https://ror.org/036xnae80,Nepal,NP,np,AS,ku.edu.np,31,July,top-per-country,10.6084/m9.figshare.33062150.v3,https://doi.org/10.6084/m9.figshare.33062150.v3
webometrics,2026-09-28T01:22:12+00:00,overall,2026,2628,13,Universidad Nacional de Tucumán,https://ror.org/04chzd762,Argentina,AR,ar,IBC,unt.edu.ar,32,July,top-per-country,10.6084/m9.figshare.33062150.v3,https://doi.org/10.6084/m9.figshare.33062150.v3
webometrics,2026-09-28T01:22:12+00:00,overall,2026,2634,5,Singapore Institute of Technology,https://ror.org/01v2c2791,Singapore,SG,sg,AS,singaporetech.edu.sg,32,July,top-per-country,10.6084/m9.figshare.33062150.v3,https://doi.org/10.6084/m9.figshare.33062150.v3
webometrics,2026-09-28T01:22:12+00:00,overall,2026,2639,13,Bayero University Kano,https://ror.org/049pzty39,Nigeria,NG,ng,AF,buk.edu.ng,32,July,top-per-country,10.6084/m9.figshare.33062150.v3,https://doi.org/10.6084/m9.figshare.33062150.v3
webometrics,2026-09-28T01:22:12+00:00,overall,2026,2648,4,Université de Constantine 1 Frères Mentouri Ex Université Mentouri,https://ror.org/017wv6808,Algeria,DZ,dz,AW,umc.edu.dz,32,July,top-per-country,10.6084/m9.figshare.33062150.v3,https://doi.org/10.6084/m9.figshare.33062150.v3
webometrics,2026-09-28T01:22:12+00:00,overall,2026,2651,12,Universite Abdelmalek Essaadi,https://ror.org/03c4shz64,Morocco,MA,ma,AW,uae.ac.ma,32,July,top-per-country,10.6084/m9.figshare.33062150.v3,https://doi.org/10.6084/m9.figshare.33062150.v3
webometrics,2026-09-28T01:22:12+00:00,overall,2026,2656,13,Zarqa University,https://ror.org/01wf1es90,Jordan,JO,jo,AW,zu.edu.jo,32,July,top-per-country,10.6084/m9.figshare.33062150.v3,https://doi.org/10.6084/m9.figshare.33062150.v3
webometrics,2026-09-28T01:22:12+00:00,overall,2026,2661,7,Universidad Peruana de Ciencias Aplicadas,https://ror.org/047xrr705,Peru,PE,pe,IBC,upc.edu.pe,32,July,top-per-country,10.6084/m9.figshare.33062150.v3,https://doi.org/10.6084/m9.figshare.33062150.v3
webometrics,2026-09-28T01:22:12+00:00,overall,2026,2664,14,Universidad Pontificia Bolivariana,https://ror.org/02dxm8k93,Colombia,CO,co,IBC,upb.edu.co,32,July,top-per-country,10.6084/m9.figshare.33062150.v3,https://doi.org/10.6084/m9.figshare.33062150.v3
webometrics,2026-09-28T01:22:12+00:00,overall,2026,2670,11,Al Nahrain University,https://ror.org/05v2p9075,Iraq,IQ,iq,AW,nahrainuniv.edu.iq,32,July,top-per-country,10.6084/m9.figshare.33062150.v3,https://doi.org/10.6084/m9.figshare.33062150.v3
webometrics,2026-09-28T01:22:12+00:00,overall,2026,2677,3,Gulf University for Science & Technology,https://ror.org/04d9rzd67,Kuwait,KW,kw,AW,gust.edu.kw,32,July,top-per-country,10.6084/m9.figshare.33062150.v3,https://doi.org/10.6084/m9.figshare.33062150.v3
webometrics,2026-09-28T01:22:12+00:00,overall,2026,2679,11,Hanken School of Economics / Hanken Svenska handelshögskolan,https://ror.org/026086s92,Finland,FI,fi,EU,hanken.fi,32,July,top-per-country,10.6084/m9.figshare.33062150.v3,https://doi.org/10.6084/m9.figshare.33062150.v3
webometrics,2026-09-28T01:22:12+00:00,overall,2026,2684,1,Universidad Central de Venezuela,https://ror.org/05kacnm89,Venezuela,VE,ve,IBC,ucv.ve,32,July,top-per-country,10.6084/m9.figshare.33062150.v3,https://doi.org/10.6084/m9.figshare.33062150.v3
webometrics,2026-09-28T01:22:12+00:00,overall,2026,2685,2,Universidad de los Andes Mérida,https://ror.org/02h1b1x27,Venezuela,VE,ve,IBC,ula.ve,32,July,top-per-country,10.6084/m9.figshare.33062150.v3,https://doi.org/10.6084/m9.figshare.33062150.v3
webometrics,2026-09-28T01:22:12+00:00,overall,2026,2689,12,Tikrit University,https://ror.org/01zfzax10,Iraq,IQ,iq,AW,tu.edu.iq,32,July,top-per-country,10.6084/m9.figshare.33062150.v3,https://doi.org/10.6084/m9.figshare.33062150.v3
webometrics,2026-09-28T01:22:12+00:00,overall,2026,2698,2,University of Banja Luka / Univerzitet u Banjoj Luci / Универзитет у Бањој Луци,https://ror.org/0282m7c06,Bosnia & Herzegovina,BA,ba,EU,unibl.org,32,July,top-per-country,10.6084/m9.figshare.33062150.v3,https://doi.org/10.6084/m9.figshare.33062150.v3
webometrics,2026-09-28T01:22:12+00:00,overall,2026,2706,4,Université de Monastir,https://ror.org/00nhtcg76,Tunisia,TN,tn,AW,um.rnu.tn,32,July,top-per-country,10.6084/m9.figshare.33062150.v3,https://doi.org/10.6084/m9.figshare.33062150.v3
webometrics,2026-09-28T01:22:12+00:00,overall,2026,2712,10,Atlantic Technological University,https://ror.org/0458dap48,Ireland,IE,ie,EU,atu.ie,32,July,top-per-country,10.6084/m9.figshare.33062150.v3,https://doi.org/10.6084/m9.figshare.33062150.v3
webometrics,2026-09-28T01:22:12+00:00,overall,2026,2714,1,Universidad Nacional de Asunción,https://ror.org/03f27y887,Paraguay,PY,py,IBC,una.py,32,July,top-per-country,10.6084/m9.figshare.33062150.v3,https://doi.org/10.6084/m9.figshare.33062150.v3
webometrics,2026-09-28T01:22:12+00:00,overall,2026,2714,14,Universidad Austral,https://ror.org/04043k259,Argentina,AR,ar,IBC,austral.edu.ar,32,July,top-per-country,10.6084/m9.figshare.33062150.v3,https://doi.org/10.6084/m9.figshare.33062150.v3
webometrics,2026-09-28T01:22:12+00:00,overall,2026,2721,2,Universidad Nacional Costa Rica,https://ror.org/01t466c14,Costa Rica,CR,cr,IBC,una.ac.cr,32,July,top-per-country,10.6084/m9.figshare.33062150.v3,https://doi.org/10.6084/m9.figshare.33062150.v3
webometrics,2026-09-28T01:22:12+00:00,overall,2026,2741,5,Université du 20 Août 1955 de Skikda,https://ror.org/02571vj15,Algeria,DZ,dz,AW,univ-skikda.dz,32,July,top-per-country,10.6084/m9.figshare.33062150.v3,https://doi.org/10.6084/m9.figshare.33062150.v3
webometrics,2026-09-28T01:22:12+00:00,overall,2026,2755,4,University for Development Studies,https://ror.org/052nhnq73,Ghana,GH,gh,AF,uds.edu.gh,32,July,top-per-country,10.6084/m9.figshare.33062150.v3,https://doi.org/10.6084/m9.figshare.33062150.v3
webometrics,2026-09-28T01:22:12+00:00,overall,2026,2763,5,Cyprus Institute,https://ror.org/01q8k8p90,Cyprus,CY,cy,EU,cyi.ac.cy,32,July,top-per-country,10.6084/m9.figshare.33062150.v3,https://doi.org/10.6084/m9.figshare.33062150.v3
webometrics,2026-09-28T01:22:12+00:00,overall,2026,2763,6,Universidad de Cuenca,https://ror.org/04r23zn56,Ecuador,EC,ec,IBC,ucuenca.edu.ec,32,July,top-per-country,10.6084/m9.figshare.33062150.v3,https://doi.org/10.6084/m9.figshare.33062150.v3
webometrics,2026-09-28T01:22:12+00:00,overall,2026,2778,12,University of Lapland / Lapin yliopisto / Lapplands Universitet,https://ror.org/05jzt8766,Finland,FI,fi,EU,ulapland.fi,32,July,top-per-country,10.6084/m9.figshare.33062150.v3,https://doi.org/10.6084/m9.figshare.33062150.v3
webometrics,2026-09-28T01:22:12+00:00,overall,2026,2783,1,Saint George's University,https://ror.org/01m1s6313,Grenada,GD,gd,IBC,sgu.edu,32,July,top-per-country,10.6084/m9.figshare.33062150.v3,https://doi.org/10.6084/m9.figshare.33062150.v3
webometrics,2026-09-28T01:22:12+00:00,overall,2026,2783,10,Open University of Israel,https://ror.org/027z64205,Israel,IL,il,EU,openu.ac.il,32,July,top-per-country,10.6084/m9.figshare.33062150.v3,https://doi.org/10.6084/m9.figshare.33062150.v3
webometrics,2026-09-28T01:22:12+00:00,overall,2026,2783,15,Universidad El Bosque,https://ror.org/04m9gzq43,Colombia,CO,co,IBC,unbosque.edu.co,32,July,top-per-country,10.6084/m9.figshare.33062150.v3,https://doi.org/10.6084/m9.figshare.33062150.v3
webometrics,2026-09-28T01:22:12+00:00,overall,2026,2794,2,Medical University Sofia / Медицински университет София,https://ror.org/01n9zy652,Bulgaria,BG,bg,EU,mu-sofia.bg,32,July,top-per-country,10.6084/m9.figshare.33062150.v3,https://doi.org/10.6084/m9.figshare.33062150.v3
webometrics,2026-09-28T01:22:12+00:00,overall,2026,2794,14,University of Calabar,https://ror.org/05qderh61,Nigeria,NG,ng,AF,unical.edu.ng,32,July,top-per-country,10.6084/m9.figshare.33062150.v3,https://doi.org/10.6084/m9.figshare.33062150.v3
webometrics,2026-09-28T01:22:12+00:00,overall,2026,2798,6,Mykolas Romeris University / Mykolo Romerio universitetas,https://ror.org/0052k0e03,Lithuania,LT,lt,EU,mruni.eu,32,July,top-per-country,10.6084/m9.figshare.33062150.v3,https://doi.org/10.6084/m9.figshare.33062150.v3
webometrics,2026-09-28T01:22:12+00:00,overall,2026,2798,15,Federal University of Technology Minna,https://ror.org/0568y3j03,Nigeria,NG,ng,AF,futminna.edu.ng,32,July,top-per-country,10.6084/m9.figshare.33062150.v3,https://doi.org/10.6084/m9.figshare.33062150.v3
webometrics,2026-09-28T01:22:12+00:00,overall,2026,2807,6,"State University ""Kyiv Aviation Institute"" / Державний університет ""Київський авіаційний інститут"".",https://ror.org/01f74x078,Ukraine,UA,ua,EU,nau.edu.ua,33,July,top-per-country,10.6084/m9.figshare.33062150.v3,https://doi.org/10.6084/m9.figshare.33062150.v3
webometrics,2026-09-28T01:22:12+00:00,overall,2026,2812,15,University of Zakho,https://ror.org/05sd1pz50,Iraq,IQ,iq,AW,uoz.edu.krd,33,July,top-per-country,10.6084/m9.figshare.33062150.v3,https://doi.org/10.6084/m9.figshare.33062150.v3
webometrics,2026-09-28T01:22:12+00:00,overall,2026,2824,11,Munster Technological University,https://ror.org/013xpqh61,Ireland,IE,ie,EU,mtu.ie,33,July,top-per-country,10.6084/m9.figshare.33062150.v3,https://doi.org/10.6084/m9.figshare.33062150.v3
webometrics,2026-09-28T01:22:12+00:00,overall,2026,2827,7,Universidad Técnica Particular de Loja,https://ror.org/04dvbth24,Ecuador,EC,ec,IBC,utpl.edu.ec,33,July,top-per-country,10.6084/m9.figshare.33062150.v3,https://doi.org/10.6084/m9.figshare.33062150.v3
webometrics,2026-09-28T01:22:12+00:00,overall,2026,2831,14,Princess Sumaya University for Technology,https://ror.org/01jy46q10,Jordan,JO,jo,AW,psut.edu.jo,33,July,top-per-country,10.6084/m9.figshare.33062150.v3,https://doi.org/10.6084/m9.figshare.33062150.v3
webometrics,2026-09-28T01:22:12+00:00,overall,2026,2834,8,Universidad de Lima,https://ror.org/01751w114,Peru,PE,pe,IBC,ulima.edu.pe,33,July,top-per-country,10.6084/m9.figshare.33062150.v3,https://doi.org/10.6084/m9.figshare.33062150.v3
webometrics,2026-09-28T01:22:12+00:00,overall,2026,2839,8,Universidad de Especialidades Espíritu Santo,https://ror.org/00b210x50,Ecuador,EC,ec,IBC,uees.edu.ec,33,July,top-per-country,10.6084/m9.figshare.33062150.v3,https://doi.org/10.6084/m9.figshare.33062150.v3
webometrics,2026-09-28T01:22:12+00:00,overall,2026,2839,12,Technological University of the Shannon,https://ror.org/04efm0253,Ireland,IE,ie,EU,tus.ie,33,July,top-per-country,10.6084/m9.figshare.33062150.v3,https://doi.org/10.6084/m9.figshare.33062150.v3
webometrics,2026-09-28T01:22:12+00:00,overall,2026,2845,15,Mutah University,https://ror.org/008g9ns82,Jordan,JO,jo,AW,mutah.edu.jo,33,July,top-per-country,10.6084/m9.figshare.33062150.v3,https://doi.org/10.6084/m9.figshare.33062150.v3
webometrics,2026-09-28T01:22:12+00:00,overall,2026,2849,13,Szechenyi Istvan University,https://ror.org/04091f946,Hungary,HU,hu,EU,uni.sze.hu,33,July,top-per-country,10.6084/m9.figshare.33062150.v3,https://doi.org/10.6084/m9.figshare.33062150.v3
webometrics,2026-09-28T01:22:12+00:00,overall,2026,2859,3,University of Georgia / საქართველოს უნივერსიტეტი,https://ror.org/02bjhwk41,Georgia,GE,ge,EU,ug.edu.ge,33,July,top-per-country,10.6084/m9.figshare.33062150.v3,https://doi.org/10.6084/m9.figshare.33062150.v3
webometrics,2026-09-28T01:22:12+00:00,overall,2026,2869,4,University of Nova Gorica / Univerza v Novi Gorici,https://ror.org/00mw0tw28,Slovenia,SI,si,EU,ung.si,33,July,top-per-country,10.6084/m9.figshare.33062150.v3,https://doi.org/10.6084/m9.figshare.33062150.v3
webometrics,2026-09-28T01:22:12+00:00,overall,2026,2878,2,National University of Uzbekistan / O'zbekiston Milliy Univesiteti,https://ror.org/011647w73,Uzbekistan,UZ,uz,AS,nuu.uz,33,July,top-per-country,10.6084/m9.figshare.33062150.v3,https://doi.org/10.6084/m9.figshare.33062150.v3
webometrics,2026-09-28T01:22:12+00:00,overall,2026,2910,13,Université Internationale de Rabat,https://ror.org/01t9czq80,Morocco,MA,ma,AW,uir.ac.ma,33,July,top-per-country,10.6084/m9.figshare.33062150.v3,https://doi.org/10.6084/m9.figshare.33062150.v3
webometrics,2026-09-28T01:22:12+00:00,overall,2026,2916,13,Dublin Institute For Advanced Studies DIAS,https://ror.org/051sx6d27,Ireland,IE,ie,EU,dias.ie,33,July,top-per-country,10.6084/m9.figshare.33062150.v3,https://doi.org/10.6084/m9.figshare.33062150.v3
webometrics,2026-09-28T01:22:12+00:00,overall,2026,2922,4,European University of Lefke / Lefke Avrupa Üniversitesi,https://ror.org/00t7bpe49,TY,,ty,EU,eul.edu.tr,33,July,top-per-country,10.6084/m9.figshare.33062150.v3,https://doi.org/10.6084/m9.figshare.33062150.v3
webometrics,2026-09-28T01:22:12+00:00,overall,2026,2922,6,Université des Sciences et de la Technologie d'Alger Houari Boumediène,https://ror.org/02kb89c09,Algeria,DZ,dz,AW,usthb.dz,33,July,top-per-country,10.6084/m9.figshare.33062150.v3,https://doi.org/10.6084/m9.figshare.33062150.v3
webometrics,2026-09-28T01:22:12+00:00,overall,2026,2930,10,Universidad del Azuay,https://ror.org/037xrmj59,Ecuador,EC,ec,IBC,uazuay.edu.ec,33,July,top-per-country,10.6084/m9.figshare.33062150.v3,https://doi.org/10.6084/m9.figshare.33062150.v3
webometrics,2026-09-28T01:22:12+00:00,overall,2026,2942,1,Universidad de la Habana,https://ror.org/04204gr61,Cuba,CU,cu,IBC,uh.cu,33,July,top-per-country,10.6084/m9.figshare.33062150.v3,https://doi.org/10.6084/m9.figshare.33062150.v3
webometrics,2026-09-28T01:22:12+00:00,overall,2026,2945,15,Pontificia Universidad Católica Argentina,https://ror.org/0422kzb24,Argentina,AR,ar,IBC,uca.edu.ar,33,July,top-per-country,10.6084/m9.figshare.33062150.v3,https://doi.org/10.6084/m9.figshare.33062150.v3
webometrics,2026-09-28T01:22:12+00:00,overall,2026,2949,8,Ivan Franko National University of Lviv / Львівський національний університет Івана Франка,https://ror.org/01s7y5e82,Ukraine,UA,ua,EU,lnu.edu.ua,33,July,top-per-country,10.6084/m9.figshare.33062150.v3,https://doi.org/10.6084/m9.figshare.33062150.v3
webometrics,2026-09-28T01:22:12+00:00,overall,2026,2980,7,Université de Tlemcen Abou Bekr Belkaid,https://ror.org/00jsjm362,Algeria,DZ,dz,AW,univ-tlemcen.dz,33,July,top-per-country,10.6084/m9.figshare.33062150.v3,https://doi.org/10.6084/m9.figshare.33062150.v3
webometrics,2026-09-28T01:22:12+00:00,overall,2026,2988,1,Damascus University,https://ror.org/03m098d13,Syria,SY,sy,AW,damascusuniversity.edu.sy,33,July,top-per-country,10.6084/m9.figshare.33062150.v3,https://doi.org/10.6084/m9.figshare.33062150.v3
webometrics,2026-09-28T01:22:12+00:00,overall,2026,2995,1,University of Namibia,https://ror.org/016xje988,Namibia,NA,na,AF,unam.edu.na,33,July,top-per-country,10.6084/m9.figshare.33062150.v3,https://doi.org/10.6084/m9.figshare.33062150.v3
webometrics,2026-09-28T01:22:12+00:00,overall,2026,3004,4,University of Doha for Science and Technology,https://ror.org/041ddxq18,Qatar,QA,qa,AW,udst.edu.qa,33,July,top-per-country,10.6084/m9.figshare.33062150.v3,https://doi.org/10.6084/m9.figshare.33062150.v3
webometrics,2026-09-28T01:22:12+00:00,overall,2026,3004,5,University of Moratuwa,https://ror.org/0491f5305,Sri Lanka,LK,lk,AS,uom.lk,33,July,top-per-country,10.6084/m9.figshare.33062150.v3,https://doi.org/10.6084/m9.figshare.33062150.v3
webometrics,2026-09-28T01:22:12+00:00,overall,2026,3004,8,Université de Boumerdès M'hamed Bougara,https://ror.org/02dveg925,Algeria,DZ,dz,AW,univ-boumerdes.dz,33,July,top-per-country,10.6084/m9.figshare.33062150.v3,https://doi.org/10.6084/m9.figshare.33062150.v3
webometrics,2026-09-28T01:22:12+00:00,overall,2026,3004,9,Universidad Nacional de San Agustín de Arequipa,https://ror.org/01e9gfg41,Peru,PE,pe,IBC,unsa.edu.pe,33,July,top-per-country,10.6084/m9.figshare.33062150.v3,https://doi.org/10.6084/m9.figshare.33062150.v3
webometrics,2026-09-28T01:22:12+00:00,overall,2026,3023,10,Universidad Nacional de Trujillo,https://ror.org/001b4cb05,Peru,PE,pe,IBC,unitru.edu.pe,33,July,top-per-country,10.6084/m9.figshare.33062150.v3,https://doi.org/10.6084/m9.figshare.33062150.v3
webometrics,2026-09-28T01:22:12+00:00,overall,2026,3025,1,Universidad de San Carlos de Guatemala,https://ror.org/01b4w2923,Guatemala,GT,gt,IBC,usac.edu.gt,33,July,top-per-country,10.6084/m9.figshare.33062150.v3,https://doi.org/10.6084/m9.figshare.33062150.v3
webometrics,2026-09-28T01:22:12+00:00,overall,2026,3033,11,Universidad Continental,https://ror.org/05rcf8d17,Peru,PE,pe,IBC,ucontinental.edu.pe,33,July,top-per-country,10.6084/m9.figshare.33062150.v3,https://doi.org/10.6084/m9.figshare.33062150.v3
webometrics,2026-09-28T01:22:12+00:00,overall,2026,3035,5,Haramaya University (Alemaya),https://ror.org/059yk7s89,Ethiopia,ET,et,AF,haramaya.edu.et,34,July,top-per-country,10.6084/m9.figshare.33062150.v3,https://doi.org/10.6084/m9.figshare.33062150.v3
webometrics,2026-09-28T01:22:12+00:00,overall,2026,3039,2,Sudan University of Science & Technology,https://ror.org/02fwtg066,Sudan,SD,sd,AW,sustech.edu,34,July,top-per-country,10.6084/m9.figshare.33062150.v3,https://doi.org/10.6084/m9.figshare.33062150.v3
webometrics,2026-09-28T01:22:12+00:00,overall,2026,3062,3,Plovdiv University Paisii Hilendarski / Пловдивски университет Паисий Хилендарски,https://ror.org/0545p3742,Bulgaria,BG,bg,EU,uni-plovdiv.bg,34,July,top-per-country,10.6084/m9.figshare.33062150.v3,https://doi.org/10.6084/m9.figshare.33062150.v3
webometrics,2026-09-28T01:22:12+00:00,overall,2026,3062,10,Hang Seng University of Hong Kong,https://ror.org/04fa64g55,Hong Kong SAR China,HK,hk,AS,hsu.edu.hk,34,July,top-per-country,10.6084/m9.figshare.33062150.v3,https://doi.org/10.6084/m9.figshare.33062150.v3
webometrics,2026-09-28T01:22:12+00:00,overall,2026,3066,9,Université Sidi Bel Abbès Djillali Liabes,https://ror.org/0378szg41,Algeria,DZ,dz,AW,univ-sba.dz,34,July,top-per-country,10.6084/m9.figshare.33062150.v3,https://doi.org/10.6084/m9.figshare.33062150.v3
webometrics,2026-09-28T01:22:12+00:00,overall,2026,3069,10,Université de Annaba Badji Mokhtar,https://ror.org/03sf55932,Algeria,DZ,dz,AW,univ-annaba.dz,34,July,top-per-country,10.6084/m9.figshare.33062150.v3,https://doi.org/10.6084/m9.figshare.33062150.v3
webometrics,2026-09-28T01:22:12+00:00,overall,2026,3081,5,Beirut Arab University,https://ror.org/02jya5567,Lebanon,LB,lb,AW,bau.edu.lb,34,July,top-per-country,10.6084/m9.figshare.33062150.v3,https://doi.org/10.6084/m9.figshare.33062150.v3
webometrics,2026-09-28T01:22:12+00:00,overall,2026,3085,4,Georgian Technical University,https://ror.org/00aamz256,Georgia,GE,ge,EU,gtu.ge,34,July,top-per-country,10.6084/m9.figshare.33062150.v3,https://doi.org/10.6084/m9.figshare.33062150.v3
webometrics,2026-09-28T01:22:12+00:00,overall,2026,3096,1,Université de Dschang,https://ror.org/0566t4z20,Cameroon,CM,cm,AF,univ-dschang.org,34,July,top-per-country,10.6084/m9.figshare.33062150.v3,https://doi.org/10.6084/m9.figshare.33062150.v3
webometrics,2026-09-28T01:22:12+00:00,overall,2026,3101,3,(3) Universidad de Puerto Rico Río Piedras,https://ror.org/0453v4r20,Puerto Rico,PR,pr,IBC,uprrp.edu,34,July,top-per-country,10.6084/m9.figshare.33062150.v3,https://doi.org/10.6084/m9.figshare.33062150.v3
webometrics,2026-09-28T01:22:12+00:00,overall,2026,3104,6,University of Kelaniya,https://ror.org/02r91my29,Sri Lanka,LK,lk,AS,kln.ac.lk,34,July,top-per-country,10.6084/m9.figshare.33062150.v3,https://doi.org/10.6084/m9.figshare.33062150.v3
webometrics,2026-09-28T01:22:12+00:00,overall,2026,3144,6,Hawassa University (Debub University),https://ror.org/04r15fz20,Ethiopia,ET,et,AF,hu.edu.et,34,July,top-per-country,10.6084/m9.figshare.33062150.v3,https://doi.org/10.6084/m9.figshare.33062150.v3
webometrics,2026-09-28T01:22:12+00:00,overall,2026,3147,12,American University in the Emirates,https://ror.org/056c6h780,United Arab Emirates,AE,ae,AW,aue.ae,34,July,top-per-country,10.6084/m9.figshare.33062150.v3,https://doi.org/10.6084/m9.figshare.33062150.v3
webometrics,2026-09-28T01:22:12+00:00,overall,2026,3148,2,Sokoine University of Agriculture,https://ror.org/00jdryp44,Tanzania,TZ,tz,AF,sua.ac.tz,34,July,top-per-country,10.6084/m9.figshare.33062150.v3,https://doi.org/10.6084/m9.figshare.33062150.v3
webometrics,2026-09-28T01:22:12+00:00,overall,2026,3153,4,Technical University of Sofia / Технически университет София,https://ror.org/052prhs50,Bulgaria,BG,bg,EU,tu-sofia.bg,34,July,top-per-country,10.6084/m9.figshare.33062150.v3,https://doi.org/10.6084/m9.figshare.33062150.v3
webometrics,2026-09-28T01:22:12+00:00,overall,2026,3173,3,Tashkent Institute of Irrigation and Agriculture Mechanization Engineers / Ташкентский институт ирригации и мелиорации,https://ror.org/01s4mx151,Uzbekistan,UZ,uz,AS,tiiame.uz,34,July,top-per-country,10.6084/m9.figshare.33062150.v3,https://doi.org/10.6084/m9.figshare.33062150.v3
webometrics,2026-09-28T01:22:12+00:00,overall,2026,3180,1,Université d'Abomey Calavi,https://ror.org/03gzr6j88,Benin,BJ,bj,AF,uac.bj,34,July,top-per-country,10.6084/m9.figshare.33062150.v3,https://doi.org/10.6084/m9.figshare.33062150.v3
webometrics,2026-09-28T01:22:12+00:00,overall,2026,3191,6,Singidunum University / Универзитет Сингидунум / Univerzitet Singidunum,https://ror.org/017v7rz39,Serbia,RS,rs,EU,singidunum.ac.rs,34,July,top-per-country,10.6084/m9.figshare.33062150.v3,https://doi.org/10.6084/m9.figshare.33062150.v3
webometrics,2026-09-28T01:22:12+00:00,overall,2026,3199,11,Université de Béjaia Abderrahmane Mira,https://ror.org/03yb2hp88,Algeria,DZ,dz,AW,univ-bejaia.dz,34,July,top-per-country,10.6084/m9.figshare.33062150.v3,https://doi.org/10.6084/m9.figshare.33062150.v3
webometrics,2026-09-28T01:22:12+00:00,overall,2026,3221,1,University of Mauritius,https://ror.org/05cyprz33,Mauritius,MU,mu,AF,uom.ac.mu,34,July,top-per-country,10.6084/m9.figshare.33062150.v3,https://doi.org/10.6084/m9.figshare.33062150.v3
webometrics,2026-09-28T01:22:12+00:00,overall,2026,3221,7,Klaipėda University / Klaipėdos universitetas,https://ror.org/027sdcz20,Lithuania,LT,lt,EU,ku.lt,34,July,top-per-country,10.6084/m9.figshare.33062150.v3,https://doi.org/10.6084/m9.figshare.33062150.v3
webometrics,2026-09-28T01:22:12+00:00,overall,2026,3228,12,Université de Ouargla Kasdi Merbah,https://ror.org/05amrd548,Algeria,DZ,dz,AW,univ-ouargla.dz,34,July,top-per-country,10.6084/m9.figshare.33062150.v3,https://doi.org/10.6084/m9.figshare.33062150.v3
webometrics,2026-09-28T01:22:12+00:00,overall,2026,3232,12,Universidad de San Martín de Porres,https://ror.org/03deqdj72,Peru,PE,pe,IBC,usmp.edu.pe,34,July,top-per-country,10.6084/m9.figshare.33062150.v3,https://doi.org/10.6084/m9.figshare.33062150.v3
webometrics,2026-09-28T01:22:12+00:00,overall,2026,3232,13,Université de Bouira Akli Mohand Oulhadj,https://ror.org/00vsxg936,Algeria,DZ,dz,AW,univ-bouira.dz,34,July,top-per-country,10.6084/m9.figshare.33062150.v3,https://doi.org/10.6084/m9.figshare.33062150.v3
webometrics,2026-09-28T01:22:12+00:00,overall,2026,3232,14,South East Technological University,https://ror.org/03fgx6868,Ireland,IE,ie,EU,setu.ie,34,July,top-per-country,10.6084/m9.figshare.33062150.v3,https://doi.org/10.6084/m9.figshare.33062150.v3
webometrics,2026-09-28T01:22:12+00:00,overall,2026,3249,6,Ngee Ann Polytechnic,https://ror.org/01w953x65,Singapore,SG,sg,AS,np.edu.sg,34,July,top-per-country,10.6084/m9.figshare.33062150.v3,https://doi.org/10.6084/m9.figshare.33062150.v3
webometrics,2026-09-28T01:22:12+00:00,overall,2026,3249,11,Universidad UTE,https://ror.org/00dmdt028,Ecuador,EC,ec,IBC,ute.edu.ec,34,July,top-per-country,10.6084/m9.figshare.33062150.v3,https://doi.org/10.6084/m9.figshare.33062150.v3
webometrics,2026-09-28T01:22:12+00:00,overall,2026,3260,14,University of Veterinary Medicine Budapest,https://ror.org/03vayv672,Hungary,HU,hu,EU,univet.hu,34,July,top-per-country,10.6084/m9.figshare.33062150.v3,https://doi.org/10.6084/m9.figshare.33062150.v3
webometrics,2026-09-28T01:22:12+00:00,overall,2026,3270,8,University of Prešov / Prešovská univerzita v Prešove,https://ror.org/02ndfsn03,Slovakia,SK,sk,EU,unipo.sk,34,July,top-per-country,10.6084/m9.figshare.33062150.v3,https://doi.org/10.6084/m9.figshare.33062150.v3
webometrics,2026-09-28T01:22:12+00:00,overall,2026,3272,9,National Technical University Kharkiv Polytechnical Institute / Национальный технический университет Харьковский политехнический институт,https://ror.org/00yp5c433,Ukraine,UA,ua,EU,kpi.kharkov.ua,35,July,top-per-country,10.6084/m9.figshare.33062150.v3,https://doi.org/10.6084/m9.figshare.33062150.v3
webometrics,2026-09-28T01:22:12+00:00,overall,2026,3284,14,Al Akhawayn University Ifrane,https://ror.org/03erkev52,Morocco,MA,ma,AW,aui.ma,35,July,top-per-country,10.6084/m9.figshare.33062150.v3,https://doi.org/10.6084/m9.figshare.33062150.v3
webometrics,2026-09-28T01:22:12+00:00,overall,2026,3284,15,Pázmány Péter Catholic University Budapest / Pázmány Péter Katolikus Egyetem PPKE,https://ror.org/05v9kya57,Hungary,HU,hu,EU,ppke.hu,35,July,top-per-country,10.6084/m9.figshare.33062150.v3,https://doi.org/10.6084/m9.figshare.33062150.v3
webometrics,2026-09-28T01:22:12+00:00,overall,2026,3299,7,Arba Minch University,https://ror.org/00ssp9h11,Ethiopia,ET,et,AF,amu.edu.et,35,July,top-per-country,10.6084/m9.figshare.33062150.v3,https://doi.org/10.6084/m9.figshare.33062150.v3
webometrics,2026-09-28T01:22:12+00:00,overall,2026,3304,5,University of Forestry Sofia / Лесотехнически университет,https://ror.org/033t8gt11,Bulgaria,BG,bg,EU,ltu.bg,35,July,top-per-country,10.6084/m9.figshare.33062150.v3,https://doi.org/10.6084/m9.figshare.33062150.v3
webometrics,2026-09-28T01:22:12+00:00,overall,2026,3309,13,Gulf Medical University,https://ror.org/02kaerj47,United Arab Emirates,AE,ae,AW,gmu.ac.ae,35,July,top-per-country,10.6084/m9.figshare.33062150.v3,https://doi.org/10.6084/m9.figshare.33062150.v3
webometrics,2026-09-28T01:22:12+00:00,overall,2026,3311,6,Mapua Institute of Technology,https://ror.org/040rd2b57,Philippines,PH,ph,AS,mapua.edu.ph,35,July,top-per-country,10.6084/m9.figshare.33062150.v3,https://doi.org/10.6084/m9.figshare.33062150.v3
webometrics,2026-09-28T01:22:12+00:00,overall,2026,3317,1,Universidad Mayor de San Andrés,https://ror.org/00k4v9x79,Bolivia,BO,bo,IBC,umsa.bo,35,July,top-per-country,10.6084/m9.figshare.33062150.v3,https://doi.org/10.6084/m9.figshare.33062150.v3
webometrics,2026-09-28T01:22:12+00:00,overall,2026,3317,6,Open University of Cyprus,https://ror.org/033sm2k57,Cyprus,CY,cy,EU,ouc.ac.cy,35,July,top-per-country,10.6084/m9.figshare.33062150.v3,https://doi.org/10.6084/m9.figshare.33062150.v3
webometrics,2026-09-28T01:22:12+00:00,overall,2026,3337,2,University of Buea,https://ror.org/041kdhz15,Cameroon,CM,cm,AF,ubuea.cm,35,July,top-per-country,10.6084/m9.figshare.33062150.v3,https://doi.org/10.6084/m9.figshare.33062150.v3
webometrics,2026-09-28T01:22:12+00:00,overall,2026,3353,5,University of Zadar,https://ror.org/00t89vb53,Croatia,HR,hr,EU,unizd.hr,35,July,top-per-country,10.6084/m9.figshare.33062150.v3,https://doi.org/10.6084/m9.figshare.33062150.v3
webometrics,2026-09-28T01:22:12+00:00,overall,2026,3367,3,Muhimbili University of Health and Allied Sciences,https://ror.org/027pr6c67,Tanzania,TZ,tz,AF,muhas.ac.tz,35,July,top-per-country,10.6084/m9.figshare.33062150.v3,https://doi.org/10.6084/m9.figshare.33062150.v3
webometrics,2026-09-28T01:22:12+00:00,overall,2026,3372,4,University of Dodoma,https://ror.org/009n8zh45,Tanzania,TZ,tz,AF,udom.ac.tz,35,July,top-per-country,10.6084/m9.figshare.33062150.v3,https://doi.org/10.6084/m9.figshare.33062150.v3
webometrics,2026-09-28T01:22:12+00:00,overall,2026,3372,14,Université d'El Oued Hamma Lakhdar,https://ror.org/05416s909,Algeria,DZ,dz,AW,univ-eloued.dz,35,July,top-per-country,10.6084/m9.figshare.33062150.v3,https://doi.org/10.6084/m9.figshare.33062150.v3
webometrics,2026-09-28T01:22:12+00:00,overall,2026,3375,8,Mekelle University,https://ror.org/04bpyvy69,Ethiopia,ET,et,AF,mu.edu.et,35,July,top-per-country,10.6084/m9.figshare.33062150.v3,https://doi.org/10.6084/m9.figshare.33062150.v3
webometrics,2026-09-28T01:22:12+00:00,overall,2026,3378,3,Sohar University,https://ror.org/02ftvf862,Oman,OM,om,AW,su.edu.om,35,July,top-per-country,10.6084/m9.figshare.33062150.v3,https://doi.org/10.6084/m9.figshare.33062150.v3
webometrics,2026-09-28T01:22:12+00:00,overall,2026,3380,15,Université de Chlef Hassiba Benbouali,https://ror.org/04yymzm67,Algeria,DZ,dz,AW,univ-chlef.dz,35,July,top-per-country,10.6084/m9.figshare.33062150.v3,https://doi.org/10.6084/m9.figshare.33062150.v3
webometrics,2026-09-28T01:22:12+00:00,overall,2026,3410,5,University of Education Winneba,https://ror.org/00y1ekh28,Ghana,GH,gh,AF,uew.edu.gh,35,July,top-per-country,10.6084/m9.figshare.33062150.v3,https://doi.org/10.6084/m9.figshare.33062150.v3
webometrics,2026-09-28T01:22:12+00:00,overall,2026,3414,14,British University in Dubai,https://ror.org/00mc18523,United Arab Emirates,AE,ae,AW,buid.ac.ae,35,July,top-per-country,10.6084/m9.figshare.33062150.v3,https://doi.org/10.6084/m9.figshare.33062150.v3
webometrics,2026-09-28T01:22:12+00:00,overall,2026,3430,15,University of Wollongong in Dubai,https://ror.org/0447ajy94,United Arab Emirates,AE,ae,AW,uowdubai.ac.ae,35,July,top-per-country,10.6084/m9.figshare.33062150.v3,https://doi.org/10.6084/m9.figshare.33062150.v3
webometrics,2026-09-28T01:22:12+00:00,overall,2026,3435,4,Moi University,https://ror.org/04p6eac84,Kenya,KE,ke,AF,mu.ac.ke,35,July,top-per-country,10.6084/m9.figshare.33062150.v3,https://doi.org/10.6084/m9.figshare.33062150.v3
webometrics,2026-09-28T01:22:12+00:00,overall,2026,3440,9,Technical University in Zvolen / Technická univerzita vo Zvolene,https://ror.org/00j75pt62,Slovakia,SK,sk,EU,tuzvo.sk,35,July,top-per-country,10.6084/m9.figshare.33062150.v3,https://doi.org/10.6084/m9.figshare.33062150.v3
webometrics,2026-09-28T01:22:12+00:00,overall,2026,3471,5,Kazakh National Pedagogical University Abay / Абай атындағы Қазақ ұлттық педагогикалық университеті,https://ror.org/02bvvhn54,Kazakhstan,KZ,kz,AS,kaznpu.kz,35,July,top-per-country,10.6084/m9.figshare.33062150.v3,https://doi.org/10.6084/m9.figshare.33062150.v3
webometrics,2026-09-28T01:22:12+00:00,overall,2026,3479,10,Matej Bel University in Banská Bystrica / Univerzita Mateja Bela v Banskej Bystrici,https://ror.org/016e5hy63,Slovakia,SK,sk,EU,umb.sk,35,July,top-per-country,10.6084/m9.figshare.33062150.v3,https://doi.org/10.6084/m9.figshare.33062150.v3
webometrics,2026-09-28T01:22:12+00:00,overall,2026,3496,11,Hong Kong Shue Yan University,https://ror.org/023t8mt09,Hong Kong SAR China,HK,hk,AS,hksyu.edu,35,July,top-per-country,10.6084/m9.figshare.33062150.v3,https://doi.org/10.6084/m9.figshare.33062150.v3
webometrics,2026-09-28T01:22:12+00:00,overall,2026,3501,7,Singapore Institute of Management,https://ror.org/01wxh6v83,Singapore,SG,sg,AS,sim.edu.sg,35,July,top-per-country,10.6084/m9.figshare.33062150.v3,https://doi.org/10.6084/m9.figshare.33062150.v3
webometrics,2026-09-28T01:22:12+00:00,overall,2026,3508,5,Arab American University,https://ror.org/04jmsq731,Palestinian Territories,PS,ps,AW,aaup.edu,35,July,top-per-country,10.6084/m9.figshare.33062150.v3,https://doi.org/10.6084/m9.figshare.33062150.v3
webometrics,2026-09-28T01:22:12+00:00,overall,2026,3513,13,Universidad Ricardo Palma,https://ror.org/02mb17771,Peru,PE,pe,IBC,urp.edu.pe,35,July,top-per-country,10.6084/m9.figshare.33062150.v3,https://doi.org/10.6084/m9.figshare.33062150.v3
webometrics,2026-09-28T01:22:12+00:00,overall,2026,3518,4,Baku State University / Bakı Dövlət Universiteti,https://ror.org/054gw3b40,Azerbaijan,AZ,az,EU,bsu.edu.az,35,July,top-per-country,10.6084/m9.figshare.33062150.v3,https://doi.org/10.6084/m9.figshare.33062150.v3
webometrics,2026-09-28T01:22:12+00:00,overall,2026,3523,6,University of Balamand,https://ror.org/01xvwxv41,Lebanon,LB,lb,AW,balamand.edu.lb,36,July,top-per-country,10.6084/m9.figshare.33062150.v3,https://doi.org/10.6084/m9.figshare.33062150.v3
webometrics,2026-09-28T01:22:12+00:00,overall,2026,3527,9,Addis Ababa Science and Technology University Ethiopia,https://ror.org/02psd9228,Ethiopia,ET,et,AF,aastu.edu.et,36,July,top-per-country,10.6084/m9.figshare.33062150.v3,https://doi.org/10.6084/m9.figshare.33062150.v3
webometrics,2026-09-28T01:22:12+00:00,overall,2026,3538,4,Dhofar University,https://ror.org/05d5f5m07,Oman,OM,om,AW,du.edu.om,36,July,top-per-country,10.6084/m9.figshare.33062150.v3,https://doi.org/10.6084/m9.figshare.33062150.v3
webometrics,2026-09-28T01:22:12+00:00,overall,2026,3541,2,Arabian Gulf University,https://ror.org/04gd4wn47,Bahrain,BH,bh,AW,agu.edu.bh,36,July,top-per-country,10.6084/m9.figshare.33062150.v3,https://doi.org/10.6084/m9.figshare.33062150.v3
webometrics,2026-09-28T01:22:12+00:00,overall,2026,3552,3,Mbarara University of Science and Technology,https://ror.org/01bkn5154,Uganda,UG,ug,AF,must.ac.ug,36,July,top-per-country,10.6084/m9.figshare.33062150.v3,https://doi.org/10.6084/m9.figshare.33062150.v3
webometrics,2026-09-28T01:22:12+00:00,overall,2026,3562,14,Universidad Tecnológica del Perú,https://ror.org/0406pmf58,Peru,PE,pe,IBC,utp.edu.pe,36,July,top-per-country,10.6084/m9.figshare.33062150.v3,https://doi.org/10.6084/m9.figshare.33062150.v3
webometrics,2026-09-28T01:22:12+00:00,overall,2026,3565,12,Universidad Central del Ecuador,https://ror.org/010n0x685,Ecuador,EC,ec,IBC,uce.edu.ec,36,July,top-per-country,10.6084/m9.figshare.33062150.v3,https://doi.org/10.6084/m9.figshare.33062150.v3
webometrics,2026-09-28T01:22:12+00:00,overall,2026,3568,1,Universidad de Panamá,https://ror.org/0070j0q91,Panama,PA,pa,IBC,up.ac.pa,36,July,top-per-country,10.6084/m9.figshare.33062150.v3,https://doi.org/10.6084/m9.figshare.33062150.v3
webometrics,2026-09-28T01:22:12+00:00,overall,2026,3584,7,University of Jaffna,https://ror.org/02fwjgw17,Sri Lanka,LK,lk,AS,jfn.ac.lk,36,July,top-per-country,10.6084/m9.figshare.33062150.v3,https://doi.org/10.6084/m9.figshare.33062150.v3
webometrics,2026-09-28T01:22:12+00:00,overall,2026,3589,15,Universidad Privada del Norte,https://ror.org/05t6q2334,Peru,PE,pe,IBC,upn.edu.pe,36,July,top-per-country,10.6084/m9.figshare.33062150.v3,https://doi.org/10.6084/m9.figshare.33062150.v3
webometrics,2026-09-28T01:22:12+00:00,overall,2026,3590,11,Dnipro University of Technology / Національний гірничий університет,https://ror.org/05hkn5555,Ukraine,UA,ua,EU,nmu.org.ua,36,July,top-per-country,10.6084/m9.figshare.33062150.v3,https://doi.org/10.6084/m9.figshare.33062150.v3
webometrics,2026-09-28T01:22:12+00:00,overall,2026,3595,7,Université Saint Esprit de Kaslik,https://ror.org/05g06bh89,Lebanon,LB,lb,AW,usek.edu.lb,36,July,top-per-country,10.6084/m9.figshare.33062150.v3,https://doi.org/10.6084/m9.figshare.33062150.v3
webometrics,2026-09-28T01:22:12+00:00,overall,2026,3627,6,Medical University Plovdiv / Медицински университет Пловдив,https://ror.org/02kzxd152,Bulgaria,BG,bg,EU,mu-plovdiv.bg,36,July,top-per-country,10.6084/m9.figshare.33062150.v3,https://doi.org/10.6084/m9.figshare.33062150.v3
webometrics,2026-09-28T01:22:12+00:00,overall,2026,3628,13,Escuela Superior Politécnica de Chimborazo,https://ror.org/02zyw2q61,Ecuador,EC,ec,IBC,espoch.edu.ec,36,July,top-per-country,10.6084/m9.figshare.33062150.v3,https://doi.org/10.6084/m9.figshare.33062150.v3
webometrics,2026-09-28T01:22:12+00:00,overall,2026,3643,14,Universidad Nacional de Loja,https://ror.org/03a5x6z77,Ecuador,EC,ec,IBC,unl.edu.ec,36,July,top-per-country,10.6084/m9.figshare.33062150.v3,https://doi.org/10.6084/m9.figshare.33062150.v3
webometrics,2026-09-28T01:22:12+00:00,overall,2026,3651,1,National University of Mongolia / Монгол улсын их сургууль,https://ror.org/04855bv47,Mongolia,MN,mn,AS,num.edu.mn,36,July,top-per-country,10.6084/m9.figshare.33062150.v3,https://doi.org/10.6084/m9.figshare.33062150.v3
webometrics,2026-09-28T01:22:12+00:00,overall,2026,3656,3,Université de Yaounde I,https://ror.org/022zbs961,Cameroon,CM,cm,AF,uy1.uninet.cm,36,July,top-per-country,10.6084/m9.figshare.33062150.v3,https://doi.org/10.6084/m9.figshare.33062150.v3
webometrics,2026-09-28T01:22:12+00:00,overall,2026,3662,6,University North / Sveučilište Sjever,https://ror.org/01afbkc02,Croatia,HR,hr,EU,unin.hr,36,July,top-per-country,10.6084/m9.figshare.33062150.v3,https://doi.org/10.6084/m9.figshare.33062150.v3
webometrics,2026-09-28T01:22:12+00:00,overall,2026,3673,3,Instituto Tecnológico de Costa Rica,https://ror.org/04zhrfn38,Costa Rica,CR,cr,IBC,tec.ac.cr,36,July,top-per-country,10.6084/m9.figshare.33062150.v3,https://doi.org/10.6084/m9.figshare.33062150.v3
webometrics,2026-09-28T01:22:12+00:00,overall,2026,3693,15,Université Hassan I Settat,https://ror.org/03cdvht47,Morocco,MA,ma,AW,uh1.ac.ma,36,July,top-per-country,10.6084/m9.figshare.33062150.v3,https://doi.org/10.6084/m9.figshare.33062150.v3
webometrics,2026-09-28T01:22:12+00:00,overall,2026,3716,5,Université de Tunis,https://ror.org/02q1spa57,Tunisia,TN,tn,AW,utunis.rnu.tn,36,July,top-per-country,10.6084/m9.figshare.33062150.v3,https://doi.org/10.6084/m9.figshare.33062150.v3
webometrics,2026-09-28T01:22:12+00:00,overall,2026,3716,11,Academic College of Tel Aviv Yaffo,https://ror.org/04cg6c004,Israel,IL,il,EU,mta.ac.il,36,July,top-per-country,10.6084/m9.figshare.33062150.v3,https://doi.org/10.6084/m9.figshare.33062150.v3
webometrics,2026-09-28T01:22:12+00:00,overall,2026,3727,1,Université de Lomé,https://ror.org/00wc07928,Togo,TG,tg,AF,univ-lome.tg,36,July,top-per-country,10.6084/m9.figshare.33062150.v3,https://doi.org/10.6084/m9.figshare.33062150.v3
webometrics,2026-09-28T01:22:12+00:00,overall,2026,3731,8,James Cook University Singapore,https://ror.org/01y5z8p89,Singapore,SG,sg,AS,jcu.edu.sg,36,July,top-per-country,10.6084/m9.figshare.33062150.v3,https://doi.org/10.6084/m9.figshare.33062150.v3
webometrics,2026-09-28T01:22:12+00:00,overall,2026,3734,5,Egerton University,https://ror.org/01jk2zc89,Kenya,KE,ke,AF,egerton.ac.ke,36,July,top-per-country,10.6084/m9.figshare.33062150.v3,https://doi.org/10.6084/m9.figshare.33062150.v3
webometrics,2026-09-28T01:22:12+00:00,overall,2026,3743,1,Universidad Nacional Autónoma de Honduras,https://ror.org/03xyve152,Honduras,HN,hn,IBC,unah.edu.hn,36,July,top-per-country,10.6084/m9.figshare.33062150.v3,https://doi.org/10.6084/m9.figshare.33062150.v3
webometrics,2026-09-28T01:22:12+00:00,overall,2026,3753,2,Namibia University of Science and Technology (Polytechnic of Namibia),https://ror.org/03gg1ey66,Namibia,NA,na,AF,nust.na,36,July,top-per-country,10.6084/m9.figshare.33062150.v3,https://doi.org/10.6084/m9.figshare.33062150.v3
webometrics,2026-09-28T01:22:12+00:00,overall,2026,3762,15,Universidad de las Fuerzas Armadas ESPE (Escuela Politécnica del Ejército),https://ror.org/05j136930,Ecuador,EC,ec,IBC,espe.edu.ec,36,July,top-per-country,10.6084/m9.figshare.33062150.v3,https://doi.org/10.6084/m9.figshare.33062150.v3
webometrics,2026-09-28T01:22:12+00:00,overall,2026,3764,4,Samarkand State University,https://ror.org/02b6gy972,Uzbekistan,UZ,uz,AS,samdu.uz,36,July,top-per-country,10.6084/m9.figshare.33062150.v3,https://doi.org/10.6084/m9.figshare.33062150.v3
webometrics,2026-09-28T01:22:12+00:00,overall,2026,3776,6,University of Energy and Natural Resources,https://ror.org/05r9rzb75,Ghana,GH,gh,AF,uenr.edu.gh,36,July,top-per-country,10.6084/m9.figshare.33062150.v3,https://doi.org/10.6084/m9.figshare.33062150.v3
webometrics,2026-09-28T01:22:12+00:00,overall,2026,3807,1,SIMAD University Mogadishu,https://ror.org/03dynh639,Somalia,SO,so,AW,simad.edu.so,36,July,top-per-country,10.6084/m9.figshare.33062150.v3,https://doi.org/10.6084/m9.figshare.33062150.v3
webometrics,2026-09-28T01:22:12+00:00,overall,2026,3820,5,Nelson Mandela African Institute of Science & Technology,https://ror.org/041vsn055,Tanzania,TZ,tz,AF,nm-aist.ac.tz,37,July,top-per-country,10.6084/m9.figshare.33062150.v3,https://doi.org/10.6084/m9.figshare.33062150.v3
webometrics,2026-09-28T01:22:12+00:00,overall,2026,3824,14,Interregional Academy of Personnel Management / Міжрегіональна Академія управління персоналом,https://ror.org/01ezcv773,Ukraine,UA,ua,EU,maup.com.ua,37,July,top-per-country,10.6084/m9.figshare.33062150.v3,https://doi.org/10.6084/m9.figshare.33062150.v3
webometrics,2026-09-28T01:22:12+00:00,overall,2026,3834,7,Frederick University,https://ror.org/05d8tf882,Cyprus,CY,cy,EU,frederick.ac.cy,37,July,top-per-country,10.6084/m9.figshare.33062150.v3,https://doi.org/10.6084/m9.figshare.33062150.v3
webometrics,2026-09-28T01:22:12+00:00,overall,2026,3840,1,University of Tripoli (Al Fateh University),https://ror.org/00taa2s29,Libya,LY,ly,AW,uot.edu.ly,37,July,top-per-country,10.6084/m9.figshare.33062150.v3,https://doi.org/10.6084/m9.figshare.33062150.v3
webometrics,2026-09-28T01:22:12+00:00,overall,2026,3840,13,University of the Arts Helsinki / Taideyliopisto,https://ror.org/05anqtc62,Finland,FI,fi,EU,uniarts.fi,37,July,top-per-country,10.6084/m9.figshare.33062150.v3,https://doi.org/10.6084/m9.figshare.33062150.v3
webometrics,2026-09-28T01:22:12+00:00,overall,2026,3843,15,Lesya Ukrainka Volyn National University / Волинський національний університет Лесі Українки,https://ror.org/02zjp8848,Ukraine,UA,ua,EU,vnu.edu.ua,37,July,top-per-country,10.6084/m9.figshare.33062150.v3,https://doi.org/10.6084/m9.figshare.33062150.v3
webometrics,2026-09-28T01:22:12+00:00,overall,2026,3858,7,Mindanao State University Iligan Institute of Technology,https://ror.org/00qemyc07,Philippines,PH,ph,AS,msuiit.edu.ph,37,July,top-per-country,10.6084/m9.figshare.33062150.v3,https://doi.org/10.6084/m9.figshare.33062150.v3
webometrics,2026-09-28T01:22:12+00:00,overall,2026,3862,1,V I Vernadsky Crimean Federal University / Крымский федеральный университет имени В.И Вернадского,https://ror.org/05erbjx97,,,,EU,cfuv.ru,37,July,top-per-country,10.6084/m9.figshare.33062150.v3,https://doi.org/10.6084/m9.figshare.33062150.v3
webometrics,2026-09-28T01:22:12+00:00,overall,2026,3877,1,Université d'Antananarivo,https://ror.org/02w4gwv87,Madagascar,MG,mg,AF,univ-antananarivo.mg,37,July,top-per-country,10.6084/m9.figshare.33062150.v3,https://doi.org/10.6084/m9.figshare.33062150.v3
webometrics,2026-09-28T01:22:12+00:00,overall,2026,3883,6,Université de la Manouba,https://ror.org/0503ejf32,Tunisia,TN,tn,AW,uma.rnu.tn,37,July,top-per-country,10.6084/m9.figshare.33062150.v3,https://doi.org/10.6084/m9.figshare.33062150.v3
webometrics,2026-09-28T01:22:12+00:00,overall,2026,3891,2,Universiti Teknologi Brunei,https://ror.org/004y7f915,Brunei,BN,bn,AS,utb.edu.bn,37,July,top-per-country,10.6084/m9.figshare.33062150.v3,https://doi.org/10.6084/m9.figshare.33062150.v3
webometrics,2026-09-28T01:22:12+00:00,overall,2026,3905,7,University of Health and Allied Sciences,https://ror.org/054tfvs49,Ghana,GH,gh,AF,uhas.edu.gh,37,July,top-per-country,10.6084/m9.figshare.33062150.v3,https://doi.org/10.6084/m9.figshare.33062150.v3
webometrics,2026-09-28T01:22:12+00:00,overall,2026,3918,7,University of Pula / Sveučilište Jurja Dobrile u Puli,https://ror.org/006ks2460,Croatia,HR,hr,EU,unipu.hr,37,July,top-per-country,10.6084/m9.figshare.33062150.v3,https://doi.org/10.6084/m9.figshare.33062150.v3
webometrics,2026-09-28T01:22:12+00:00,overall,2026,3919,4,College of Technological Studies,https://ror.org/024242h31,Kuwait,KW,kw,AW,paaet.edu.kw,37,July,top-per-country,10.6084/m9.figshare.33062150.v3,https://doi.org/10.6084/m9.figshare.33062150.v3
webometrics,2026-09-28T01:22:12+00:00,overall,2026,3922,15,National University of Ireland,https://ror.org/00shsf120,Ireland,IE,ie,EU,nui.ie,37,July,top-per-country,10.6084/m9.figshare.33062150.v3,https://doi.org/10.6084/m9.figshare.33062150.v3
webometrics,2026-09-28T01:22:12+00:00,overall,2026,3935,2,Midlands State University,https://ror.org/02gv1gw80,Zimbabwe,ZW,zw,AF,msu.ac.zw,37,July,top-per-country,10.6084/m9.figshare.33062150.v3,https://doi.org/10.6084/m9.figshare.33062150.v3
webometrics,2026-09-28T01:22:12+00:00,overall,2026,3935,11,University of Economics in Bratislava / Ekonomická univerzita v Bratislave,https://ror.org/0310h1546,Slovakia,SK,sk,EU,euba.sk,37,July,top-per-country,10.6084/m9.figshare.33062150.v3,https://doi.org/10.6084/m9.figshare.33062150.v3
webometrics,2026-09-28T01:22:12+00:00,overall,2026,3948,6,Strathmore University Nairobi,https://ror.org/047dnqw48,Kenya,KE,ke,AF,strathmore.edu,37,July,top-per-country,10.6084/m9.figshare.33062150.v3,https://doi.org/10.6084/m9.figshare.33062150.v3
webometrics,2026-09-28T01:22:12+00:00,overall,2026,3948,10,Adama Science & Technology University,https://ror.org/02ccba128,Ethiopia,ET,et,AF,astu.edu.et,37,July,top-per-country,10.6084/m9.figshare.33062150.v3,https://doi.org/10.6084/m9.figshare.33062150.v3
webometrics,2026-09-28T01:22:12+00:00,overall,2026,3966,5,Girne American University,https://ror.org/026b8w395,TY,,ty,EU,gau.edu.tr,37,July,top-per-country,10.6084/m9.figshare.33062150.v3,https://doi.org/10.6084/m9.figshare.33062150.v3
webometrics,2026-09-28T01:22:12+00:00,overall,2026,4003,1,Kamuzu University of Health Sciences,https://ror.org/00khnq787,Malawi,MW,mw,AF,kuhes.ac.mw,37,July,top-per-country,10.6084/m9.figshare.33062150.v3,https://doi.org/10.6084/m9.figshare.33062150.v3
webometrics,2026-09-28T01:22:12+00:00,overall,2026,4025,12,Vlerick Leuven Gent Management School,https://ror.org/056t38c37,Belgium,BE,be,EU,vlerick.com,37,July,top-per-country,10.6084/m9.figshare.33062150.v3,https://doi.org/10.6084/m9.figshare.33062150.v3
webometrics,2026-09-28T01:22:12+00:00,overall,2026,4027,2,Universidad Mayor de San Simón,https://ror.org/03z27es23,Bolivia,BO,bo,IBC,umss.edu.bo,37,July,top-per-country,10.6084/m9.figshare.33062150.v3,https://doi.org/10.6084/m9.figshare.33062150.v3
webometrics,2026-09-28T01:22:12+00:00,overall,2026,4049,12,Tel Hai Academic College,https://ror.org/009st3569,Israel,IL,il,EU,telhai.ac.il,37,July,top-per-country,10.6084/m9.figshare.33062150.v3,https://doi.org/10.6084/m9.figshare.33062150.v3
webometrics,2026-09-28T01:22:12+00:00,overall,2026,4061,7,Maseno University,https://ror.org/023pskh72,Kenya,KE,ke,AF,maseno.ac.ke,37,July,top-per-country,10.6084/m9.figshare.33062150.v3,https://doi.org/10.6084/m9.figshare.33062150.v3
webometrics,2026-09-28T01:22:12+00:00,overall,2026,4069,6,University of Kyrenia / Girne üniversitesi,https://ror.org/05wyxj832,TY,,ty,EU,kyrenia.edu.tr,37,July,top-per-country,10.6084/m9.figshare.33062150.v3,https://doi.org/10.6084/m9.figshare.33062150.v3
webometrics,2026-09-28T01:22:12+00:00,overall,2026,4076,8,Rajarata University,https://ror.org/04dd86x86,Sri Lanka,LK,lk,AS,rjt.ac.lk,37,July,top-per-country,10.6084/m9.figshare.33062150.v3,https://doi.org/10.6084/m9.figshare.33062150.v3
webometrics,2026-09-28T01:22:12+00:00,overall,2026,4097,8,Mindanao State University Marawi City,https://ror.org/026441d17,Philippines,PH,ph,AS,msumain.edu.ph,37,July,top-per-country,10.6084/m9.figshare.33062150.v3,https://doi.org/10.6084/m9.figshare.33062150.v3
webometrics,2026-09-28T01:22:12+00:00,overall,2026,4125,5,Alma Mater Europaea (European Study Center Maribor / Visokošolski zavod ESM),https://ror.org/028a67802,Slovenia,SI,si,EU,almamater.si,37,July,top-per-country,10.6084/m9.figshare.33062150.v3,https://doi.org/10.6084/m9.figshare.33062150.v3
webometrics,2026-09-28T01:22:12+00:00,overall,2026,4138,8,Ghana Communication Technology University GCTU,https://ror.org/05hvkkr89,Ghana,GH,gh,AF,gctu.edu.gh,38,July,top-per-country,10.6084/m9.figshare.33062150.v3,https://doi.org/10.6084/m9.figshare.33062150.v3
webometrics,2026-09-28T01:22:12+00:00,overall,2026,4146,2,Botswana International University of Science & Technology,https://ror.org/04cr2sq58,Botswana,BW,bw,AF,biust.ac.bw,38,July,top-per-country,10.6084/m9.figshare.33062150.v3,https://doi.org/10.6084/m9.figshare.33062150.v3
webometrics,2026-09-28T01:22:12+00:00,overall,2026,4156,7,Université de Gabes,https://ror.org/022efad20,Tunisia,TN,tn,AW,univgb.rnu.tn,38,July,top-per-country,10.6084/m9.figshare.33062150.v3,https://doi.org/10.6084/m9.figshare.33062150.v3
webometrics,2026-09-28T01:22:12+00:00,overall,2026,4160,2,Yerevan State Medical University,https://ror.org/01vkzj587,Armenia,AM,am,EU,ysmu.am,38,July,top-per-country,10.6084/m9.figshare.33062150.v3,https://doi.org/10.6084/m9.figshare.33062150.v3
webometrics,2026-09-28T01:22:12+00:00,overall,2026,4160,14,Turku University of Applied Sciences / Turun Ammattikorkeakoulu,https://ror.org/04s0yt949,Finland,FI,fi,EU,turkuamk.fi,38,July,top-per-country,10.6084/m9.figshare.33062150.v3,https://doi.org/10.6084/m9.figshare.33062150.v3
webometrics,2026-09-28T01:22:12+00:00,overall,2026,4178,9,Sri Lanka Institute of Information Technology,https://ror.org/00fhk4582,Sri Lanka,LK,lk,AS,sliit.lk,38,July,top-per-country,10.6084/m9.figshare.33062150.v3,https://doi.org/10.6084/m9.figshare.33062150.v3
webometrics,2026-09-28T01:22:12+00:00,overall,2026,4183,3,Ahlia University,https://ror.org/006yvnr95,Bahrain,BH,bh,AW,ahlia.edu.bh,38,July,top-per-country,10.6084/m9.figshare.33062150.v3,https://doi.org/10.6084/m9.figshare.33062150.v3
webometrics,2026-09-28T01:22:12+00:00,overall,2026,4189,8,University of Ruse Angel Kanchev / Русенски университет Ангел Кънчев,https://ror.org/01g09ef73,Bulgaria,BG,bg,EU,uni-ruse.bg,38,July,top-per-country,10.6084/m9.figshare.33062150.v3,https://doi.org/10.6084/m9.figshare.33062150.v3
webometrics,2026-09-28T01:22:12+00:00,overall,2026,4207,5,Tashkent University of Information Technologies Muhammad Al Khwarizmi,https://ror.org/05987a729,Uzbekistan,UZ,uz,AS,tuit.uz,38,July,top-per-country,10.6084/m9.figshare.33062150.v3,https://doi.org/10.6084/m9.figshare.33062150.v3
webometrics,2026-09-28T01:22:12+00:00,overall,2026,4224,13,Royal Military Academy of Brussels,https://ror.org/02vmnye06,Belgium,BE,be,EU,rma.ac.be,38,July,top-per-country,10.6084/m9.figshare.33062150.v3,https://doi.org/10.6084/m9.figshare.33062150.v3
webometrics,2026-09-28T01:22:12+00:00,overall,2026,4237,5,A'Sharqiyah University,https://ror.org/044v96v72,Oman,OM,om,AW,asu.edu.om,38,July,top-per-country,10.6084/m9.figshare.33062150.v3,https://doi.org/10.6084/m9.figshare.33062150.v3
webometrics,2026-09-28T01:22:12+00:00,overall,2026,4254,2,Universidad Católica del Uruguay,https://ror.org/019xvpc30,Uruguay,UY,uy,IBC,ucu.edu.uy,38,July,top-per-country,10.6084/m9.figshare.33062150.v3,https://doi.org/10.6084/m9.figshare.33062150.v3
webometrics,2026-09-28T01:22:12+00:00,overall,2026,4254,10,Sabaragamuwa University of Sri Lanka,https://ror.org/045vwzt11,Sri Lanka,LK,lk,AS,sab.ac.lk,38,July,top-per-country,10.6084/m9.figshare.33062150.v3,https://doi.org/10.6084/m9.figshare.33062150.v3
webometrics,2026-09-28T01:22:12+00:00,overall,2026,4259,3,University of Akureyri / Háskólinn á Akureyri,https://ror.org/01gnd8r41,Iceland,IS,is,EU,unak.is,38,July,top-per-country,10.6084/m9.figshare.33062150.v3,https://doi.org/10.6084/m9.figshare.33062150.v3
webometrics,2026-09-28T01:22:12+00:00,overall,2026,4259,6,Asfendiyarov Kazakh National Medical University / С.Ж Асфендияров атындағы Қазақ ұлттық медицина университеті,https://ror.org/05pc6w891,Kazakhstan,KZ,kz,AS,kaznmu.edu.kz,38,July,top-per-country,10.6084/m9.figshare.33062150.v3,https://doi.org/10.6084/m9.figshare.33062150.v3
webometrics,2026-09-28T01:22:12+00:00,overall,2026,4266,9,VIA University College,https://ror.org/04ctbxy49,Denmark,DK,dk,EU,via.dk,38,July,top-per-country,10.6084/m9.figshare.33062150.v3,https://doi.org/10.6084/m9.figshare.33062150.v3
webometrics,2026-09-28T01:22:12+00:00,overall,2026,4278,1,University of Tirana / Universiteti i Tiranës,https://ror.org/03g9v2404,Albania,AL,al,EU,unitir.edu.al,38,July,top-per-country,10.6084/m9.figshare.33062150.v3,https://doi.org/10.6084/m9.figshare.33062150.v3
webometrics,2026-09-28T01:22:12+00:00,overall,2026,4283,8,University of Embu,https://ror.org/00hzs6t60,Kenya,KE,ke,AF,embuni.ac.ke,38,July,top-per-country,10.6084/m9.figshare.33062150.v3,https://doi.org/10.6084/m9.figshare.33062150.v3
webometrics,2026-09-28T01:22:12+00:00,overall,2026,4292,8,Neapolis University of Pafos,https://ror.org/02kjms144,Cyprus,CY,cy,EU,nup.ac.cy,38,July,top-per-country,10.6084/m9.figshare.33062150.v3,https://doi.org/10.6084/m9.figshare.33062150.v3
webometrics,2026-09-28T01:22:12+00:00,overall,2026,4297,9,Technical University of Kenya,https://ror.org/04eehsy38,Kenya,KE,ke,AF,tukenya.ac.ke,38,July,top-per-country,10.6084/m9.figshare.33062150.v3,https://doi.org/10.6084/m9.figshare.33062150.v3
webometrics,2026-09-28T01:22:12+00:00,overall,2026,4317,11,Uva Wellassa University,https://ror.org/05mqkk958,Sri Lanka,LK,lk,AS,uwu.ac.lk,38,July,top-per-country,10.6084/m9.figshare.33062150.v3,https://doi.org/10.6084/m9.figshare.33062150.v3
webometrics,2026-09-28T01:22:12+00:00,overall,2026,4343,2,Fiji National University,https://ror.org/00qk2nf71,Fiji,FJ,fj,AU,fnu.ac.fj,38,July,top-per-country,10.6084/m9.figshare.33062150.v3,https://doi.org/10.6084/m9.figshare.33062150.v3
webometrics,2026-09-28T01:22:12+00:00,overall,2026,4343,9,Singapore MIT Alliance for Research and Technology,https://ror.org/05yb3w112,Singapore,SG,sg,AS,smart.mit.edu,38,July,top-per-country,10.6084/m9.figshare.33062150.v3,https://doi.org/10.6084/m9.figshare.33062150.v3
webometrics,2026-09-28T01:22:12+00:00,overall,2026,4346,4,Centro Agronómico Tropical de Investigación y Enseñanza,https://ror.org/05tkvpg69,Costa Rica,CR,cr,IBC,catie.ac.cr,38,July,top-per-country,10.6084/m9.figshare.33062150.v3,https://doi.org/10.6084/m9.figshare.33062150.v3
webometrics,2026-09-28T01:22:12+00:00,overall,2026,4349,9,New Bulgarian University / Нов български университет,https://ror.org/002qhr126,Bulgaria,BG,bg,EU,nbu.bg,38,July,top-per-country,10.6084/m9.figshare.33062150.v3,https://doi.org/10.6084/m9.figshare.33062150.v3
webometrics,2026-09-28T01:22:12+00:00,overall,2026,4380,8,Lebanese International University,https://ror.org/034agrd14,Lebanon,LB,lb,AW,liu.edu.lb,38,July,top-per-country,10.6084/m9.figshare.33062150.v3,https://doi.org/10.6084/m9.figshare.33062150.v3
webometrics,2026-09-28T01:22:12+00:00,overall,2026,4395,6,Palestine Technical University Khadouri,https://ror.org/00cfa1c07,Palestinian Territories,PS,ps,AW,ptuk.edu.ps,38,July,top-per-country,10.6084/m9.figshare.33062150.v3,https://doi.org/10.6084/m9.figshare.33062150.v3
webometrics,2026-09-28T01:22:12+00:00,overall,2026,4398,2,Ibb University,https://ror.org/00fhcxc56,Yemen,YE,ye,AW,ibbuniv.edu.ye,38,July,top-per-country,10.6084/m9.figshare.33062150.v3,https://doi.org/10.6084/m9.figshare.33062150.v3
webometrics,2026-09-28T01:22:12+00:00,overall,2026,4405,7,Al Azhar University of Gaza,https://ror.org/047k2at48,Palestinian Territories,PS,ps,AW,alazhar.edu.ps,38,July,top-per-country,10.6084/m9.figshare.33062150.v3,https://doi.org/10.6084/m9.figshare.33062150.v3
webometrics,2026-09-28T01:22:12+00:00,overall,2026,4409,1,Nicolae Testemiţanu State University of Medicine and Pharmacy / Universitatea de Stat de Medicina si Farmacie,https://ror.org/03xww6m08,Moldova,MD,md,EU,usmf.md,38,July,top-per-country,10.6084/m9.figshare.33062150.v3,https://doi.org/10.6084/m9.figshare.33062150.v3
webometrics,2026-09-28T01:22:12+00:00,overall,2026,4426,8,Universite de Sousse,https://ror.org/00dmpgj58,Tunisia,TN,tn,AW,uso.rnu.tn,39,July,top-per-country,10.6084/m9.figshare.33062150.v3,https://doi.org/10.6084/m9.figshare.33062150.v3
webometrics,2026-09-28T01:22:12+00:00,overall,2026,4430,15,Jyvaskyla University of Applied Sciences / Jyväskylän ammattikorkeakoulu,https://ror.org/01dn2ng71,Finland,FI,fi,EU,jamk.fi,39,July,top-per-country,10.6084/m9.figshare.33062150.v3,https://doi.org/10.6084/m9.figshare.33062150.v3
webometrics,2026-09-28T01:22:12+00:00,overall,2026,4442,7,University for Business and Technology / Kolegji UBT,https://ror.org/00033n668,Serbia,RS,rs,EU,ubt-uni.net,39,July,top-per-country,10.6084/m9.figshare.33062150.v3,https://doi.org/10.6084/m9.figshare.33062150.v3
webometrics,2026-09-28T01:22:12+00:00,overall,2026,4452,8,Lithuanian Sports University / Lietuvos Sporto Universitetas,https://ror.org/00hxk7s55,Lithuania,LT,lt,EU,lsu.lt,39,July,top-per-country,10.6084/m9.figshare.33062150.v3,https://doi.org/10.6084/m9.figshare.33062150.v3
webometrics,2026-09-28T01:22:12+00:00,overall,2026,4455,1,University of Guam / Unibetsedat Guahan,https://ror.org/00376bg92,Guam,GU,gu,AU,uog.edu,39,July,top-per-country,10.6084/m9.figshare.33062150.v3,https://doi.org/10.6084/m9.figshare.33062150.v3
webometrics,2026-09-28T01:22:12+00:00,overall,2026,4460,2,Copperbelt University,https://ror.org/03fgtjr33,Zambia,ZM,zm,AF,cbu.ac.zm,39,July,top-per-country,10.6084/m9.figshare.33062150.v3,https://doi.org/10.6084/m9.figshare.33062150.v3
webometrics,2026-09-28T01:22:12+00:00,overall,2026,4461,9,(3) Université de Tunis el Manar Ecole Nationale d'Ingénieurs de Tunis,https://ror.org/03b1zjt31,Tunisia,TN,tn,AW,enit.rnu.tn,39,July,top-per-country,10.6084/m9.figshare.33062150.v3,https://doi.org/10.6084/m9.figshare.33062150.v3
webometrics,2026-09-28T01:22:12+00:00,overall,2026,4463,3,International University of Sarajevo,https://ror.org/01aa4jj71,Bosnia & Herzegovina,BA,ba,EU,ius.edu.ba,39,July,top-per-country,10.6084/m9.figshare.33062150.v3,https://doi.org/10.6084/m9.figshare.33062150.v3
webometrics,2026-09-28T01:22:12+00:00,overall,2026,4463,4,Université de Ngaoundéré,https://ror.org/03gq1d339,Cameroon,CM,cm,AF,univ-ndere.cm,39,July,top-per-country,10.6084/m9.figshare.33062150.v3,https://doi.org/10.6084/m9.figshare.33062150.v3
webometrics,2026-09-28T01:22:12+00:00,overall,2026,4467,4,Kyambogo University,https://ror.org/01wb6tr49,Uganda,UG,ug,AF,kyu.ac.ug,39,July,top-per-country,10.6084/m9.figshare.33062150.v3,https://doi.org/10.6084/m9.figshare.33062150.v3
webometrics,2026-09-28T01:22:12+00:00,overall,2026,4470,11,Wollo University,https://ror.org/01ktt8y73,Ethiopia,ET,et,AF,wu.edu.et,39,July,top-per-country,10.6084/m9.figshare.33062150.v3,https://doi.org/10.6084/m9.figshare.33062150.v3
webometrics,2026-09-28T01:22:12+00:00,overall,2026,4474,5,Université de Bamenda,https://ror.org/031ahrf94,Cameroon,CM,cm,AF,uniba.cm,39,July,top-per-country,10.6084/m9.figshare.33062150.v3,https://doi.org/10.6084/m9.figshare.33062150.v3
webometrics,2026-09-28T01:22:12+00:00,overall,2026,4487,6,Tashkent State Technical University Islam Karimov,https://ror.org/01bmg2a15,Uzbekistan,UZ,uz,AS,tdtu.uz,39,July,top-per-country,10.6084/m9.figshare.33062150.v3,https://doi.org/10.6084/m9.figshare.33062150.v3
webometrics,2026-09-28T01:22:12+00:00,overall,2026,4490,8,University of Dubrovnik,https://ror.org/05yptqp13,Croatia,HR,hr,EU,unidu.hr,39,July,top-per-country,10.6084/m9.figshare.33062150.v3,https://doi.org/10.6084/m9.figshare.33062150.v3
webometrics,2026-09-28T01:22:12+00:00,overall,2026,4493,1,Kyrgyz Turkish Manas University,https://ror.org/04frf8n21,Kyrgyzstan,KG,kg,AS,manas.edu.kg,39,July,top-per-country,10.6084/m9.figshare.33062150.v3,https://doi.org/10.6084/m9.figshare.33062150.v3
webometrics,2026-09-28T01:22:12+00:00,overall,2026,4493,1,Universität Liechtenstein,https://ror.org/01qjrx392,Liechtenstein,LI,li,EU,uni.li,39,July,top-per-country,10.6084/m9.figshare.33062150.v3,https://doi.org/10.6084/m9.figshare.33062150.v3
webometrics,2026-09-28T01:22:12+00:00,overall,2026,4506,5,Tbilisi State Medical University,https://ror.org/020jbrt22,Georgia,GE,ge,EU,tsmu.edu,39,July,top-per-country,10.6084/m9.figshare.33062150.v3,https://doi.org/10.6084/m9.figshare.33062150.v3
webometrics,2026-09-28T01:22:12+00:00,overall,2026,4517,5,Gulu University,https://ror.org/042vepq05,Uganda,UG,ug,AF,gu.ac.ug,39,July,top-per-country,10.6084/m9.figshare.33062150.v3,https://doi.org/10.6084/m9.figshare.33062150.v3
webometrics,2026-09-28T01:22:12+00:00,overall,2026,4524,9,University of San Carlos,https://ror.org/041jw5813,Philippines,PH,ph,AS,usc.edu.ph,39,July,top-per-country,10.6084/m9.figshare.33062150.v3,https://doi.org/10.6084/m9.figshare.33062150.v3
webometrics,2026-09-28T01:22:12+00:00,overall,2026,4531,2,Universidad Central Marta Abreu de las Villas,https://ror.org/01cdy6h50,Cuba,CU,cu,IBC,uclv.edu.cu,39,July,top-per-country,10.6084/m9.figshare.33062150.v3,https://doi.org/10.6084/m9.figshare.33062150.v3
webometrics,2026-09-28T01:22:12+00:00,overall,2026,4536,13,Holon Institute of Technology,https://ror.org/02prqh017,Israel,IL,il,EU,hit.ac.il,39,July,top-per-country,10.6084/m9.figshare.33062150.v3,https://doi.org/10.6084/m9.figshare.33062150.v3
webometrics,2026-09-28T01:22:12+00:00,overall,2026,4545,13,Catholic University in Ružomberok / Katolícka univerzita v Ružomberku,https://ror.org/05ra6d150,Slovakia,SK,sk,EU,ku.sk,39,July,top-per-country,10.6084/m9.figshare.33062150.v3,https://doi.org/10.6084/m9.figshare.33062150.v3
webometrics,2026-09-28T01:22:12+00:00,overall,2026,4551,4,University of Tuzla / Univerzitet u Tuzli,https://ror.org/036gzhj81,Bosnia & Herzegovina,BA,ba,EU,untz.ba,39,July,top-per-country,10.6084/m9.figshare.33062150.v3,https://doi.org/10.6084/m9.figshare.33062150.v3
webometrics,2026-09-28T01:22:12+00:00,overall,2026,4558,1,Université de Kinshasa,https://ror.org/05rrz2q74,Congo - Kinshasa,CD,cd,AF,unikin.ac.cd,39,July,top-per-country,10.6084/m9.figshare.33062150.v3,https://doi.org/10.6084/m9.figshare.33062150.v3
webometrics,2026-09-28T01:22:12+00:00,overall,2026,4559,2,University Goce Delcev Stip,https://ror.org/058q1cn43,North Macedonia,MK,mk,EU,ugd.edu.mk,39,July,top-per-country,10.6084/m9.figshare.33062150.v3,https://doi.org/10.6084/m9.figshare.33062150.v3
webometrics,2026-09-28T01:22:12+00:00,overall,2026,4559,3,Universidad Simón Bolívar Venezuela,https://ror.org/01ak5cj98,Venezuela,VE,ve,IBC,usb.ve,39,July,top-per-country,10.6084/m9.figshare.33062150.v3,https://doi.org/10.6084/m9.figshare.33062150.v3
webometrics,2026-09-28T01:22:12+00:00,overall,2026,4564,8,International IT University / Международный IT Университет,https://ror.org/042dtza69,Kazakhstan,KZ,kz,AS,iitu.edu.kz,39,July,top-per-country,10.6084/m9.figshare.33062150.v3,https://doi.org/10.6084/m9.figshare.33062150.v3
webometrics,2026-09-28T01:22:12+00:00,overall,2026,4578,2,Belarusian State Medical University / Белорусский государственный медицинский университет,https://ror.org/00p8b0t20,Belarus,BY,by,EU,bsmu.by,39,July,top-per-country,10.6084/m9.figshare.33062150.v3,https://doi.org/10.6084/m9.figshare.33062150.v3
webometrics,2026-09-28T01:22:12+00:00,overall,2026,4589,10,Trakia University Stara Zagora / Тракийски Университет,https://ror.org/04p2cym91,Bulgaria,BG,bg,EU,uni-sz.bg,39,July,top-per-country,10.6084/m9.figshare.33062150.v3,https://doi.org/10.6084/m9.figshare.33062150.v3
webometrics,2026-09-28T01:22:12+00:00,overall,2026,4594,5,Kuwait College of Science and Technology,https://ror.org/01vjvsj67,Kuwait,KW,kw,AW,kcst.edu.kw,39,July,top-per-country,10.6084/m9.figshare.33062150.v3,https://doi.org/10.6084/m9.figshare.33062150.v3
webometrics,2026-09-28T01:22:12+00:00,overall,2026,4594,9,Kazakh-British Technical University / Казахстанско-Британский Технический Университет,https://ror.org/01rn0fp76,Kazakhstan,KZ,kz,AS,kbtu.edu.kz,40,July,top-per-country,10.6084/m9.figshare.33062150.v3,https://doi.org/10.6084/m9.figshare.33062150.v3
webometrics,2026-09-28T01:22:12+00:00,overall,2026,4603,2,Universidad Tecnológica de Panamá,https://ror.org/030ve2c48,Panama,PA,pa,IBC,utp.ac.pa,40,July,top-per-country,10.6084/m9.figshare.33062150.v3,https://doi.org/10.6084/m9.figshare.33062150.v3
webometrics,2026-09-28T01:22:12+00:00,overall,2026,4603,14,Centre for European Policy Studies,https://ror.org/000a2sx58,Belgium,BE,be,EU,ceps.eu,40,July,top-per-country,10.6084/m9.figshare.33062150.v3,https://doi.org/10.6084/m9.figshare.33062150.v3
webometrics,2026-09-28T01:22:12+00:00,overall,2026,4615,10,Kazakh National Agrarian University / Казахский Национальный Аграрный Университет,https://ror.org/033cvvt68,Kazakhstan,KZ,kz,AS,kaznaru.edu.kz,40,July,top-per-country,10.6084/m9.figshare.33062150.v3,https://doi.org/10.6084/m9.figshare.33062150.v3
webometrics,2026-09-28T01:22:12+00:00,overall,2026,4624,12,Eastern University of Sri Lanka,https://ror.org/01jrs3715,Sri Lanka,LK,lk,AS,esn.ac.lk,40,July,top-per-country,10.6084/m9.figshare.33062150.v3,https://doi.org/10.6084/m9.figshare.33062150.v3
webometrics,2026-09-28T01:22:12+00:00,overall,2026,4631,11,E A Buketov Karaganda University / Карагандинский университет Е А Букетова,https://ror.org/00eq8hh49,Kazakhstan,KZ,kz,AS,buketov.edu.kz,40,July,top-per-country,10.6084/m9.figshare.33062150.v3,https://doi.org/10.6084/m9.figshare.33062150.v3
webometrics,2026-09-28T01:22:12+00:00,overall,2026,4631,12,Debre Berhan University,https://ror.org/04e72vw61,Ethiopia,ET,et,AF,dbu.edu.et,40,July,top-per-country,10.6084/m9.figshare.33062150.v3,https://doi.org/10.6084/m9.figshare.33062150.v3
webometrics,2026-09-28T01:22:12+00:00,overall,2026,4635,1,Pontificia Universidad Católica Madre y Maestra,https://ror.org/02m457w49,Dominican Republic,DO,do,IBC,pucmm.edu.do,40,July,top-per-country,10.6084/m9.figshare.33062150.v3,https://doi.org/10.6084/m9.figshare.33062150.v3
webometrics,2026-09-28T01:22:12+00:00,overall,2026,4638,1,Universite Joseph Ki-Zerbo,https://ror.org/00t5e2y66,Burkina Faso,BF,bf,AF,ujkz.bf,40,July,top-per-country,10.6084/m9.figshare.33062150.v3,https://doi.org/10.6084/m9.figshare.33062150.v3
webometrics,2026-09-28T01:22:12+00:00,overall,2026,4638,1,Université Félix Houphouët Boigny (Université de Cocody Abidjan),https://ror.org/03haqmz43,Côte d’Ivoire,CI,ci,AF,univ-fhb.edu.ci,40,July,top-per-country,10.6084/m9.figshare.33062150.v3,https://doi.org/10.6084/m9.figshare.33062150.v3
webometrics,2026-09-28T01:22:12+00:00,overall,2026,4645,7,Urganch State University,https://ror.org/0593kfr97,Uzbekistan,UZ,uz,AS,urdu.uz,40,July,top-per-country,10.6084/m9.figshare.33062150.v3,https://doi.org/10.6084/m9.figshare.33062150.v3
webometrics,2026-09-28T01:22:12+00:00,overall,2026,4657,1,University of the Virgin Islands,https://ror.org/034amfs97,U.S. Virgin Islands,VI,vi,NA,uvi.edu,40,July,top-per-country,10.6084/m9.figshare.33062150.v3,https://doi.org/10.6084/m9.figshare.33062150.v3
webometrics,2026-09-28T01:22:12+00:00,overall,2026,4657,5,Macao University of Tourism UTM,https://ror.org/00nx0vn86,Macao SAR China,MO,mo,AS,utm.edu.mo,40,July,top-per-country,10.6084/m9.figshare.33062150.v3,https://doi.org/10.6084/m9.figshare.33062150.v3
webometrics,2026-09-28T01:22:12+00:00,overall,2026,4666,4,Applied Science University of Bahrain,https://ror.org/059zrbe49,Bahrain,BH,bh,AW,asu.edu.bh,40,July,top-per-country,10.6084/m9.figshare.33062150.v3,https://doi.org/10.6084/m9.figshare.33062150.v3
webometrics,2026-09-28T01:22:12+00:00,overall,2026,4666,14,Jerusalem College of Technology,https://ror.org/002kenh51,Israel,IL,il,EU,jct.ac.il,40,July,top-per-country,10.6084/m9.figshare.33062150.v3,https://doi.org/10.6084/m9.figshare.33062150.v3
webometrics,2026-09-28T01:22:12+00:00,overall,2026,4675,4,Dhamar University / Thamar University,https://ror.org/04tsbkh63,Yemen,YE,ye,AW,tu.edu.ye,40,July,top-per-country,10.6084/m9.figshare.33062150.v3,https://doi.org/10.6084/m9.figshare.33062150.v3
webometrics,2026-09-28T01:22:12+00:00,overall,2026,4726,4,Daugavpils University / Daugavpils Universitāte,https://ror.org/01mrkb883,Latvia,LV,lv,EU,du.lv,40,July,top-per-country,10.6084/m9.figshare.33062150.v3,https://doi.org/10.6084/m9.figshare.33062150.v3
webometrics,2026-09-28T01:22:12+00:00,overall,2026,4735,11,University of Food Technologies Plovdiv / Университет по хранителни технологии,https://ror.org/0014fb593,Bulgaria,BG,bg,EU,uft-plovdiv.bg,40,July,top-per-country,10.6084/m9.figshare.33062150.v3,https://doi.org/10.6084/m9.figshare.33062150.v3
webometrics,2026-09-28T01:22:12+00:00,overall,2026,4748,15,Hogeschool Gent,https://ror.org/00rs45z86,Belgium,BE,be,EU,hogent.be,40,July,top-per-country,10.6084/m9.figshare.33062150.v3,https://doi.org/10.6084/m9.figshare.33062150.v3
webometrics,2026-09-28T01:22:12+00:00,overall,2026,4763,3,Universidad ORT Uruguay,https://ror.org/03ypykr22,Uruguay,UY,uy,IBC,ort.edu.uy,40,July,top-per-country,10.6084/m9.figshare.33062150.v3,https://doi.org/10.6084/m9.figshare.33062150.v3
webometrics,2026-09-28T01:22:12+00:00,overall,2026,4768,5,Doha Institute for Graduate Studies,https://ror.org/05gd1cs26,Qatar,QA,qa,AW,dohainstitute.edu.qa,40,July,top-per-country,10.6084/m9.figshare.33062150.v3,https://doi.org/10.6084/m9.figshare.33062150.v3
webometrics,2026-09-28T01:22:12+00:00,overall,2026,4774,1,University of the Faroe Islands / Fróðskaparsetur Føroya,https://ror.org/05mwmd090,Faroe Islands,FO,fo,EU,setur.fo,40,July,top-per-country,10.6084/m9.figshare.33062150.v3,https://doi.org/10.6084/m9.figshare.33062150.v3
webometrics,2026-09-28T01:22:12+00:00,overall,2026,4777,5,Azerbaijan University / Azərbaycan Universiteti,https://ror.org/00g1psz15,Azerbaijan,AZ,az,EU,au.edu.az,40,July,top-per-country,10.6084/m9.figshare.33062150.v3,https://doi.org/10.6084/m9.figshare.33062150.v3
webometrics,2026-09-28T01:22:12+00:00,overall,2026,4797,2,Institut National Polytechnique Félix Houphouët Boigny,https://ror.org/03f915n15,Côte d’Ivoire,CI,ci,AF,inphb.ci,40,July,top-per-country,10.6084/m9.figshare.33062150.v3,https://doi.org/10.6084/m9.figshare.33062150.v3
webometrics,2026-09-28T01:22:12+00:00,overall,2026,4804,3,Pokhara University,https://ror.org/02dayf324,Nepal,NP,np,AS,pu.edu.np,40,July,top-per-country,10.6084/m9.figshare.33062150.v3,https://doi.org/10.6084/m9.figshare.33062150.v3
webometrics,2026-09-28T01:22:12+00:00,overall,2026,4819,5,National Institute of Chemical Physics and Biophysics,https://ror.org/03eqd4a41,Estonia,EE,ee,EU,kbfi.ee,40,July,top-per-country,10.6084/m9.figshare.33062150.v3,https://doi.org/10.6084/m9.figshare.33062150.v3
webometrics,2026-09-28T01:22:12+00:00,overall,2026,4819,9,Catholic University of Croatia Zagreb / Hrvatsko katoličko Sveučilište Zagreb,https://ror.org/022991v89,Croatia,HR,hr,EU,unicath.hr,40,July,top-per-country,10.6084/m9.figshare.33062150.v3,https://doi.org/10.6084/m9.figshare.33062150.v3
webometrics,2026-09-28T01:22:12+00:00,overall,2026,4846,10,National University Philippines,https://ror.org/000a8qk84,Philippines,PH,ph,AS,national-u.edu.ph,40,July,top-per-country,10.6084/m9.figshare.33062150.v3,https://doi.org/10.6084/m9.figshare.33062150.v3
webometrics,2026-09-28T01:22:12+00:00,overall,2026,4848,12,Kazakh Agrotechnical University / Казахский агротехнический университет С Сейфуллина,https://ror.org/024etxn40,Kazakhstan,KZ,kz,AS,kazatu.edu.kz,41,July,top-per-country,10.6084/m9.figshare.33062150.v3,https://doi.org/10.6084/m9.figshare.33062150.v3
webometrics,2026-09-28T01:22:12+00:00,overall,2026,4866,13,Debre Markos University,https://ror.org/04sbsx707,Ethiopia,ET,et,AF,dmu.edu.et,41,July,top-per-country,10.6084/m9.figshare.33062150.v3,https://doi.org/10.6084/m9.figshare.33062150.v3
webometrics,2026-09-28T01:22:12+00:00,overall,2026,4874,15,Ruppin Academic Center,https://ror.org/0361c8163,Israel,IL,il,EU,ruppin.ac.il,41,July,top-per-country,10.6084/m9.figshare.33062150.v3,https://doi.org/10.6084/m9.figshare.33062150.v3
webometrics,2026-09-28T01:22:12+00:00,overall,2026,4886,3,Neelain University,https://ror.org/05dvsnx49,Sudan,SD,sd,AW,neelain.edu.sd,41,July,top-per-country,10.6084/m9.figshare.33062150.v3,https://doi.org/10.6084/m9.figshare.33062150.v3
webometrics,2026-09-28T01:22:12+00:00,overall,2026,4889,3,South East European University,https://ror.org/00m04y575,North Macedonia,MK,mk,EU,seeu.edu.mk,41,July,top-per-country,10.6084/m9.figshare.33062150.v3,https://doi.org/10.6084/m9.figshare.33062150.v3
webometrics,2026-09-28T01:22:12+00:00,overall,2026,4897,14,Alexander Dubček University of Trenčín in Trenčín / Trencianska univerzita Alexandra Dubceka v Trencíne,https://ror.org/04v8db398,Slovakia,SK,sk,EU,tnuni.sk,41,July,top-per-country,10.6084/m9.figshare.33062150.v3,https://doi.org/10.6084/m9.figshare.33062150.v3
webometrics,2026-09-28T01:22:12+00:00,overall,2026,4903,13,Wayamba University of Sri Lanka,https://ror.org/043yykt67,Sri Lanka,LK,lk,AS,wyb.ac.lk,41,July,top-per-country,10.6084/m9.figshare.33062150.v3,https://doi.org/10.6084/m9.figshare.33062150.v3
webometrics,2026-09-28T01:22:12+00:00,overall,2026,4905,9,Notre Dame University Lebanon,https://ror.org/030br0314,Lebanon,LB,lb,AW,ndu.edu.lb,41,July,top-per-country,10.6084/m9.figshare.33062150.v3,https://doi.org/10.6084/m9.figshare.33062150.v3
webometrics,2026-09-28T01:22:12+00:00,overall,2026,4918,4,Universidad del Zulia,https://ror.org/04vy5s568,Venezuela,VE,ve,IBC,luz.edu.ve,41,July,top-per-country,10.6084/m9.figshare.33062150.v3,https://doi.org/10.6084/m9.figshare.33062150.v3
webometrics,2026-09-28T01:22:12+00:00,overall,2026,4922,2,University of Global Health Equity,https://ror.org/04c8tz716,Rwanda,RW,rw,AF,ughe.org,41,July,top-per-country,10.6084/m9.figshare.33062150.v3,https://doi.org/10.6084/m9.figshare.33062150.v3
webometrics,2026-09-28T01:22:12+00:00,overall,2026,4922,15,University of Veterinary Medicine and Pharmacy in Košice / Univerzita veterinárskeho lekárstva a farmácie v Košiciach,https://ror.org/05btaka91,Slovakia,SK,sk,EU,uvlf.sk,41,July,top-per-country,10.6084/m9.figshare.33062150.v3,https://doi.org/10.6084/m9.figshare.33062150.v3
webometrics,2026-09-28T01:22:12+00:00,overall,2026,4926,8,Al Aqsa University,https://ror.org/03e99kh24,Palestinian Territories,PS,ps,AW,alaqsa.edu.ps,41,July,top-per-country,10.6084/m9.figshare.33062150.v3,https://doi.org/10.6084/m9.figshare.33062150.v3
webometrics,2026-09-28T01:22:12+00:00,overall,2026,4926,9,Waikato Institute of Technology,https://ror.org/02bjhj961,New Zealand,NZ,nz,AU,wintec.ac.nz,41,July,top-per-country,10.6084/m9.figshare.33062150.v3,https://doi.org/10.6084/m9.figshare.33062150.v3
webometrics,2026-09-28T01:22:12+00:00,overall,2026,4931,1,Universita degli Studi della Repubblica di San Marino,https://ror.org/02c8cxz64,San Marino,SM,sm,EU,unirsm.sm,41,July,top-per-country,10.6084/m9.figshare.33062150.v3,https://doi.org/10.6084/m9.figshare.33062150.v3
webometrics,2026-09-28T01:22:12+00:00,overall,2026,4937,3,State University of Moldova / Universitatea de Stat din Moldova,https://ror.org/0475kvb92,Moldova,MD,md,EU,usm.md,41,July,top-per-country,10.6084/m9.figshare.33062150.v3,https://doi.org/10.6084/m9.figshare.33062150.v3
webometrics,2026-09-28T01:22:12+00:00,overall,2026,4937,9,Ghana Institute of Management and Public Administration,https://ror.org/04yexcn51,Ghana,GH,gh,AF,gimpa.edu.gh,41,July,top-per-country,10.6084/m9.figshare.33062150.v3,https://doi.org/10.6084/m9.figshare.33062150.v3
webometrics,2026-09-28T01:22:12+00:00,overall,2026,4943,3,Universidad Católica Boliviana San Pablo,https://ror.org/036b2ns30,Bolivia,BO,bo,IBC,ucb.edu.bo,41,July,top-per-country,10.6084/m9.figshare.33062150.v3,https://doi.org/10.6084/m9.figshare.33062150.v3
webometrics,2026-09-28T01:22:12+00:00,overall,2026,4943,6,American University of Kuwait,https://ror.org/00w73cg32,Kuwait,KW,kw,AW,auk.edu.kw,41,July,top-per-country,10.6084/m9.figshare.33062150.v3,https://doi.org/10.6084/m9.figshare.33062150.v3
webometrics,2026-09-28T01:22:12+00:00,overall,2026,4953,2,Université Gaston Berger de Saint Louis,https://ror.org/01jp0tk64,Senegal,SN,sn,AF,ugb.sn,41,July,top-per-country,10.6084/m9.figshare.33062150.v3,https://doi.org/10.6084/m9.figshare.33062150.v3
webometrics,2026-09-28T01:22:12+00:00,overall,2026,4965,2,Latakia University,https://ror.org/04nqts970,Syria,SY,sy,AW,latakia-univ.edu.sy,41,July,top-per-country,10.6084/m9.figshare.33062150.v3,https://doi.org/10.6084/m9.figshare.33062150.v3
webometrics,2026-09-28T01:22:12+00:00,overall,2026,4978,6,Kabale University,https://ror.org/01dn27978,Uganda,UG,ug,AF,kab.ac.ug,41,July,top-per-country,10.6084/m9.figshare.33062150.v3,https://doi.org/10.6084/m9.figshare.33062150.v3
webometrics,2026-09-28T01:22:12+00:00,overall,2026,4995,2,Universidad Autónoma de Santo Domingo,https://ror.org/05478zz46,Dominican Republic,DO,do,IBC,uasd.edu.do,41,July,top-per-country,10.6084/m9.figshare.33062150.v3,https://doi.org/10.6084/m9.figshare.33062150.v3
webometrics,2026-09-28T01:22:12+00:00,overall,2026,4995,4,Belarusian National Technical University / Белорусский национальный технический университет,https://ror.org/040a2r459,Belarus,BY,by,EU,bntu.by,41,July,top-per-country,10.6084/m9.figshare.33062150.v3,https://doi.org/10.6084/m9.figshare.33062150.v3
webometrics,2026-09-28T01:22:12+00:00,overall,2026,4999,5,Gomel State University / Гомельский государственный университет Франциска Скорины,https://ror.org/03h5rdc49,Belarus,BY,by,EU,gsu.by,41,July,top-per-country,10.6084/m9.figshare.33062150.v3,https://doi.org/10.6084/m9.figshare.33062150.v3
webometrics,2026-09-28T01:22:12+00:00,overall,2026,5001,1,(4) Texila American University,https://ror.org/051qp9k68,Guyana,GY,gy,IBC,tauedu.org,41,July,top-per-country,10.6084/m9.figshare.33062150.v3,https://doi.org/10.6084/m9.figshare.33062150.v3
webometrics,2026-09-28T01:22:12+00:00,overall,2026,5009,12,South-West University Neofit Rilski Blagoevgrad / Югозападен университет Неофит Рилски,https://ror.org/002wcjr61,Bulgaria,BG,bg,EU,swu.bg,41,July,top-per-country,10.6084/m9.figshare.33062150.v3,https://doi.org/10.6084/m9.figshare.33062150.v3
webometrics,2026-09-28T01:22:12+00:00,overall,2026,5014,10,University of Professional Studies Accra,https://ror.org/01w05wy86,Ghana,GH,gh,AF,upsa.edu.gh,41,July,top-per-country,10.6084/m9.figshare.33062150.v3,https://doi.org/10.6084/m9.figshare.33062150.v3
webometrics,2026-09-28T01:22:12+00:00,overall,2026,5022,13,Astana Medical University / Астана медицина университеті,https://ror.org/038mavt60,Kazakhstan,KZ,kz,AS,amu.edu.kz,42,July,top-per-country,10.6084/m9.figshare.33062150.v3,https://doi.org/10.6084/m9.figshare.33062150.v3
webometrics,2026-09-28T01:22:12+00:00,overall,2026,5032,5,Riga Technical University / Rīgas Tehniskā universitāte,https://ror.org/00twb6c09,Latvia,LV,lv,EU,rtu.lv,42,July,top-per-country,10.6084/m9.figshare.33062150.v3,https://doi.org/10.6084/m9.figshare.33062150.v3
webometrics,2026-09-28T01:22:12+00:00,overall,2026,5038,1,University of Puthisastra,https://ror.org/00ztyd753,Cambodia,KH,kh,AS,puthisastra.edu.kh,42,July,top-per-country,10.6084/m9.figshare.33062150.v3,https://doi.org/10.6084/m9.figshare.33062150.v3
webometrics,2026-09-28T01:22:12+00:00,overall,2026,5042,11,(3) University of the Philippines in the Visayas,https://ror.org/00800dw77,Philippines,PH,ph,AS,upv.edu.ph,42,July,top-per-country,10.6084/m9.figshare.33062150.v3,https://doi.org/10.6084/m9.figshare.33062150.v3
webometrics,2026-09-28T01:22:12+00:00,overall,2026,5047,3,Misurata University (Misrata University),https://ror.org/014fcf271,Libya,LY,ly,AW,misuratau.edu.ly,42,July,top-per-country,10.6084/m9.figshare.33062150.v3,https://doi.org/10.6084/m9.figshare.33062150.v3
webometrics,2026-09-28T01:22:12+00:00,overall,2026,5047,11,University of Mines & Technology Tarkwa,https://ror.org/00br9cf93,Ghana,GH,gh,AF,umat.edu.gh,42,July,top-per-country,10.6084/m9.figshare.33062150.v3,https://doi.org/10.6084/m9.figshare.33062150.v3
webometrics,2026-09-28T01:22:12+00:00,overall,2026,5054,2,Universidad del Valle de Guatemala,https://ror.org/03nyjqm54,Guatemala,GT,gt,IBC,uvg.edu.gt,42,July,top-per-country,10.6084/m9.figshare.33062150.v3,https://doi.org/10.6084/m9.figshare.33062150.v3
webometrics,2026-09-28T01:22:12+00:00,overall,2026,5054,13,University of National and World Economy Sofia / Университет за национално и световно стопанство София,https://ror.org/017ph0934,Bulgaria,BG,bg,EU,unwe.bg,42,July,top-per-country,10.6084/m9.figshare.33062150.v3,https://doi.org/10.6084/m9.figshare.33062150.v3
webometrics,2026-09-28T01:22:12+00:00,overall,2026,5060,1,National University of Laos,https://ror.org/031xne895,Laos,LA,la,AS,nuol.edu.la,42,July,top-per-country,10.6084/m9.figshare.33062150.v3,https://doi.org/10.6084/m9.figshare.33062150.v3
webometrics,2026-09-28T01:22:12+00:00,overall,2026,5060,7,Busitema University,https://ror.org/035d9jb31,Uganda,UG,ug,AF,busitema.ac.ug,42,July,top-per-country,10.6084/m9.figshare.33062150.v3,https://doi.org/10.6084/m9.figshare.33062150.v3
webometrics,2026-09-28T01:22:12+00:00,overall,2026,5070,3,Universidad Nacional Pedro Henríquez Ureña,https://ror.org/03ad1cn37,Dominican Republic,DO,do,IBC,unphu.edu.do,42,July,top-per-country,10.6084/m9.figshare.33062150.v3,https://doi.org/10.6084/m9.figshare.33062150.v3
webometrics,2026-09-28T01:22:12+00:00,overall,2026,5074,8,New Uzbekistan University,https://ror.org/035v3tr79,Uzbekistan,UZ,uz,AS,newuu.uz,42,July,top-per-country,10.6084/m9.figshare.33062150.v3,https://doi.org/10.6084/m9.figshare.33062150.v3
webometrics,2026-09-28T01:22:12+00:00,overall,2026,5078,5,University of Mostar / Sveucilište u Mostaru,https://ror.org/00v89p354,Bosnia & Herzegovina,BA,ba,EU,sum.ba,42,July,top-per-country,10.6084/m9.figshare.33062150.v3,https://doi.org/10.6084/m9.figshare.33062150.v3
webometrics,2026-09-28T01:22:12+00:00,overall,2026,5081,10,Unitec New Zealand,https://ror.org/01px84952,New Zealand,NZ,nz,AU,unitec.ac.nz,42,July,top-per-country,10.6084/m9.figshare.33062150.v3,https://doi.org/10.6084/m9.figshare.33062150.v3
webometrics,2026-09-28T01:22:12+00:00,overall,2026,5091,6,Azerbaijan State University of Oil Industry,https://ror.org/05mmnns11,Azerbaijan,AZ,az,EU,asoiu.edu.az,42,July,top-per-country,10.6084/m9.figshare.33062150.v3,https://doi.org/10.6084/m9.figshare.33062150.v3
webometrics,2026-09-28T01:22:12+00:00,overall,2026,5103,10,Institution de la Recherche et de l'Enseignement Supérieur Agricoles,https://ror.org/04yy66p73,Tunisia,TN,tn,AW,iresa.agrinet.tn,42,July,top-per-country,10.6084/m9.figshare.33062150.v3,https://doi.org/10.6084/m9.figshare.33062150.v3
webometrics,2026-09-28T01:22:12+00:00,overall,2026,5103,12,(3) University of the Philippines Open University,https://ror.org/00k27aj44,Philippines,PH,ph,AS,upou.edu.ph,42,July,top-per-country,10.6084/m9.figshare.33062150.v3,https://doi.org/10.6084/m9.figshare.33062150.v3
webometrics,2026-09-28T01:22:12+00:00,overall,2026,5109,1,Kabul University,https://ror.org/02ht5pq60,Afghanistan,AF,af,AS,ku.edu.af,42,July,top-per-country,10.6084/m9.figshare.33062150.v3,https://doi.org/10.6084/m9.figshare.33062150.v3
webometrics,2026-09-28T01:22:12+00:00,overall,2026,5109,1,American University of Antigua College of Medicine,https://ror.org/001shqf12,Antigua & Barbuda,AG,ag,IBC,auamed.org,42,July,top-per-country,10.6084/m9.figshare.33062150.v3,https://doi.org/10.6084/m9.figshare.33062150.v3
webometrics,2026-09-28T01:22:12+00:00,overall,2026,5109,4,Patan Academy of Health Sciences,https://ror.org/02mphcg88,Nepal,NP,np,AS,pahs.edu.np,42,July,top-per-country,10.6084/m9.figshare.33062150.v3,https://doi.org/10.6084/m9.figshare.33062150.v3
webometrics,2026-09-28T01:22:12+00:00,overall,2026,5115,6,Université de Douala,https://ror.org/02zr5jr81,Cameroon,CM,cm,AF,univ-douala.cm,42,July,top-per-country,10.6084/m9.figshare.33062150.v3,https://doi.org/10.6084/m9.figshare.33062150.v3
webometrics,2026-09-28T01:22:12+00:00,overall,2026,5124,4,University of Gezira,https://ror.org/001mf9v16,Sudan,SD,sd,AW,uofg.edu.sd,42,July,top-per-country,10.6084/m9.figshare.33062150.v3,https://doi.org/10.6084/m9.figshare.33062150.v3
webometrics,2026-09-28T01:22:12+00:00,overall,2026,5134,4,Instituto Tecnológico de Santo Domingo,https://ror.org/047st1n79,Dominican Republic,DO,do,IBC,intec.edu.do,42,July,top-per-country,10.6084/m9.figshare.33062150.v3,https://doi.org/10.6084/m9.figshare.33062150.v3
webometrics,2026-09-28T01:22:12+00:00,overall,2026,5140,10,Metropolitan University College,https://ror.org/032rem971,Denmark,DK,dk,EU,kp.dk,42,July,top-per-country,10.6084/m9.figshare.33062150.v3,https://doi.org/10.6084/m9.figshare.33062150.v3
webometrics,2026-09-28T01:22:12+00:00,overall,2026,5140,11,Université de Jendouba,https://ror.org/000g0zm60,Tunisia,TN,tn,AW,uj.rnu.tn,42,July,top-per-country,10.6084/m9.figshare.33062150.v3,https://doi.org/10.6084/m9.figshare.33062150.v3
webometrics,2026-09-28T01:22:12+00:00,overall,2026,5140,13,(3) University of the Philippines,https://ror.org/02hqkr514,Philippines,PH,ph,AS,up.edu.ph,42,July,top-per-country,10.6084/m9.figshare.33062150.v3,https://doi.org/10.6084/m9.figshare.33062150.v3
webometrics,2026-09-28T01:22:12+00:00,overall,2026,5145,5,Omdurman Islamic University,https://ror.org/025qja684,Sudan,SD,sd,AW,oiu.edu.sd,42,July,top-per-country,10.6084/m9.figshare.33062150.v3,https://doi.org/10.6084/m9.figshare.33062150.v3
webometrics,2026-09-28T01:22:12+00:00,overall,2026,5145,12,Ecole Nationale Superieure d'Ingenieurs de Tunis,https://ror.org/02a6s9190,Tunisia,TN,tn,AW,ensit.tn,42,July,top-per-country,10.6084/m9.figshare.33062150.v3,https://doi.org/10.6084/m9.figshare.33062150.v3
webometrics,2026-09-28T01:22:12+00:00,overall,2026,5150,4,Sebha University /Sabha University,https://ror.org/04m1ha467,Libya,LY,ly,AW,sebhau.edu.ly,42,July,top-per-country,10.6084/m9.figshare.33062150.v3,https://doi.org/10.6084/m9.figshare.33062150.v3
webometrics,2026-09-28T01:22:12+00:00,overall,2026,5154,7,University of Maroua,https://ror.org/051sa4h84,Cameroon,CM,cm,AF,univ-maroua.cm,42,July,top-per-country,10.6084/m9.figshare.33062150.v3,https://doi.org/10.6084/m9.figshare.33062150.v3
webometrics,2026-09-28T01:22:12+00:00,overall,2026,5169,3,National University of Science & Technology,https://ror.org/02kesvt12,Zimbabwe,ZW,zw,AF,nust.ac.zw,42,July,top-per-country,10.6084/m9.figshare.33062150.v3,https://doi.org/10.6084/m9.figshare.33062150.v3
webometrics,2026-09-28T01:22:12+00:00,overall,2026,5182,14,Cebu Technological University,https://ror.org/04x649j07,Philippines,PH,ph,AS,ctu.edu.ph,42,July,top-per-country,10.6084/m9.figshare.33062150.v3,https://doi.org/10.6084/m9.figshare.33062150.v3
webometrics,2026-09-28T01:22:12+00:00,overall,2026,5186,3,University of Aleppo,https://ror.org/03mzvxz96,Syria,SY,sy,AW,alepuniv.edu.sy,43,July,top-per-country,10.6084/m9.figshare.33062150.v3,https://doi.org/10.6084/m9.figshare.33062150.v3
webometrics,2026-09-28T01:22:12+00:00,overall,2026,5194,14,Ambo University,https://ror.org/02e6z0y17,Ethiopia,ET,et,AF,ambou.edu.et,43,July,top-per-country,10.6084/m9.figshare.33062150.v3,https://doi.org/10.6084/m9.figshare.33062150.v3
webometrics,2026-09-28T01:22:12+00:00,overall,2026,5199,14,Suleyman Demirel University,https://ror.org/02s8x5a25,Kazakhstan,KZ,kz,AS,sdu.edu.kz,43,July,top-per-country,10.6084/m9.figshare.33062150.v3,https://doi.org/10.6084/m9.figshare.33062150.v3
webometrics,2026-09-28T01:22:12+00:00,overall,2026,5207,3,American University of Armenia,https://ror.org/04dngzj56,Armenia,AM,am,EU,aua.am,43,July,top-per-country,10.6084/m9.figshare.33062150.v3,https://doi.org/10.6084/m9.figshare.33062150.v3
webometrics,2026-09-28T01:22:12+00:00,overall,2026,5212,2,Health Sciences University of Mongolia,https://ror.org/00gcpds33,Mongolia,MN,mn,AS,mnums.edu.mn,43,July,top-per-country,10.6084/m9.figshare.33062150.v3,https://doi.org/10.6084/m9.figshare.33062150.v3
webometrics,2026-09-28T01:22:12+00:00,overall,2026,5222,7,Azerbaijan Medical University / Azərbaycan Tibb Universiteti,https://ror.org/016a0n751,Azerbaijan,AZ,az,EU,amu.edu.az,43,July,top-per-country,10.6084/m9.figshare.33062150.v3,https://doi.org/10.6084/m9.figshare.33062150.v3
webometrics,2026-09-28T01:22:12+00:00,overall,2026,5224,6,International Black Sea University,https://ror.org/053fxhf38,Georgia,GE,ge,EU,ibsu.edu.ge,43,July,top-per-country,10.6084/m9.figshare.33062150.v3,https://doi.org/10.6084/m9.figshare.33062150.v3
webometrics,2026-09-28T01:22:12+00:00,overall,2026,5244,2,Agricultural University of Tirana / Universiteti Bujqësor i Tiranës,https://ror.org/03k793y62,Albania,AL,al,EU,ubt.edu.al,43,July,top-per-country,10.6084/m9.figshare.33062150.v3,https://doi.org/10.6084/m9.figshare.33062150.v3
webometrics,2026-09-28T01:22:12+00:00,overall,2026,5244,15,Karaganda Technical University / Карагандинский Технический Университет,https://ror.org/03x368n87,Kazakhstan,KZ,kz,AS,kstu.kz,43,July,top-per-country,10.6084/m9.figshare.33062150.v3,https://doi.org/10.6084/m9.figshare.33062150.v3
webometrics,2026-09-28T01:22:12+00:00,overall,2026,5248,4,Universidad de Montevideo,https://ror.org/05w626e73,Uruguay,UY,uy,IBC,um.edu.uy,43,July,top-per-country,10.6084/m9.figshare.33062150.v3,https://doi.org/10.6084/m9.figshare.33062150.v3
webometrics,2026-09-28T01:22:12+00:00,overall,2026,5250,5,Taiz University,https://ror.org/03jwcxq96,Yemen,YE,ye,AW,taiz.edu.ye,43,July,top-per-country,10.6084/m9.figshare.33062150.v3,https://doi.org/10.6084/m9.figshare.33062150.v3
webometrics,2026-09-28T01:22:12+00:00,overall,2026,5255,5,The Kingdom University,https://ror.org/04g3hr176,Bahrain,BH,bh,AW,ku.edu.bh,43,July,top-per-country,10.6084/m9.figshare.33062150.v3,https://doi.org/10.6084/m9.figshare.33062150.v3
webometrics,2026-09-28T01:22:12+00:00,overall,2026,5255,10,Algebra University College,https://ror.org/019m6wk21,Croatia,HR,hr,EU,algebra.hr,43,July,top-per-country,10.6084/m9.figshare.33062150.v3,https://doi.org/10.6084/m9.figshare.33062150.v3
webometrics,2026-09-28T01:22:12+00:00,overall,2026,5258,6,German University of Technology in Oman,https://ror.org/055hq4920,Oman,OM,om,AW,gutech.edu.om,43,July,top-per-country,10.6084/m9.figshare.33062150.v3,https://doi.org/10.6084/m9.figshare.33062150.v3
webometrics,2026-09-28T01:22:12+00:00,overall,2026,5258,12,Tung Wah College,https://ror.org/04jfz0g97,Hong Kong SAR China,HK,hk,AS,twc.edu.hk,43,July,top-per-country,10.6084/m9.figshare.33062150.v3,https://doi.org/10.6084/m9.figshare.33062150.v3
webometrics,2026-09-28T01:22:12+00:00,overall,2026,5269,6,University of Aden,https://ror.org/02w043707,Yemen,YE,ye,AW,aden-univ.net,43,July,top-per-country,10.6084/m9.figshare.33062150.v3,https://doi.org/10.6084/m9.figshare.33062150.v3
webometrics,2026-09-28T01:22:12+00:00,overall,2026,5271,3,Universidad Francisco Marroquín,https://ror.org/03hrwak15,Guatemala,GT,gt,IBC,ufm.edu,43,July,top-per-country,10.6084/m9.figshare.33062150.v3,https://doi.org/10.6084/m9.figshare.33062150.v3
webometrics,2026-09-28T01:22:12+00:00,overall,2026,5290,4,Ponce Health Sciences University,https://ror.org/0022qva30,Puerto Rico,PR,pr,IBC,phsu.edu,43,July,top-per-country,10.6084/m9.figshare.33062150.v3,https://doi.org/10.6084/m9.figshare.33062150.v3
webometrics,2026-09-28T01:22:12+00:00,overall,2026,5292,9,Bukhara State University / Бухарский государственный университет,https://ror.org/05k4xnj24,Uzbekistan,UZ,uz,AS,buxdu.uz,43,July,top-per-country,10.6084/m9.figshare.33062150.v3,https://doi.org/10.6084/m9.figshare.33062150.v3
webometrics,2026-09-28T01:22:12+00:00,overall,2026,5308,7,Hadhramout University,https://ror.org/02kv0px94,Yemen,YE,ye,AW,hu.edu.ye,43,July,top-per-country,10.6084/m9.figshare.33062150.v3,https://doi.org/10.6084/m9.figshare.33062150.v3
webometrics,2026-09-28T01:22:12+00:00,overall,2026,5312,15,Wolaita Sodo University,https://ror.org/0106a2j17,Ethiopia,ET,et,AF,wsu.edu.et,43,July,top-per-country,10.6084/m9.figshare.33062150.v3,https://doi.org/10.6084/m9.figshare.33062150.v3
webometrics,2026-09-28T01:22:12+00:00,overall,2026,5317,14,Technical University of Varna / Технически университет Варна,https://ror.org/03zrwm897,Bulgaria,BG,bg,EU,tu-varna.bg,43,July,top-per-country,10.6084/m9.figshare.33062150.v3,https://doi.org/10.6084/m9.figshare.33062150.v3
webometrics,2026-09-28T01:22:12+00:00,overall,2026,5326,6,University of Saint Joseph (Macau Inter-University Institute),https://ror.org/01m6ap410,Macao SAR China,MO,mo,AS,usj.edu.mo,43,July,top-per-country,10.6084/m9.figshare.33062150.v3,https://doi.org/10.6084/m9.figshare.33062150.v3
webometrics,2026-09-28T01:22:12+00:00,overall,2026,5328,2,Institute of Technology of Cambodia / Institut de Technologie du Cambodge,https://ror.org/054z67s11,Cambodia,KH,kh,AS,itc.edu.kh,43,July,top-per-country,10.6084/m9.figshare.33062150.v3,https://doi.org/10.6084/m9.figshare.33062150.v3
webometrics,2026-09-28T01:22:12+00:00,overall,2026,5331,8,ADA University,https://ror.org/053ez2v94,Azerbaijan,AZ,az,EU,ada.edu.az,43,July,top-per-country,10.6084/m9.figshare.33062150.v3,https://doi.org/10.6084/m9.figshare.33062150.v3
webometrics,2026-09-28T01:22:12+00:00,overall,2026,5340,6,Jožef Stefan International Postgraduate School Ljubljana / Mednarodna podiplomska šola Jožefa Stefana,https://ror.org/01hdkb925,Slovenia,SI,si,EU,mps.si,43,July,top-per-country,10.6084/m9.figshare.33062150.v3,https://doi.org/10.6084/m9.figshare.33062150.v3
webometrics,2026-09-28T01:22:12+00:00,overall,2026,5340,15,Central Luzon State University,https://ror.org/02qf7df19,Philippines,PH,ph,AS,clsu.edu.ph,43,July,top-per-country,10.6084/m9.figshare.33062150.v3,https://doi.org/10.6084/m9.figshare.33062150.v3
webometrics,2026-09-28T01:22:12+00:00,overall,2026,5353,6,Gulf University,https://ror.org/01dfpjy51,Bahrain,BH,bh,AW,gulfuniversity.edu.bh,43,July,top-per-country,10.6084/m9.figshare.33062150.v3,https://doi.org/10.6084/m9.figshare.33062150.v3
webometrics,2026-09-28T01:22:12+00:00,overall,2026,5353,9,Palestine Polytechnic University,https://ror.org/03wwspn40,Palestinian Territories,PS,ps,AW,ppu.edu,43,July,top-per-country,10.6084/m9.figshare.33062150.v3,https://doi.org/10.6084/m9.figshare.33062150.v3
webometrics,2026-09-28T01:22:12+00:00,overall,2026,5353,10,Samarkand State Medical University / Samarqand davlat tibbiyot universiteti,https://ror.org/03c824k52,Uzbekistan,UZ,uz,AS,sammu.uz,44,July,top-per-country,10.6084/m9.figshare.33062150.v3,https://doi.org/10.6084/m9.figshare.33062150.v3
webometrics,2026-09-28T01:22:12+00:00,overall,2026,5371,11,Tashkent Medical Academy,https://ror.org/05sgw3s08,Uzbekistan,UZ,uz,AS,tma.uz,44,July,top-per-country,10.6084/m9.figshare.33062150.v3,https://doi.org/10.6084/m9.figshare.33062150.v3
webometrics,2026-09-28T01:22:12+00:00,overall,2026,5374,3,Epoka University / Universiteti Epoka,https://ror.org/04xgcc957,Albania,AL,al,EU,epoka.edu.al,44,July,top-per-country,10.6084/m9.figshare.33062150.v3,https://doi.org/10.6084/m9.figshare.33062150.v3
webometrics,2026-09-28T01:22:12+00:00,overall,2026,5381,9,Cyprus Institute of Neurology & Genetics Cyprus School of Molecular Medicine,https://ror.org/01ggsp920,Cyprus,CY,cy,EU,cing.ac.cy,44,July,top-per-country,10.6084/m9.figshare.33062150.v3,https://doi.org/10.6084/m9.figshare.33062150.v3
webometrics,2026-09-28T01:22:12+00:00,overall,2026,5392,1,University of The Gambia,https://ror.org/038tkkk06,Gambia,GM,gm,AF,utg.edu.gm,44,July,top-per-country,10.6084/m9.figshare.33062150.v3,https://doi.org/10.6084/m9.figshare.33062150.v3
webometrics,2026-09-28T01:22:12+00:00,overall,2026,5392,4,Saint Clement of Ohrid University of Bitola,https://ror.org/04161ta68,North Macedonia,MK,mk,EU,uklo.edu.mk,44,July,top-per-country,10.6084/m9.figshare.33062150.v3,https://doi.org/10.6084/m9.figshare.33062150.v3
webometrics,2026-09-28T01:22:12+00:00,overall,2026,5392,5,Universidad de Carabobo,https://ror.org/05sj7yp62,Venezuela,VE,ve,IBC,uc.edu.ve,44,July,top-per-country,10.6084/m9.figshare.33062150.v3,https://doi.org/10.6084/m9.figshare.33062150.v3
webometrics,2026-09-28T01:22:12+00:00,overall,2026,5398,11,Health Studies Zagreb / Zdravstveno veleučilište Zagreb,https://ror.org/019yxat94,Croatia,HR,hr,EU,zvu.hr,44,July,top-per-country,10.6084/m9.figshare.33062150.v3,https://doi.org/10.6084/m9.figshare.33062150.v3
webometrics,2026-09-28T01:22:12+00:00,overall,2026,5399,10,Nanyang Polytechnic,https://ror.org/04af7ga89,Singapore,SG,sg,AS,nyp.edu.sg,44,July,top-per-country,10.6084/m9.figshare.33062150.v3,https://doi.org/10.6084/m9.figshare.33062150.v3
webometrics,2026-09-28T01:22:12+00:00,overall,2026,5405,12,Tashkent State Transport University,https://ror.org/00jxr5c40,Uzbekistan,UZ,uz,AS,tstu.uz,44,July,top-per-country,10.6084/m9.figshare.33062150.v3,https://doi.org/10.6084/m9.figshare.33062150.v3
webometrics,2026-09-28T01:22:12+00:00,overall,2026,5414,1,University of Eswatini,https://ror.org/05nv2rz39,Eswatini,SZ,sz,AF,uneswa.ac.sz,44,July,top-per-country,10.6084/m9.figshare.33062150.v3,https://doi.org/10.6084/m9.figshare.33062150.v3
webometrics,2026-09-28T01:22:12+00:00,overall,2026,5417,3,Mongolian University of Science & Technology,https://ror.org/02shmve39,Mongolia,MN,mn,AS,must.edu.mn,44,July,top-per-country,10.6084/m9.figshare.33062150.v3,https://doi.org/10.6084/m9.figshare.33062150.v3
webometrics,2026-09-28T01:22:12+00:00,overall,2026,5431,11,Eastern Institute of Technology Hawke’s Bay and Tairāwhiti,https://ror.org/00ct9cz38,New Zealand,NZ,nz,AU,eit.ac.nz,44,July,top-per-country,10.6084/m9.figshare.33062150.v3,https://doi.org/10.6084/m9.figshare.33062150.v3
webometrics,2026-09-28T01:22:12+00:00,overall,2026,5451,3,Universidad de Oriente Santiago de Cuba,https://ror.org/03kqap970,Cuba,CU,cu,IBC,uo.edu.cu,44,July,top-per-country,10.6084/m9.figshare.33062150.v3,https://doi.org/10.6084/m9.figshare.33062150.v3
webometrics,2026-09-28T01:22:12+00:00,overall,2026,5452,5,B P Koirala Institute of Health Sciences,https://ror.org/05et9pf90,Nepal,NP,np,AS,bpkihs.edu,44,July,top-per-country,10.6084/m9.figshare.33062150.v3,https://doi.org/10.6084/m9.figshare.33062150.v3
webometrics,2026-09-28T01:22:12+00:00,overall,2026,5453,4,Great Zimbabwe University,https://ror.org/00wn5gw44,Zimbabwe,ZW,zw,AF,gzu.ac.zw,44,July,top-per-country,10.6084/m9.figshare.33062150.v3,https://doi.org/10.6084/m9.figshare.33062150.v3
webometrics,2026-09-28T01:22:12+00:00,overall,2026,5466,1,National University of Lesotho,https://ror.org/04j4j0a75,Lesotho,LS,ls,AF,nul.ls,44,July,top-per-country,10.6084/m9.figshare.33062150.v3,https://doi.org/10.6084/m9.figshare.33062150.v3
webometrics,2026-09-28T01:22:12+00:00,overall,2026,5471,13,Saint Francis University Hong Kong,https://ror.org/01wcz2f33,Hong Kong SAR China,HK,hk,AS,sfu.edu.hk,44,July,top-per-country,10.6084/m9.figshare.33062150.v3,https://doi.org/10.6084/m9.figshare.33062150.v3
webometrics,2026-09-28T01:22:12+00:00,overall,2026,5485,1,Université du Burundi,https://ror.org/003vfy751,Burundi,BI,bi,AF,ub.edu.bi,44,July,top-per-country,10.6084/m9.figshare.33062150.v3,https://doi.org/10.6084/m9.figshare.33062150.v3
webometrics,2026-09-28T01:22:12+00:00,overall,2026,5504,13,Westminster International University in Tashkent,https://ror.org/032vgar48,Uzbekistan,UZ,uz,AS,wiut.uz,44,July,top-per-country,10.6084/m9.figshare.33062150.v3,https://doi.org/10.6084/m9.figshare.33062150.v3
webometrics,2026-09-28T01:22:12+00:00,overall,2026,5507,13,Université de Gafsa,https://ror.org/01kzjzn40,Tunisia,TN,tn,AW,ugaf.rnu.tn,44,July,top-per-country,10.6084/m9.figshare.33062150.v3,https://doi.org/10.6084/m9.figshare.33062150.v3
webometrics,2026-09-28T01:22:12+00:00,overall,2026,5519,6,Catholic University of Health and Allied Sciences (Weill Bugando University College),https://ror.org/015qmyq14,Tanzania,TZ,tz,AF,bugando.ac.tz,44,July,top-per-country,10.6084/m9.figshare.33062150.v3,https://doi.org/10.6084/m9.figshare.33062150.v3
webometrics,2026-09-28T01:22:12+00:00,overall,2026,5524,10,Hebron University,https://ror.org/04wwgp209,Palestinian Territories,PS,ps,AW,hebron.edu,44,July,top-per-country,10.6084/m9.figshare.33062150.v3,https://doi.org/10.6084/m9.figshare.33062150.v3
webometrics,2026-09-28T01:22:12+00:00,overall,2026,5524,11,Temasek Polytechnic,https://ror.org/03k1z9s75,Singapore,SG,sg,AS,tp.edu.sg,44,July,top-per-country,10.6084/m9.figshare.33062150.v3,https://doi.org/10.6084/m9.figshare.33062150.v3
webometrics,2026-09-28T01:22:12+00:00,overall,2026,5540,7,University of Technology and Applied Sciences UTAS,https://ror.org/0157tcg24,Oman,OM,om,AW,utas.edu.om,44,July,top-per-country,10.6084/m9.figshare.33062150.v3,https://doi.org/10.6084/m9.figshare.33062150.v3
webometrics,2026-09-28T01:22:12+00:00,overall,2026,5547,1,International University of Monaco,https://ror.org/02kb5sz66,Monaco,MC,mc,EU,monaco.edu,44,July,top-per-country,10.6084/m9.figshare.33062150.v3,https://doi.org/10.6084/m9.figshare.33062150.v3
webometrics,2026-09-28T01:22:12+00:00,overall,2026,5547,10,Masinde Muliro University of Science & Technology,https://ror.org/02tpk0p14,Kenya,KE,ke,AF,mmust.ac.ke,44,July,top-per-country,10.6084/m9.figshare.33062150.v3,https://doi.org/10.6084/m9.figshare.33062150.v3
webometrics,2026-09-28T01:22:12+00:00,overall,2026,5558,5,State University of Tetovo,https://ror.org/01e4kx996,North Macedonia,MK,mk,EU,unite.edu.mk,44,July,top-per-country,10.6084/m9.figshare.33062150.v3,https://doi.org/10.6084/m9.figshare.33062150.v3
webometrics,2026-09-28T01:22:12+00:00,overall,2026,5567,1,University of Greenland / Ilisimatusarfik / Grønlands Universitet,https://ror.org/00t5j6b61,Greenland,GL,gl,EU,uni.gl,44,July,top-per-country,10.6084/m9.figshare.33062150.v3,https://doi.org/10.6084/m9.figshare.33062150.v3
webometrics,2026-09-28T01:22:12+00:00,overall,2026,5567,11,Pwani University,https://ror.org/02952pd71,Kenya,KE,ke,AF,pu.ac.ke,44,July,top-per-country,10.6084/m9.figshare.33062150.v3,https://doi.org/10.6084/m9.figshare.33062150.v3
webometrics,2026-09-28T01:22:12+00:00,overall,2026,5571,6,Agriculture and Forestry University,https://ror.org/01f60xs15,Nepal,NP,np,AS,afu.edu.np,44,July,top-per-country,10.6084/m9.figshare.33062150.v3,https://doi.org/10.6084/m9.figshare.33062150.v3
webometrics,2026-09-28T01:22:12+00:00,overall,2026,5571,6,Texas A&M University at Qatar,https://ror.org/03vb4dm14,Qatar,QA,qa,AW,qatar.tamu.edu,45,July,top-per-country,10.6084/m9.figshare.33062150.v3,https://doi.org/10.6084/m9.figshare.33062150.v3
webometrics,2026-09-28T01:22:12+00:00,overall,2026,5583,12,Takoradi Technical University,https://ror.org/03kbmhj98,Ghana,GH,gh,AF,ttu.edu.gh,45,July,top-per-country,10.6084/m9.figshare.33062150.v3,https://doi.org/10.6084/m9.figshare.33062150.v3
webometrics,2026-09-28T01:22:12+00:00,overall,2026,5589,15,University of Chemical Technology and Metallurgy Sofia / Химикотехнологичен и металургичен университет,https://ror.org/0402pty94,Bulgaria,BG,bg,EU,uctm.edu,45,July,top-per-country,10.6084/m9.figshare.33062150.v3,https://doi.org/10.6084/m9.figshare.33062150.v3
webometrics,2026-09-28T01:22:12+00:00,overall,2026,5594,11,Bethlehem University,https://ror.org/047cjg072,Palestinian Territories,PS,ps,AW,bethlehem.edu,45,July,top-per-country,10.6084/m9.figshare.33062150.v3,https://doi.org/10.6084/m9.figshare.33062150.v3
webometrics,2026-09-28T01:22:12+00:00,overall,2026,5598,4,Agricultural University of Iceland / Landbúnaðarháskóli Íslands,https://ror.org/035s3f323,Iceland,IS,is,EU,lbhi.is,45,July,top-per-country,10.6084/m9.figshare.33062150.v3,https://doi.org/10.6084/m9.figshare.33062150.v3
webometrics,2026-09-28T01:22:12+00:00,overall,2026,5603,4,Universidad Autónoma Gabriel René Moreno,https://ror.org/01w17ks16,Bolivia,BO,bo,IBC,uagrm.edu.bo,45,July,top-per-country,10.6084/m9.figshare.33062150.v3,https://doi.org/10.6084/m9.figshare.33062150.v3
webometrics,2026-09-28T01:22:12+00:00,overall,2026,5617,5,Chinhoyi University of Technology,https://ror.org/005f4y685,Zimbabwe,ZW,zw,AF,cut.ac.zw,45,July,top-per-country,10.6084/m9.figshare.33062150.v3,https://doi.org/10.6084/m9.figshare.33062150.v3
webometrics,2026-09-28T01:22:12+00:00,overall,2026,5624,1,Universidad de El Salvador,https://ror.org/03sbpft28,El Salvador,SV,sv,IBC,ues.edu.sv,45,July,top-per-country,10.6084/m9.figshare.33062150.v3,https://doi.org/10.6084/m9.figshare.33062150.v3
webometrics,2026-09-28T01:22:12+00:00,overall,2026,5634,5,Universidad Privada Boliviana,https://ror.org/03758j340,Bolivia,BO,bo,IBC,upb.edu,45,July,top-per-country,10.6084/m9.figshare.33062150.v3,https://doi.org/10.6084/m9.figshare.33062150.v3
webometrics,2026-09-28T01:22:12+00:00,overall,2026,5641,3,Royal University of Phnom Penh,https://ror.org/05rtvan68,Cambodia,KH,kh,AS,rupp.edu.kh,45,July,top-per-country,10.6084/m9.figshare.33062150.v3,https://doi.org/10.6084/m9.figshare.33062150.v3
webometrics,2026-09-28T01:22:12+00:00,overall,2026,5641,6,Transport and Telecommunications Institute Riga / Transporta un sakaru institūts,https://ror.org/01628w679,Latvia,LV,lv,EU,tsi.lv,45,July,top-per-country,10.6084/m9.figshare.33062150.v3,https://doi.org/10.6084/m9.figshare.33062150.v3
webometrics,2026-09-28T01:22:12+00:00,overall,2026,5653,5,Universidad Estatal a Distancia Costa Rica,https://ror.org/0529rbt18,Costa Rica,CR,cr,IBC,uned.ac.cr,45,July,top-per-country,10.6084/m9.figshare.33062150.v3,https://doi.org/10.6084/m9.figshare.33062150.v3
webometrics,2026-09-28T01:22:12+00:00,overall,2026,5661,4,University Aleksandër Moisiu Durres / Universiteti Aleksand ë r Moisiu Durres,https://ror.org/023p15505,Albania,AL,al,EU,uamd.edu.al,45,July,top-per-country,10.6084/m9.figshare.33062150.v3,https://doi.org/10.6084/m9.figshare.33062150.v3
webometrics,2026-09-28T01:22:12+00:00,overall,2026,5669,8,University of Buraimi,https://ror.org/01q0sjp54,Oman,OM,om,AW,uob.edu.om,45,July,top-per-country,10.6084/m9.figshare.33062150.v3,https://doi.org/10.6084/m9.figshare.33062150.v3
webometrics,2026-09-28T01:22:12+00:00,overall,2026,5692,6,Bindura University of Science Education,https://ror.org/042zvmz29,Zimbabwe,ZW,zw,AF,buse.ac.zw,45,July,top-per-country,10.6084/m9.figshare.33062150.v3,https://doi.org/10.6084/m9.figshare.33062150.v3
webometrics,2026-09-28T01:22:12+00:00,overall,2026,5698,12,University of Eldoret,https://ror.org/010crp378,Kenya,KE,ke,AF,uoeld.ac.ke,45,July,top-per-country,10.6084/m9.figshare.33062150.v3,https://doi.org/10.6084/m9.figshare.33062150.v3
webometrics,2026-09-28T01:22:12+00:00,overall,2026,5713,4,Universidad Tecnológica de La Habana José Antonio Echeverría,https://ror.org/0573cnq15,Cuba,CU,cu,IBC,cujae.edu.cu,45,July,top-per-country,10.6084/m9.figshare.33062150.v3,https://doi.org/10.6084/m9.figshare.33062150.v3
webometrics,2026-09-28T01:22:12+00:00,overall,2026,5741,12,Otago Polytechnic,https://ror.org/01qvj2271,New Zealand,NZ,nz,AU,op.ac.nz,45,July,top-per-country,10.6084/m9.figshare.33062150.v3,https://doi.org/10.6084/m9.figshare.33062150.v3
webometrics,2026-09-28T01:22:12+00:00,overall,2026,5755,2,University of Trinidad and Tobago,https://ror.org/03np13864,Trinidad & Tobago,TT,tt,IBC,utt.edu.tt,45,July,top-per-country,10.6084/m9.figshare.33062150.v3,https://doi.org/10.6084/m9.figshare.33062150.v3
webometrics,2026-09-28T01:22:12+00:00,overall,2026,5766,13,Kumasi Technical University,https://ror.org/00qgpp207,Ghana,GH,gh,AF,kstu.edu.gh,45,July,top-per-country,10.6084/m9.figshare.33062150.v3,https://doi.org/10.6084/m9.figshare.33062150.v3
webometrics,2026-09-28T01:22:12+00:00,overall,2026,5768,13,Dedan Kimathi University of Technology (Kimathi University College of Technology),https://ror.org/05jg5ty85,Kenya,KE,ke,AF,dkut.ac.ke,45,July,top-per-country,10.6084/m9.figshare.33062150.v3,https://doi.org/10.6084/m9.figshare.33062150.v3
webometrics,2026-09-28T01:22:12+00:00,overall,2026,5776,1,Royal University of Bhutan,https://ror.org/03hqan520,Bhutan,BT,bt,AS,rub.edu.bt,45,July,top-per-country,10.6084/m9.figshare.33062150.v3,https://doi.org/10.6084/m9.figshare.33062150.v3
webometrics,2026-09-28T01:22:12+00:00,overall,2026,5797,6,INCAE Business School,https://ror.org/04j2q1352,Costa Rica,CR,cr,IBC,incae.edu,45,July,top-per-country,10.6084/m9.figshare.33062150.v3,https://doi.org/10.6084/m9.figshare.33062150.v3
webometrics,2026-09-28T01:22:12+00:00,overall,2026,5798,2,University of Guyana,https://ror.org/05d8pm274,Guyana,GY,gy,IBC,uog.edu.gy,45,July,top-per-country,10.6084/m9.figshare.33062150.v3,https://doi.org/10.6084/m9.figshare.33062150.v3
webometrics,2026-09-28T01:22:12+00:00,overall,2026,5801,1,University of Papua New Guinea,https://ror.org/05jxf0p38,Papua New Guinea,PG,pg,AU,upng.ac.pg,45,July,top-per-country,10.6084/m9.figshare.33062150.v3,https://doi.org/10.6084/m9.figshare.33062150.v3
webometrics,2026-09-28T01:22:12+00:00,overall,2026,5801,5,Universidad de Cienfuegos Carlos Rafael Rodríguez,https://ror.org/05m031e17,Cuba,CU,cu,IBC,ucf.edu.cu,45,July,top-per-country,10.6084/m9.figshare.33062150.v3,https://doi.org/10.6084/m9.figshare.33062150.v3
webometrics,2026-09-28T01:22:12+00:00,overall,2026,5818,7,Bahrain Polytechnic,https://ror.org/01dv0vw10,Bahrain,BH,bh,AW,polytechnic.bh,45,July,top-per-country,10.6084/m9.figshare.33062150.v3,https://doi.org/10.6084/m9.figshare.33062150.v3
webometrics,2026-09-28T01:22:12+00:00,overall,2026,5822,1,University of the West Indies Cave Hill Campus Barbados,https://ror.org/05p4f7w60,Barbados,BB,bb,IBC,cavehill.uwi.edu,45,July,top-per-country,10.6084/m9.figshare.33062150.v3,https://doi.org/10.6084/m9.figshare.33062150.v3
webometrics,2026-09-28T01:22:12+00:00,overall,2026,5826,1,University of The Bahamas,https://ror.org/01c8qhb70,Bahamas,BS,bs,IBC,ub.edu.bs,45,July,top-per-country,10.6084/m9.figshare.33062150.v3,https://doi.org/10.6084/m9.figshare.33062150.v3
webometrics,2026-09-28T01:22:12+00:00,overall,2026,5826,4,Russian Armenian State University / Российско-Армянский Славянский университет,https://ror.org/01v4e7289,Armenia,AM,am,EU,rau.am,46,July,top-per-country,10.6084/m9.figshare.33062150.v3,https://doi.org/10.6084/m9.figshare.33062150.v3
webometrics,2026-09-28T01:22:12+00:00,overall,2026,5826,12,Palestine Ahliya University,https://ror.org/02gekya22,Palestinian Territories,PS,ps,AW,paluniv.edu.ps,46,July,top-per-country,10.6084/m9.figshare.33062150.v3,https://doi.org/10.6084/m9.figshare.33062150.v3
webometrics,2026-09-28T01:22:12+00:00,overall,2026,5831,5,Universidad Interamericana de Puerto Rico,https://ror.org/00xcgnn15,Puerto Rico,PR,pr,IBC,inter.edu,46,July,top-per-country,10.6084/m9.figshare.33062150.v3,https://doi.org/10.6084/m9.figshare.33062150.v3
webometrics,2026-09-28T01:22:12+00:00,overall,2026,5832,7,Ardhi University,https://ror.org/05k903r09,Tanzania,TZ,tz,AF,aru.ac.tz,46,July,top-per-country,10.6084/m9.figshare.33062150.v3,https://doi.org/10.6084/m9.figshare.33062150.v3
webometrics,2026-09-28T01:22:12+00:00,overall,2026,5848,5,Omar Al Mukhtar University,https://ror.org/01wykm490,Libya,LY,ly,AW,omu.edu.ly,46,July,top-per-country,10.6084/m9.figshare.33062150.v3,https://doi.org/10.6084/m9.figshare.33062150.v3
webometrics,2026-09-28T01:22:12+00:00,overall,2026,5864,7,Belarusian State Technological University / Белорусский государственный технологический университет,https://ror.org/00cp8c465,Belarus,BY,by,EU,belstu.by,46,July,top-per-country,10.6084/m9.figshare.33062150.v3,https://doi.org/10.6084/m9.figshare.33062150.v3
webometrics,2026-09-28T01:22:12+00:00,overall,2026,5900,14,Université de Kairouan,https://ror.org/024mpte60,Tunisia,TN,tn,AW,univ-k.rnu.tn,46,July,top-per-country,10.6084/m9.figshare.33062150.v3,https://doi.org/10.6084/m9.figshare.33062150.v3
webometrics,2026-09-28T01:22:12+00:00,overall,2026,5903,5,Universidad Iberoamericana Santo Domingo,https://ror.org/004xzjm20,Dominican Republic,DO,do,IBC,unibe.edu.do,46,July,top-per-country,10.6084/m9.figshare.33062150.v3,https://doi.org/10.6084/m9.figshare.33062150.v3
webometrics,2026-09-28T01:22:12+00:00,overall,2026,5906,3,Lilongwe University of Agriculture & Natural Resources LUANAR,https://ror.org/0188qm081,Malawi,MW,mw,AF,luanar.ac.mw,46,July,top-per-country,10.6084/m9.figshare.33062150.v3,https://doi.org/10.6084/m9.figshare.33062150.v3
webometrics,2026-09-28T01:22:12+00:00,overall,2026,5916,15,(3) Université de Carthage Ecole Polytechnique de Tunisie,https://ror.org/00dse3307,Tunisia,TN,tn,AW,ept.rnu.tn,46,July,top-per-country,10.6084/m9.figshare.33062150.v3,https://doi.org/10.6084/m9.figshare.33062150.v3
webometrics,2026-09-28T01:22:12+00:00,overall,2026,5919,2,Université Catholique de Bukavu,https://ror.org/03cg80535,Congo - Kinshasa,CD,cd,AF,ucbukavu.ac.cd,46,July,top-per-country,10.6084/m9.figshare.33062150.v3,https://doi.org/10.6084/m9.figshare.33062150.v3
webometrics,2026-09-28T01:22:12+00:00,overall,2026,5929,2,Sevastopol National Technical University / Севастопольский государственный университет,https://ror.org/053mxw461,,,,EU,sevsu.ru,46,July,top-per-country,10.6084/m9.figshare.33062150.v3,https://doi.org/10.6084/m9.figshare.33062150.v3
webometrics,2026-09-28T01:22:12+00:00,overall,2026,5938,5,Polytechnic University of Tirana / Universiteti Politeknik i Tiranës,https://ror.org/05aec4025,Albania,AL,al,EU,upt.al,46,July,top-per-country,10.6084/m9.figshare.33062150.v3,https://doi.org/10.6084/m9.figshare.33062150.v3
webometrics,2026-09-28T01:22:12+00:00,overall,2026,5941,4,Universidad Galileo,https://ror.org/04c3msc18,Guatemala,GT,gt,IBC,galileo.edu,46,July,top-per-country,10.6084/m9.figshare.33062150.v3,https://doi.org/10.6084/m9.figshare.33062150.v3
webometrics,2026-09-28T01:22:12+00:00,overall,2026,5944,4,Mzuzu University,https://ror.org/008ej3804,Malawi,MW,mw,AF,mzuni.ac.mw,46,July,top-per-country,10.6084/m9.figshare.33062150.v3,https://doi.org/10.6084/m9.figshare.33062150.v3
webometrics,2026-09-28T01:22:12+00:00,overall,2026,5944,6,Universidad Privada Franz Tamayo,https://ror.org/00nw66q03,Bolivia,BO,bo,IBC,unifranz.edu.bo,46,July,top-per-country,10.6084/m9.figshare.33062150.v3,https://doi.org/10.6084/m9.figshare.33062150.v3
webometrics,2026-09-28T01:22:12+00:00,overall,2026,5948,2,Université de Parakou,https://ror.org/025wndx93,Benin,BJ,bj,AF,univ-parakou.bj,46,July,top-per-country,10.6084/m9.figshare.33062150.v3,https://doi.org/10.6084/m9.figshare.33062150.v3
webometrics,2026-09-28T01:22:12+00:00,overall,2026,5952,6,University of Zawia,https://ror.org/01vnv1744,Libya,LY,ly,AW,zu.edu.ly,46,July,top-per-country,10.6084/m9.figshare.33062150.v3,https://doi.org/10.6084/m9.figshare.33062150.v3
webometrics,2026-09-28T01:22:12+00:00,overall,2026,5953,12,Singapore Polytechnic,https://ror.org/05pxcn248,Singapore,SG,sg,AS,sp.edu.sg,46,July,top-per-country,10.6084/m9.figshare.33062150.v3,https://doi.org/10.6084/m9.figshare.33062150.v3
webometrics,2026-09-28T01:22:12+00:00,overall,2026,5953,14,Ashesi University,https://ror.org/028kehd60,Ghana,GH,gh,AF,ashesi.edu.gh,46,July,top-per-country,10.6084/m9.figshare.33062150.v3,https://doi.org/10.6084/m9.figshare.33062150.v3
webometrics,2026-09-28T01:22:12+00:00,overall,2026,5958,1,American University of the Caribbean School of Medicine,https://ror.org/02hnxxp83,Belize,BZ,bz,IBC,aucmed.edu,46,July,top-per-country,10.6084/m9.figshare.33062150.v3,https://doi.org/10.6084/m9.figshare.33062150.v3
webometrics,2026-09-28T01:22:12+00:00,overall,2026,5962,9,National University of Science and Technology,https://ror.org/00rb2rb24,Oman,OM,om,AW,nu.edu.om,46,July,top-per-country,10.6084/m9.figshare.33062150.v3,https://doi.org/10.6084/m9.figshare.33062150.v3
webometrics,2026-09-28T01:22:12+00:00,overall,2026,5964,1,University of Sierra Leone,https://ror.org/045rztm55,Sierra Leone,SL,sl,AF,usl.edu.sl,46,July,top-per-country,10.6084/m9.figshare.33062150.v3,https://doi.org/10.6084/m9.figshare.33062150.v3
webometrics,2026-09-28T01:22:12+00:00,overall,2026,5987,9,Baku Engineering University (Qafqaz University),https://ror.org/05wawjf63,Azerbaijan,AZ,az,EU,beu.edu.az,46,July,top-per-country,10.6084/m9.figshare.33062150.v3,https://doi.org/10.6084/m9.figshare.33062150.v3
webometrics,2026-09-28T01:22:12+00:00,overall,2026,5989,6,Universidad Nacional Experimental del Táchira,https://ror.org/00fr68j09,Venezuela,VE,ve,IBC,unet.edu.ve,46,July,top-per-country,10.6084/m9.figshare.33062150.v3,https://doi.org/10.6084/m9.figshare.33062150.v3
webometrics,2026-09-28T01:22:12+00:00,overall,2026,5996,7,Kiang Wu Nursing College of Macau,https://ror.org/01mt0cc57,Macao SAR China,MO,mo,AS,kwnc.edu.mo,46,July,top-per-country,10.6084/m9.figshare.33062150.v3,https://doi.org/10.6084/m9.figshare.33062150.v3
webometrics,2026-09-28T01:22:12+00:00,overall,2026,5998,2,Osh State University,https://ror.org/0449rh157,Kyrgyzstan,KG,kg,AS,oshsu.kg,46,July,top-per-country,10.6084/m9.figshare.33062150.v3,https://doi.org/10.6084/m9.figshare.33062150.v3
webometrics,2026-09-28T01:22:12+00:00,overall,2026,6008,10,Azerbaijan Technical University / Azərbaycan Texniki Universiteti,https://ror.org/01qe1a488,Azerbaijan,AZ,az,EU,aztu.edu.az,46,July,top-per-country,10.6084/m9.figshare.33062150.v3,https://doi.org/10.6084/m9.figshare.33062150.v3
webometrics,2026-09-28T01:22:12+00:00,overall,2026,6008,10,Modern College of Business & Science,https://ror.org/02hvzvg02,Oman,OM,om,AW,mcbs.edu.om,46,July,top-per-country,10.6084/m9.figshare.33062150.v3,https://doi.org/10.6084/m9.figshare.33062150.v3
webometrics,2026-09-28T01:22:12+00:00,overall,2026,6012,6,University of Vlora / Universiteti Ismail Qemali,https://ror.org/05ger6s34,Albania,AL,al,EU,univlora.edu.al,46,July,top-per-country,10.6084/m9.figshare.33062150.v3,https://doi.org/10.6084/m9.figshare.33062150.v3
webometrics,2026-09-28T01:22:12+00:00,overall,2026,6024,13,Al Quds Open University,https://ror.org/04cgn5q20,Palestinian Territories,PS,ps,AW,qou.edu,47,July,top-per-country,10.6084/m9.figshare.33062150.v3,https://doi.org/10.6084/m9.figshare.33062150.v3
webometrics,2026-09-28T01:22:12+00:00,overall,2026,6050,9,ISM University of Management and Economics / ISM Vadybos ir ekonomikos universitetas,https://ror.org/05rky1t53,Lithuania,LT,lt,EU,ism.lt,47,July,top-per-country,10.6084/m9.figshare.33062150.v3,https://doi.org/10.6084/m9.figshare.33062150.v3
webometrics,2026-09-28T01:22:12+00:00,overall,2026,6055,7,Universidad Privada de Santa Cruz de la Sierra,https://ror.org/004nyzb81,Bolivia,BO,bo,IBC,upsa.edu.bo,47,July,top-per-country,10.6084/m9.figshare.33062150.v3,https://doi.org/10.6084/m9.figshare.33062150.v3
webometrics,2026-09-28T01:22:12+00:00,overall,2026,6056,7,University of Medicine Tirana / Universiteti i Mjekësisë Tiranë,https://ror.org/03y2x8717,Albania,AL,al,EU,umed.edu.al,47,July,top-per-country,10.6084/m9.figshare.33062150.v3,https://doi.org/10.6084/m9.figshare.33062150.v3
webometrics,2026-09-28T01:22:12+00:00,overall,2026,6056,14,Karakalpak State University / Бердақ атындағы Қарақалпақ мәмлекетлик университети,https://ror.org/059w0gb06,Uzbekistan,UZ,uz,AS,karsu.uz,47,July,top-per-country,10.6084/m9.figshare.33062150.v3,https://doi.org/10.6084/m9.figshare.33062150.v3
webometrics,2026-09-28T01:22:12+00:00,overall,2026,6061,6,Universidad de Pinar del Río Hermanos Saíz Montes de Oca,https://ror.org/007chxf81,Cuba,CU,cu,IBC,upr.edu.cu,47,July,top-per-country,10.6084/m9.figshare.33062150.v3,https://doi.org/10.6084/m9.figshare.33062150.v3
webometrics,2026-09-28T01:22:12+00:00,overall,2026,6067,6,International BURCH University Sarajevo,https://ror.org/040cm8d21,Bosnia & Herzegovina,BA,ba,EU,ibu.edu.ba,47,July,top-per-country,10.6084/m9.figshare.33062150.v3,https://doi.org/10.6084/m9.figshare.33062150.v3
webometrics,2026-09-28T01:22:12+00:00,overall,2026,6081,1,University of Liberia,https://ror.org/0440cy367,Liberia,LR,lr,AF,ul.edu.lr,47,July,top-per-country,10.6084/m9.figshare.33062150.v3,https://doi.org/10.6084/m9.figshare.33062150.v3
webometrics,2026-09-28T01:22:12+00:00,overall,2026,6089,7,University of Zenica / Univerzitet u Zenici,https://ror.org/02s9jxg24,Bosnia & Herzegovina,BA,ba,EU,unze.ba,47,July,top-per-country,10.6084/m9.figshare.33062150.v3,https://doi.org/10.6084/m9.figshare.33062150.v3
webometrics,2026-09-28T01:22:12+00:00,overall,2026,6096,10,Kazimiero Simonavičiaus University,https://ror.org/056ad8q42,Lithuania,LT,lt,EU,ksu.lt,47,July,top-per-country,10.6084/m9.figshare.33062150.v3,https://doi.org/10.6084/m9.figshare.33062150.v3
webometrics,2026-09-28T01:22:12+00:00,overall,2026,6106,1,Universidad Nacional Autónoma de Nicaragua Managua,https://ror.org/04084tn63,Nicaragua,NI,ni,IBC,unan.edu.ni,47,July,top-per-country,10.6084/m9.figshare.33062150.v3,https://doi.org/10.6084/m9.figshare.33062150.v3
webometrics,2026-09-28T01:22:12+00:00,overall,2026,6110,3,Université de Lubumbashi,https://ror.org/01mn7k054,Congo - Kinshasa,CD,cd,AF,unilu.ac.cd,47,July,top-per-country,10.6084/m9.figshare.33062150.v3,https://doi.org/10.6084/m9.figshare.33062150.v3
webometrics,2026-09-28T01:22:12+00:00,overall,2026,6113,14,Chu Hai College of Higher Education 香港珠海學院,https://ror.org/021a2zz52,Hong Kong SAR China,HK,hk,AS,chuhai.edu.hk,47,July,top-per-country,10.6084/m9.figshare.33062150.v3,https://doi.org/10.6084/m9.figshare.33062150.v3
webometrics,2026-09-28T01:22:12+00:00,overall,2026,6113,15,Ho Technical University,https://ror.org/00j7bab93,Ghana,GH,gh,AF,htu.edu.gh,47,July,top-per-country,10.6084/m9.figshare.33062150.v3,https://doi.org/10.6084/m9.figshare.33062150.v3
webometrics,2026-09-28T01:22:12+00:00,overall,2026,6116,4,Syrian Private University,https://ror.org/01h8c9041,Syria,SY,sy,AW,spu.edu.sy,47,July,top-per-country,10.6084/m9.figshare.33062150.v3,https://doi.org/10.6084/m9.figshare.33062150.v3
webometrics,2026-09-28T01:22:12+00:00,overall,2026,6122,8,Gomel State Medical University / Гомельский государственный медицинский университет,https://ror.org/02hrree94,Belarus,BY,by,EU,gsmu.by,47,July,top-per-country,10.6084/m9.figshare.33062150.v3,https://doi.org/10.6084/m9.figshare.33062150.v3
webometrics,2026-09-28T01:22:12+00:00,overall,2026,6129,8,Islamic University in Uganda,https://ror.org/03ph49z03,Uganda,UG,ug,AF,iuiu.ac.ug,47,July,top-per-country,10.6084/m9.figshare.33062150.v3,https://doi.org/10.6084/m9.figshare.33062150.v3
webometrics,2026-09-28T01:22:12+00:00,overall,2026,6134,1,Universidade de Cabo Verde (ex-ISE),https://ror.org/001fphc23,Cape Verde,CV,cv,AF,unicv.edu.cv,47,July,top-per-country,10.6084/m9.figshare.33062150.v3,https://doi.org/10.6084/m9.figshare.33062150.v3
webometrics,2026-09-28T01:22:12+00:00,overall,2026,6135,2,Escuela Agrícola Panamericana Zamorano,https://ror.org/01kt2cx88,Honduras,HN,hn,IBC,zamorano.edu,47,July,top-per-country,10.6084/m9.figshare.33062150.v3,https://doi.org/10.6084/m9.figshare.33062150.v3
webometrics,2026-09-28T01:22:12+00:00,overall,2026,6142,2,University of Technology Jamaica,https://ror.org/02w1kdc51,Jamaica,JM,jm,IBC,utech.edu.jm,47,July,top-per-country,10.6084/m9.figshare.33062150.v3,https://doi.org/10.6084/m9.figshare.33062150.v3
webometrics,2026-09-28T01:22:12+00:00,overall,2026,6160,8,Hodeidah University,https://ror.org/05fkpm735,Yemen,YE,ye,AW,hoduniv.net.ye,47,July,top-per-country,10.6084/m9.figshare.33062150.v3,https://doi.org/10.6084/m9.figshare.33062150.v3
webometrics,2026-09-28T01:22:12+00:00,overall,2026,6167,9,Uganda Martyrs University,https://ror.org/04v4swe56,Uganda,UG,ug,AF,umu.ac.ug,47,July,top-per-country,10.6084/m9.figshare.33062150.v3,https://doi.org/10.6084/m9.figshare.33062150.v3
webometrics,2026-09-28T01:22:12+00:00,overall,2026,6187,15,Tashkent State Agrarian University / Toshkent Davlat Agrar Universiteti,https://ror.org/05gr4mx33,Uzbekistan,UZ,uz,AS,tdau.uz,47,July,top-per-country,10.6084/m9.figshare.33062150.v3,https://doi.org/10.6084/m9.figshare.33062150.v3
webometrics,2026-09-28T01:22:12+00:00,overall,2026,6192,11,University College Nordjylland,,Denmark,DK,dk,EU,ucn.dk,47,July,top-per-country,10.6084/m9.figshare.33062150.v3,https://doi.org/10.6084/m9.figshare.33062150.v3
webometrics,2026-09-28T01:22:12+00:00,overall,2026,6199,11,Middle East College,https://ror.org/03z34n548,Oman,OM,om,AW,mec.edu.om,47,July,top-per-country,10.6084/m9.figshare.33062150.v3,https://doi.org/10.6084/m9.figshare.33062150.v3
webometrics,2026-09-28T01:22:12+00:00,overall,2026,6203,1,Facultad Latinoamericana de Ciencias Sociales,,International,,int,IBC,flacso.org,47,July,top-per-country,10.6084/m9.figshare.33062150.v3,https://doi.org/10.6084/m9.figshare.33062150.v3
webometrics,2026-09-28T01:22:12+00:00,overall,2026,6203,3,Mulungushi University,https://ror.org/02vmcxs72,Zambia,ZM,zm,AF,mu.ac.zm,47,July,top-per-country,10.6084/m9.figshare.33062150.v3,https://doi.org/10.6084/m9.figshare.33062150.v3
webometrics,2026-09-28T01:22:12+00:00,overall,2026,6203,11,Nakhchivan State University / Naxçıvan Dövlət Universiteti,https://ror.org/02wne9d91,Azerbaijan,AZ,az,EU,ndu.edu.az,47,July,top-per-country,10.6084/m9.figshare.33062150.v3,https://doi.org/10.6084/m9.figshare.33062150.v3
webometrics,2026-09-28T01:22:12+00:00,overall,2026,6211,3,Kyrgyz State Medical Academy,https://ror.org/00bah2v32,Kyrgyzstan,KG,kg,AS,kgma.kg,47,July,top-per-country,10.6084/m9.figshare.33062150.v3,https://doi.org/10.6084/m9.figshare.33062150.v3
webometrics,2026-09-28T01:22:12+00:00,overall,2026,6219,10,Uganda Management Institute,https://ror.org/05yh37w40,Uganda,UG,ug,AF,umi.ac.ug,47,July,top-per-country,10.6084/m9.figshare.33062150.v3,https://doi.org/10.6084/m9.figshare.33062150.v3
webometrics,2026-09-28T01:22:12+00:00,overall,2026,6227,3,Botswana University of Agriculture and Natural Resources,https://ror.org/05qjm4845,Botswana,BW,bw,AF,buan.ac.bw,48,July,top-per-country,10.6084/m9.figshare.33062150.v3,https://doi.org/10.6084/m9.figshare.33062150.v3
webometrics,2026-09-28T01:22:12+00:00,overall,2026,6227,8,Universidad Mayor de San Francisco Xavier de Chuquisaca,https://ror.org/039fm7e11,Bolivia,BO,bo,IBC,usfx.bo,48,July,top-per-country,10.6084/m9.figshare.33062150.v3,https://doi.org/10.6084/m9.figshare.33062150.v3
webometrics,2026-09-28T01:22:12+00:00,overall,2026,6240,2,Universidad Centroamericana José Simeón Cañas,https://ror.org/02bhgkk43,El Salvador,SV,sv,IBC,uca.edu.sv,48,July,top-per-country,10.6084/m9.figshare.33062150.v3,https://doi.org/10.6084/m9.figshare.33062150.v3
webometrics,2026-09-28T01:22:12+00:00,overall,2026,6257,2,University of Donja Gorica / Univerzitet Donja Gorica,https://ror.org/00pz8ca62,Montenegro,ME,me,EU,udg.edu.me,48,July,top-per-country,10.6084/m9.figshare.33062150.v3,https://doi.org/10.6084/m9.figshare.33062150.v3
webometrics,2026-09-28T01:22:12+00:00,overall,2026,6260,7,Australian University Kuwait,https://ror.org/02029th93,Kuwait,KW,kw,AW,au.edu.kw,48,July,top-per-country,10.6084/m9.figshare.33062150.v3,https://doi.org/10.6084/m9.figshare.33062150.v3
webometrics,2026-09-28T01:22:12+00:00,overall,2026,6268,7,Community College of Qatar,https://ror.org/01psb9158,Qatar,QA,qa,AW,community.edu.qa,48,July,top-per-country,10.6084/m9.figshare.33062150.v3,https://doi.org/10.6084/m9.figshare.33062150.v3
webometrics,2026-09-28T01:22:12+00:00,overall,2026,6278,4,Botho University,https://ror.org/00nfn7821,Botswana,BW,bw,AF,bothouniversity.com,48,July,top-per-country,10.6084/m9.figshare.33062150.v3,https://doi.org/10.6084/m9.figshare.33062150.v3
webometrics,2026-09-28T01:22:12+00:00,overall,2026,6280,2,Universidad Nacional Autónoma de Nicaragua León,https://ror.org/024ce2263,Nicaragua,NI,ni,IBC,unanleon.edu.ni,48,July,top-per-country,10.6084/m9.figshare.33062150.v3,https://doi.org/10.6084/m9.figshare.33062150.v3
webometrics,2026-09-28T01:22:12+00:00,overall,2026,6291,8,Open University of Tanzania,https://ror.org/02m6yfe37,Tanzania,TZ,tz,AF,out.ac.tz,48,July,top-per-country,10.6084/m9.figshare.33062150.v3,https://doi.org/10.6084/m9.figshare.33062150.v3
webometrics,2026-09-28T01:22:12+00:00,overall,2026,6300,1,Université de la Polynésie Française,https://ror.org/03ay59x86,French Polynesia,PF,pf,AU,upf.pf,48,July,top-per-country,10.6084/m9.figshare.33062150.v3,https://doi.org/10.6084/m9.figshare.33062150.v3
webometrics,2026-09-28T01:22:12+00:00,overall,2026,6314,7,Vidzeme University College / Vidzemes Augstskola,https://ror.org/03jp1kx71,Latvia,LV,lv,EU,va.lv,48,July,top-per-country,10.6084/m9.figshare.33062150.v3,https://doi.org/10.6084/m9.figshare.33062150.v3
webometrics,2026-09-28T01:22:12+00:00,overall,2026,6319,7,Universidad Centroccidental Lisandro Alvarado,https://ror.org/03qgg3111,Venezuela,VE,ve,IBC,ucla.edu.ve,48,July,top-per-country,10.6084/m9.figshare.33062150.v3,https://doi.org/10.6084/m9.figshare.33062150.v3
webometrics,2026-09-28T01:22:12+00:00,overall,2026,6327,3,Universidad Tecnológica Centroamericana,https://ror.org/03gxj8t57,Honduras,HN,hn,IBC,unitec.edu,48,July,top-per-country,10.6084/m9.figshare.33062150.v3,https://doi.org/10.6084/m9.figshare.33062150.v3
webometrics,2026-09-28T01:22:12+00:00,overall,2026,6345,8,Economics Academy Novi Sad / Привредна Академија / Privredna Akademija,https://ror.org/01vgyse67,Serbia,RS,rs,EU,privrednaakademija.edu.rs,48,July,top-per-country,10.6084/m9.figshare.33062150.v3,https://doi.org/10.6084/m9.figshare.33062150.v3
webometrics,2026-09-28T01:22:12+00:00,overall,2026,6348,12,Azerbaijan University of Architecture and Construction / Azərbaycan Memarlıq və İnşaat Universiteti,https://ror.org/02shm3a27,Azerbaijan,AZ,az,EU,azmiu.edu.az,48,July,top-per-country,10.6084/m9.figshare.33062150.v3,https://doi.org/10.6084/m9.figshare.33062150.v3
webometrics,2026-09-28T01:22:12+00:00,overall,2026,6359,1,Kim Il Sung University,https://ror.org/02k98xb21,North Korea,KP,kp,AS,ryongnamsan.edu.kp,48,July,top-per-country,10.6084/m9.figshare.33062150.v3,https://doi.org/10.6084/m9.figshare.33062150.v3
webometrics,2026-09-28T01:22:12+00:00,overall,2026,6359,6,Universidad Ana G Méndez,https://ror.org/05r9v2c42,Puerto Rico,PR,pr,IBC,uagm.edu,48,July,top-per-country,10.6084/m9.figshare.33062150.v3,https://doi.org/10.6084/m9.figshare.33062150.v3
webometrics,2026-09-28T01:22:12+00:00,overall,2026,6373,8,Aspire Academy for Sports Excellence,https://ror.org/03jtqwv36,Qatar,QA,qa,AW,aspire.qa,48,July,top-per-country,10.6084/m9.figshare.33062150.v3,https://doi.org/10.6084/m9.figshare.33062150.v3
webometrics,2026-09-28T01:22:12+00:00,overall,2026,6396,13,Manukau Institute of Technology,https://ror.org/002r67t24,New Zealand,NZ,nz,AU,manukau.ac.nz,48,July,top-per-country,10.6084/m9.figshare.33062150.v3,https://doi.org/10.6084/m9.figshare.33062150.v3
webometrics,2026-09-28T01:22:12+00:00,overall,2026,6399,2,Universidade Lúrio,https://ror.org/03sbnrq14,Mozambique,MZ,mz,AF,unilurio.ac.mz,48,July,top-per-country,10.6084/m9.figshare.33062150.v3,https://doi.org/10.6084/m9.figshare.33062150.v3
webometrics,2026-09-28T01:22:12+00:00,overall,2026,6401,7,Universidad Latina de Costa Rica (Universidad Interamericana),https://ror.org/04yd0ad61,Costa Rica,CR,cr,IBC,ulatina.ac.cr,48,July,top-per-country,10.6084/m9.figshare.33062150.v3,https://doi.org/10.6084/m9.figshare.33062150.v3
webometrics,2026-09-28T01:22:12+00:00,overall,2026,6407,7,Universidad Central del Caribe,https://ror.org/01rpmzy83,Puerto Rico,PR,pr,IBC,uccaribe.edu,48,July,top-per-country,10.6084/m9.figshare.33062150.v3,https://doi.org/10.6084/m9.figshare.33062150.v3
webometrics,2026-09-28T01:22:12+00:00,overall,2026,6441,6,Estonian Business School / EBS Rahvusvaheline ülikool,https://ror.org/04e67ap71,Estonia,EE,ee,EU,ebs.ee,48,July,top-per-country,10.6084/m9.figshare.33062150.v3,https://doi.org/10.6084/m9.figshare.33062150.v3
webometrics,2026-09-28T01:22:12+00:00,overall,2026,6443,1,Université Marien Ngouabi,https://ror.org/00tt5kf04,Congo - Brazzaville,CG,cg,AF,umng.cg,48,July,top-per-country,10.6084/m9.figshare.33062150.v3,https://doi.org/10.6084/m9.figshare.33062150.v3
webometrics,2026-09-28T01:22:12+00:00,overall,2026,6445,8,Universidad Pedagógica Experimental Libertador,https://ror.org/05xc4qj60,Venezuela,VE,ve,IBC,upel.edu.ve,48,July,top-per-country,10.6084/m9.figshare.33062150.v3,https://doi.org/10.6084/m9.figshare.33062150.v3
webometrics,2026-09-28T01:22:12+00:00,overall,2026,6445,14,University College of Applied Sciences,https://ror.org/00f72x493,Palestinian Territories,PS,ps,AW,ucas.edu.ps,48,July,top-per-country,10.6084/m9.figshare.33062150.v3,https://doi.org/10.6084/m9.figshare.33062150.v3
webometrics,2026-09-28T01:22:12+00:00,overall,2026,6452,5,Armenian National Agricultural University,https://ror.org/05xvhyj32,Armenia,AM,am,EU,anau.am,48,July,top-per-country,10.6084/m9.figshare.33062150.v3,https://doi.org/10.6084/m9.figshare.33062150.v3
webometrics,2026-09-28T01:22:12+00:00,overall,2026,6455,12,Al Buraimi University College,https://ror.org/040wrjh41,Oman,OM,om,AW,buc.edu.om,48,July,top-per-country,10.6084/m9.figshare.33062150.v3,https://doi.org/10.6084/m9.figshare.33062150.v3
webometrics,2026-09-28T01:22:12+00:00,overall,2026,6461,4,Kyrgyz Russian Slavic University / Кыргызско-Российский Славянский университет,https://ror.org/020qfzf72,Kyrgyzstan,KG,kg,AS,krsu.edu.kg,48,July,top-per-country,10.6084/m9.figshare.33062150.v3,https://doi.org/10.6084/m9.figshare.33062150.v3
webometrics,2026-09-28T01:22:12+00:00,overall,2026,6468,9,Universidad Nacional Experimental de los Llanos Occidentales Ezequiel Zamora,https://ror.org/04382kq29,Venezuela,VE,ve,IBC,unellez.edu.ve,48,July,top-per-country,10.6084/m9.figshare.33062150.v3,https://doi.org/10.6084/m9.figshare.33062150.v3
webometrics,2026-09-28T01:22:12+00:00,overall,2026,6471,8,Ventspils University College / Ventspils Augstskola,https://ror.org/03sc6wx59,Latvia,LV,lv,EU,venta.lv,49,July,top-per-country,10.6084/m9.figshare.33062150.v3,https://doi.org/10.6084/m9.figshare.33062150.v3
webometrics,2026-09-28T01:22:12+00:00,overall,2026,6475,10,Universidad Metropolitana Caracas,https://ror.org/046np5693,Venezuela,VE,ve,IBC,unimet.edu.ve,49,July,top-per-country,10.6084/m9.figshare.33062150.v3,https://doi.org/10.6084/m9.figshare.33062150.v3
webometrics,2026-09-28T01:22:12+00:00,overall,2026,6489,1,University of Yangon,https://ror.org/038724806,Myanmar (Burma),MM,mm,AS,uy.edu.mm,49,July,top-per-country,10.6084/m9.figshare.33062150.v3,https://doi.org/10.6084/m9.figshare.33062150.v3
webometrics,2026-09-28T01:22:12+00:00,overall,2026,6512,8,Sarajevo School of Science & Technology,https://ror.org/00xx8vr92,Bosnia & Herzegovina,BA,ba,EU,ssst.edu.ba,49,July,top-per-country,10.6084/m9.figshare.33062150.v3,https://doi.org/10.6084/m9.figshare.33062150.v3
webometrics,2026-09-28T01:22:12+00:00,overall,2026,6524,2,Private Universität im Fürstentum Liechtenstein,https://ror.org/02pg2aq98,Liechtenstein,LI,li,EU,ufl.li,49,July,top-per-country,10.6084/m9.figshare.33062150.v3,https://doi.org/10.6084/m9.figshare.33062150.v3
webometrics,2026-09-28T01:22:12+00:00,overall,2026,6524,9,Vitebsk State University P M Masherov / Витебский государственный университет П М Машерова,https://ror.org/04j6k3054,Belarus,BY,by,EU,vsu.by,49,July,top-per-country,10.6084/m9.figshare.33062150.v3,https://doi.org/10.6084/m9.figshare.33062150.v3
webometrics,2026-09-28T01:22:12+00:00,overall,2026,6527,9,University of East Sarajevo / Univerzitet u Istocnom Sarajevu / Универзитет у Источном Сарајеву,https://ror.org/022mv6k27,Bosnia & Herzegovina,BA,ba,EU,ues.rs.ba,49,July,top-per-country,10.6084/m9.figshare.33062150.v3,https://doi.org/10.6084/m9.figshare.33062150.v3
webometrics,2026-09-28T01:22:12+00:00,overall,2026,6531,1,Anton de Kom University of Suriname,https://ror.org/02m8qhj08,Suriname,SR,sr,IBC,uvs.edu,49,July,top-per-country,10.6084/m9.figshare.33062150.v3,https://doi.org/10.6084/m9.figshare.33062150.v3
webometrics,2026-09-28T01:22:12+00:00,overall,2026,6541,2,Kandahar University,https://ror.org/0157yqb81,Afghanistan,AF,af,AS,kdru.edu.af,49,July,top-per-country,10.6084/m9.figshare.33062150.v3,https://doi.org/10.6084/m9.figshare.33062150.v3
webometrics,2026-09-28T01:22:12+00:00,overall,2026,6541,8,Pan African University,https://ror.org/04r9gvy43,Cameroon,CM,cm,AF,pau-au.africa,49,July,top-per-country,10.6084/m9.figshare.33062150.v3,https://doi.org/10.6084/m9.figshare.33062150.v3
webometrics,2026-09-28T01:22:12+00:00,overall,2026,6554,7,Kathmandu Medical College,https://ror.org/00tcmr651,Nepal,NP,np,AS,kmc.edu.np,49,July,top-per-country,10.6084/m9.figshare.33062150.v3,https://doi.org/10.6084/m9.figshare.33062150.v3
webometrics,2026-09-28T01:22:12+00:00,overall,2026,6558,3,Universidade Pedagógica,https://ror.org/0331kj160,Mozambique,MZ,mz,AF,up.ac.mz,49,July,top-per-country,10.6084/m9.figshare.33062150.v3,https://doi.org/10.6084/m9.figshare.33062150.v3
webometrics,2026-09-28T01:22:12+00:00,overall,2026,6568,5,Universidad Rafael Landívar,https://ror.org/03jzm5a44,Guatemala,GT,gt,IBC,url.edu.gt,49,July,top-per-country,10.6084/m9.figshare.33062150.v3,https://doi.org/10.6084/m9.figshare.33062150.v3
webometrics,2026-09-28T01:22:12+00:00,overall,2026,6575,14,Open Polytechnic of New Zealand,https://ror.org/020ekrq71,New Zealand,NZ,nz,AU,openpolytechnic.ac.nz,49,July,top-per-country,10.6084/m9.figshare.33062150.v3,https://doi.org/10.6084/m9.figshare.33062150.v3
webometrics,2026-09-28T01:22:12+00:00,overall,2026,6591,11,Universidad Católica Andrés Bello,https://ror.org/007fpb915,Venezuela,VE,ve,IBC,ucab.edu.ve,49,July,top-per-country,10.6084/m9.figshare.33062150.v3,https://doi.org/10.6084/m9.figshare.33062150.v3
webometrics,2026-09-28T01:22:12+00:00,overall,2026,6594,6,Arab International University Damascus,https://ror.org/05skgxb48,Syria,SY,sy,AW,aiu.edu.sy,49,July,top-per-country,10.6084/m9.figshare.33062150.v3,https://doi.org/10.6084/m9.figshare.33062150.v3
webometrics,2026-09-28T01:22:12+00:00,overall,2026,6594,12,Zagreb School of Economics and Management,https://ror.org/04bqkh239,Croatia,HR,hr,EU,zsem.hr,49,July,top-per-country,10.6084/m9.figshare.33062150.v3,https://doi.org/10.6084/m9.figshare.33062150.v3
webometrics,2026-09-28T01:22:12+00:00,overall,2026,6597,8,Università Nostra Signora del Buon Consiglio Tirana / Universiteti Katolik Zoja e Këshillit të Mirë,https://ror.org/01qgdf403,Albania,AL,al,EU,unizkm.al,49,July,top-per-country,10.6084/m9.figshare.33062150.v3,https://doi.org/10.6084/m9.figshare.33062150.v3
webometrics,2026-09-28T01:22:12+00:00,overall,2026,6603,9,Stockholm School of Economics in Riga / Rīgas Ekonomikas augstskola,https://ror.org/00qaje814,Latvia,LV,lv,EU,sseriga.edu,49,July,top-per-country,10.6084/m9.figshare.33062150.v3,https://doi.org/10.6084/m9.figshare.33062150.v3
webometrics,2026-09-28T01:22:12+00:00,overall,2026,6622,5,American University of Central Asia,https://ror.org/03vvzk644,Kyrgyzstan,KG,kg,AS,auca.kg,49,July,top-per-country,10.6084/m9.figshare.33062150.v3,https://doi.org/10.6084/m9.figshare.33062150.v3
webometrics,2026-09-28T01:22:12+00:00,overall,2026,6622,14,Catholic University of Eastern Africa,https://ror.org/02jm1re07,Kenya,KE,ke,AF,cuea.edu,49,July,top-per-country,10.6084/m9.figshare.33062150.v3,https://doi.org/10.6084/m9.figshare.33062150.v3
webometrics,2026-09-28T01:22:12+00:00,overall,2026,6629,5,Botswana-Harvard AIDS Institute Partnership,https://ror.org/04rkbns44,Botswana,BW,bw,AF,bhp.org.bw,49,July,top-per-country,10.6084/m9.figshare.33062150.v3,https://doi.org/10.6084/m9.figshare.33062150.v3
webometrics,2026-09-28T01:22:12+00:00,overall,2026,6633,4,University of Health Science,https://ror.org/04jpmg381,Cambodia,KH,kh,AS,uhs.edu.kh,49,July,top-per-country,10.6084/m9.figshare.33062150.v3,https://doi.org/10.6084/m9.figshare.33062150.v3
webometrics,2026-09-28T01:22:12+00:00,overall,2026,6637,5,Royal University of Agriculture Cambodia,https://ror.org/033dmae14,Cambodia,KH,kh,AS,rua.edu.kh,49,July,top-per-country,10.6084/m9.figshare.33062150.v3,https://doi.org/10.6084/m9.figshare.33062150.v3
webometrics,2026-09-28T01:22:12+00:00,overall,2026,6637,7,Universidad de Matanzas,https://ror.org/04hk86037,Cuba,CU,cu,IBC,umcc.cu,49,July,top-per-country,10.6084/m9.figshare.33062150.v3,https://doi.org/10.6084/m9.figshare.33062150.v3
webometrics,2026-09-28T01:22:12+00:00,overall,2026,6642,2,Papua New Guinea PNG University of Technology,https://ror.org/012g45386,Papua New Guinea,PG,pg,AU,pnguot.ac.pg,49,July,top-per-country,10.6084/m9.figshare.33062150.v3,https://doi.org/10.6084/m9.figshare.33062150.v3
webometrics,2026-09-28T01:22:12+00:00,overall,2026,6650,2,Universidad Politécnica y Artistica del Paraguay,https://ror.org/00mkdrs62,Paraguay,PY,py,IBC,upap.edu.py,49,July,top-per-country,10.6084/m9.figshare.33062150.v3,https://doi.org/10.6084/m9.figshare.33062150.v3
webometrics,2026-09-28T01:22:12+00:00,overall,2026,6659,10,Vitebsk State Medical University / Витебский государственный медицинский университет,https://ror.org/02d8ecr17,Belarus,BY,by,EU,vsmu.by,49,July,top-per-country,10.6084/m9.figshare.33062150.v3,https://doi.org/10.6084/m9.figshare.33062150.v3
webometrics,2026-09-28T01:22:12+00:00,overall,2026,6662,11,Kaunas College / Kauno Kolegija,https://ror.org/03qk8fz33,Lithuania,LT,lt,EU,kaunokolegija.lt,49,July,top-per-country,10.6084/m9.figshare.33062150.v3,https://doi.org/10.6084/m9.figshare.33062150.v3
webometrics,2026-09-28T01:22:12+00:00,overall,2026,6663,3,Nangarhar University,https://ror.org/05n47cs30,Afghanistan,AF,af,AS,nu.edu.af,50,July,top-per-country,10.6084/m9.figshare.33062150.v3,https://doi.org/10.6084/m9.figshare.33062150.v3
webometrics,2026-09-28T01:22:12+00:00,overall,2026,6670,9,Université de Yaoundé II,https://ror.org/0479azd18,Cameroon,CM,cm,AF,univ-yaounde2.org,50,July,top-per-country,10.6084/m9.figshare.33062150.v3,https://doi.org/10.6084/m9.figshare.33062150.v3
webometrics,2026-09-28T01:22:12+00:00,overall,2026,6688,3,University of Fiji,https://ror.org/0008bt423,Fiji,FJ,fj,AU,unifiji.ac.fj,50,July,top-per-country,10.6084/m9.figshare.33062150.v3,https://doi.org/10.6084/m9.figshare.33062150.v3
webometrics,2026-09-28T01:22:12+00:00,overall,2026,6697,9,Aljanad University for Science & Technology,https://ror.org/05ngpb650,Yemen,YE,ye,AW,just.edu.ye,50,July,top-per-country,10.6084/m9.figshare.33062150.v3,https://doi.org/10.6084/m9.figshare.33062150.v3
webometrics,2026-09-28T01:22:12+00:00,overall,2026,6703,7,Libyan International Medical University,https://ror.org/04ftkte05,Libya,LY,ly,AW,limu.edu.ly,50,July,top-per-country,10.6084/m9.figshare.33062150.v3,https://doi.org/10.6084/m9.figshare.33062150.v3
webometrics,2026-09-28T01:22:12+00:00,overall,2026,6707,7,Syrian Virtual University,https://ror.org/043vmz451,Syria,SY,sy,AW,svuonline.org,50,July,top-per-country,10.6084/m9.figshare.33062150.v3,https://doi.org/10.6084/m9.figshare.33062150.v3
webometrics,2026-09-28T01:22:12+00:00,overall,2026,6711,9,University Aleksander Xhuvani Elbasan / Universiteti Aleksand ë r Xhuvani Elbasan,https://ror.org/03c19jm06,Albania,AL,al,EU,uniel.edu.al,50,July,top-per-country,10.6084/m9.figshare.33062150.v3,https://doi.org/10.6084/m9.figshare.33062150.v3
webometrics,2026-09-28T01:22:12+00:00,overall,2026,6722,9,Educons University Sremska Kamenica / Edukons univerzitet,https://ror.org/037vhb936,Serbia,RS,rs,EU,educons.edu.rs,50,July,top-per-country,10.6084/m9.figshare.33062150.v3,https://doi.org/10.6084/m9.figshare.33062150.v3
webometrics,2026-09-28T01:22:12+00:00,overall,2026,6730,12,Universidad de Oriente Venezuela,https://ror.org/03xygw105,Venezuela,VE,ve,IBC,udo.edu.ve,50,July,top-per-country,10.6084/m9.figshare.33062150.v3,https://doi.org/10.6084/m9.figshare.33062150.v3
webometrics,2026-09-28T01:22:12+00:00,overall,2026,6762,3,Universidad Tecnológica de El Salvador,https://ror.org/01jmr1174,El Salvador,SV,sv,IBC,utec.edu.sv,50,July,top-per-country,10.6084/m9.figshare.33062150.v3,https://doi.org/10.6084/m9.figshare.33062150.v3
webometrics,2026-09-28T01:22:12+00:00,overall,2026,6766,12,LCC International University / LCC tarptautinis universitetas,https://ror.org/01rqcwn02,Lithuania,LT,lt,EU,lcc.lt,50,July,top-per-country,10.6084/m9.figshare.33062150.v3,https://doi.org/10.6084/m9.figshare.33062150.v3
webometrics,2026-09-28T01:22:12+00:00,overall,2026,6771,8,Arab Open University Bahrain,https://ror.org/02yyxkw16,Bahrain,BH,bh,AW,aou.org.bh,50,July,top-per-country,10.6084/m9.figshare.33062150.v3,https://doi.org/10.6084/m9.figshare.33062150.v3
webometrics,2026-09-28T01:22:12+00:00,overall,2026,6777,8,Polytechnic University of Puerto Rico San Juan,https://ror.org/01b8jmq89,Puerto Rico,PR,pr,IBC,pupr.edu,50,July,top-per-country,10.6084/m9.figshare.33062150.v3,https://doi.org/10.6084/m9.figshare.33062150.v3
webometrics,2026-09-28T01:22:12+00:00,overall,2026,6795,13,Odlar Yurdu University / Odlar Yurdu Universiteti,https://ror.org/00sew4x53,Azerbaijan,AZ,az,EU,oyu.edu.az,50,July,top-per-country,10.6084/m9.figshare.33062150.v3,https://doi.org/10.6084/m9.figshare.33062150.v3
webometrics,2026-09-28T01:22:12+00:00,overall,2026,6799,8,Institut Supérieur des Sciences Appliquees et de Technologie Damascus,https://ror.org/009qm7w92,Syria,SY,sy,AW,hiast.edu.sy,50,July,top-per-country,10.6084/m9.figshare.33062150.v3,https://doi.org/10.6084/m9.figshare.33062150.v3
webometrics,2026-09-28T01:22:12+00:00,overall,2026,6803,7,Africa University,https://ror.org/04dj2za52,Zimbabwe,ZW,zw,AF,africau.edu,50,July,top-per-country,10.6084/m9.figshare.33062150.v3,https://doi.org/10.6084/m9.figshare.33062150.v3
webometrics,2026-09-28T01:22:12+00:00,overall,2026,6811,11,Grodno State Medical University / Гродненский государственный медицинский университет,https://ror.org/039ryp971,Belarus,BY,by,EU,grsmu.by,50,July,top-per-country,10.6084/m9.figshare.33062150.v3,https://doi.org/10.6084/m9.figshare.33062150.v3
webometrics,2026-09-28T01:22:12+00:00,overall,2026,6817,6,Red Sea University,https://ror.org/04k46b490,Sudan,SD,sd,AW,rsu.edu.sd,50,July,top-per-country,10.6084/m9.figshare.33062150.v3,https://doi.org/10.6084/m9.figshare.33062150.v3
webometrics,2026-09-28T01:22:12+00:00,overall,2026,6817,10,Islamic University of Lebanon,https://ror.org/040eqhp13,Lebanon,LB,lb,AW,iul.edu.lb,50,July,top-per-country,10.6084/m9.figshare.33062150.v3,https://doi.org/10.6084/m9.figshare.33062150.v3
webometrics,2026-09-28T01:22:12+00:00,overall,2026,6819,8,Purbanchal University,https://ror.org/0353fsq42,Nepal,NP,np,AS,purbanchaluniversity.edu.np,50,July,top-per-country,10.6084/m9.figshare.33062150.v3,https://doi.org/10.6084/m9.figshare.33062150.v3
webometrics,2026-09-28T01:22:12+00:00,overall,2026,6828,9,Universidad Autónoma del Beni José Ballivián,https://ror.org/03ztnr397,Bolivia,BO,bo,IBC,uabjb.edu.bo,50,July,top-per-country,10.6084/m9.figshare.33062150.v3,https://doi.org/10.6084/m9.figshare.33062150.v3
webometrics,2026-09-28T01:22:12+00:00,overall,2026,6831,10,Université Catholique d'Afrique Centrale,https://ror.org/03q0dfp67,Cameroon,CM,cm,AF,ucac-icy.net,50,July,top-per-country,10.6084/m9.figshare.33062150.v3,https://doi.org/10.6084/m9.figshare.33062150.v3
webometrics,2026-09-28T01:22:12+00:00,overall,2026,6834,1,Université d'Etat d'Haiti,https://ror.org/007h7f935,Haiti,HT,ht,IBC,ueh.edu.ht,50,July,top-per-country,10.6084/m9.figshare.33062150.v3,https://doi.org/10.6084/m9.figshare.33062150.v3
webometrics,2026-09-28T01:22:12+00:00,overall,2026,6840,15,Auckland Institute of Studies,https://ror.org/0090kax79,New Zealand,NZ,nz,AU,ais.ac.nz,50,July,top-per-country,10.6084/m9.figshare.33062150.v3,https://doi.org/10.6084/m9.figshare.33062150.v3
webometrics,2026-09-28T01:22:12+00:00,overall,2026,6854,8,Universidad de las Ciencias Informáticas,https://ror.org/022camr20,Cuba,CU,cu,IBC,uci.cu,50,July,top-per-country,10.6084/m9.figshare.33062150.v3,https://doi.org/10.6084/m9.figshare.33062150.v3
webometrics,2026-09-28T01:22:12+00:00,overall,2026,6854,13,Arab Open University Oman,https://ror.org/04dqhen73,Oman,OM,om,AW,aou.edu.om,50,July,top-per-country,10.6084/m9.figshare.33062150.v3,https://doi.org/10.6084/m9.figshare.33062150.v3
webometrics,2026-09-28T01:22:12+00:00,overall,2026,6869,9,Universidad Internacional Iberoamericana UNINI Puerto Rico,https://ror.org/00epbns71,Puerto Rico,PR,pr,IBC,unib.org,50,July,top-per-country,10.6084/m9.figshare.33062150.v3,https://doi.org/10.6084/m9.figshare.33062150.v3
webometrics,2026-09-28T01:22:12+00:00,overall,2026,6872,7,International University of Africa,https://ror.org/029jt9a82,Sudan,SD,sd,AW,iua.edu.sd,50,July,top-per-country,10.6084/m9.figshare.33062150.v3,https://doi.org/10.6084/m9.figshare.33062150.v3
webometrics,2026-09-28T01:22:12+00:00,overall,2026,6875,9,Chitwan Medical College,https://ror.org/009fgen45,Nepal,NP,np,AS,cmc.edu.np,50,July,top-per-country,10.6084/m9.figshare.33062150.v3,https://doi.org/10.6084/m9.figshare.33062150.v3
webometrics,2026-09-28T01:22:12+00:00,overall,2026,6881,7,Batumi Shota Rustaveli State University,https://ror.org/0212gyx73,Georgia,GE,ge,EU,bsu.edu.ge,50,July,top-per-country,10.6084/m9.figshare.33062150.v3,https://doi.org/10.6084/m9.figshare.33062150.v3
webometrics,2026-09-28T01:22:12+00:00,overall,2026,6886,1,(4) Windsor University School of Medicine,https://ror.org/05qh0gq94,St. Kitts & Nevis,KN,kn,IBC,windsor.edu,50,July,top-per-country,10.6084/m9.figshare.33062150.v3,https://doi.org/10.6084/m9.figshare.33062150.v3
webometrics,2026-09-28T01:22:12+00:00,overall,2026,6901,9,Virginia Commonwealth University in Qatar,https://ror.org/00k6x1e94,Qatar,QA,qa,AW,qatar.vcu.edu,51,July,top-per-country,10.6084/m9.figshare.33062150.v3,https://doi.org/10.6084/m9.figshare.33062150.v3
webometrics,2026-09-28T01:22:12+00:00,overall,2026,6905,1,Universidade Agostinho Neto,https://ror.org/0057ag334,Angola,AO,ao,AF,uan.ao,51,July,top-per-country,10.6084/m9.figshare.33062150.v3,https://doi.org/10.6084/m9.figshare.33062150.v3
webometrics,2026-09-28T01:22:12+00:00,overall,2026,6907,3,Universidad del Pacífico Paraguay,https://ror.org/03z0f3m78,Paraguay,PY,py,IBC,upacifico.edu.py,51,July,top-per-country,10.6084/m9.figshare.33062150.v3,https://doi.org/10.6084/m9.figshare.33062150.v3
webometrics,2026-09-28T01:22:12+00:00,overall,2026,6921,2,University of Technology Mauritius,https://ror.org/030111688,Mauritius,MU,mu,AF,utm.ac.mu,51,July,top-per-country,10.6084/m9.figshare.33062150.v3,https://doi.org/10.6084/m9.figshare.33062150.v3
webometrics,2026-09-28T01:22:12+00:00,overall,2026,6921,8,Universidad Earth Costa Rica,https://ror.org/05byh2e17,Costa Rica,CR,cr,IBC,earth.ac.cr,51,July,top-per-country,10.6084/m9.figshare.33062150.v3,https://doi.org/10.6084/m9.figshare.33062150.v3
webometrics,2026-09-28T01:22:12+00:00,overall,2026,6921,10,Baltic International Academy / Baltijas Starptautiskā akadēmija / Балтийская Международная Академия,https://ror.org/02r52cf76,Latvia,LV,lv,EU,bsa.edu.lv,51,July,top-per-country,10.6084/m9.figshare.33062150.v3,https://doi.org/10.6084/m9.figshare.33062150.v3
webometrics,2026-09-28T01:22:12+00:00,overall,2026,6942,2,ESCP Europe Business School,https://ror.org/040hhjv66,International,,int,EU,escp.eu,51,July,top-per-country,10.6084/m9.figshare.33062150.v3,https://doi.org/10.6084/m9.figshare.33062150.v3
webometrics,2026-09-28T01:22:12+00:00,overall,2026,6954,10,Queen Arwa University,https://ror.org/03ygqq617,Yemen,YE,ye,AW,qau.edu.ye,51,July,top-per-country,10.6084/m9.figshare.33062150.v3,https://doi.org/10.6084/m9.figshare.33062150.v3
webometrics,2026-09-28T01:22:12+00:00,overall,2026,6966,4,Universidade Católica de Moçambique,https://ror.org/010va4625,Mozambique,MZ,mz,AF,ucm.ac.mz,51,July,top-per-country,10.6084/m9.figshare.33062150.v3,https://doi.org/10.6084/m9.figshare.33062150.v3
webometrics,2026-09-28T01:22:12+00:00,overall,2026,6978,11,Turiba University/ Biznesa augstskola Turība,https://ror.org/01hhj0x41,Latvia,LV,lv,EU,turiba.lv,51,July,top-per-country,10.6084/m9.figshare.33062150.v3,https://doi.org/10.6084/m9.figshare.33062150.v3
webometrics,2026-09-28T01:22:12+00:00,overall,2026,6980,9,Universidad de Ciego de Ávila Máximo Gómez Báez,https://ror.org/00zhs8v21,Cuba,CU,cu,IBC,unica.cu,51,July,top-per-country,10.6084/m9.figshare.33062150.v3,https://doi.org/10.6084/m9.figshare.33062150.v3
webometrics,2026-09-28T01:22:12+00:00,overall,2026,6985,9,Universidad de Ciencias Medicas de Centro América,https://ror.org/033fgr632,Costa Rica,CR,cr,IBC,ucimed.com,51,July,top-per-country,10.6084/m9.figshare.33062150.v3,https://doi.org/10.6084/m9.figshare.33062150.v3
webometrics,2026-09-28T01:22:12+00:00,overall,2026,6990,4,Universidad Católica Nuestra Señora de la Asunción,https://ror.org/04jjna482,Paraguay,PY,py,IBC,universidadcatolica.edu.py,51,July,top-per-country,10.6084/m9.figshare.33062150.v3,https://doi.org/10.6084/m9.figshare.33062150.v3
webometrics,2026-09-28T01:22:12+00:00,overall,2026,7007,1,National University of Samoa,https://ror.org/006pnw132,Samoa,WS,ws,AU,nus.edu.ws,51,July,top-per-country,10.6084/m9.figshare.33062150.v3,https://doi.org/10.6084/m9.figshare.33062150.v3
webometrics,2026-09-28T01:22:12+00:00,overall,2026,7022,3,Université Nangui Abrogoua,https://ror.org/0462xwv27,Côte d’Ivoire,CI,ci,AF,univ-na.ci,51,July,top-per-country,10.6084/m9.figshare.33062150.v3,https://doi.org/10.6084/m9.figshare.33062150.v3
webometrics,2026-09-28T01:22:12+00:00,overall,2026,7028,6,National Polytechnic University of Armenia,https://ror.org/007b9cn27,Armenia,AM,am,EU,polytech.am,51,July,top-per-country,10.6084/m9.figshare.33062150.v3,https://doi.org/10.6084/m9.figshare.33062150.v3
webometrics,2026-09-28T01:22:12+00:00,overall,2026,7028,10,College of Medical Sciences Nepal,https://ror.org/01f4y0525,Nepal,NP,np,AS,cmsnepal.edu.np,51,July,top-per-country,10.6084/m9.figshare.33062150.v3,https://doi.org/10.6084/m9.figshare.33062150.v3
webometrics,2026-09-28T01:22:12+00:00,overall,2026,7028,11,Far Western University,https://ror.org/041fs4c33,Nepal,NP,np,AS,fwu.edu.np,51,July,top-per-country,10.6084/m9.figshare.33062150.v3,https://doi.org/10.6084/m9.figshare.33062150.v3
webometrics,2026-09-28T01:22:12+00:00,overall,2026,7036,13,Duke-NUS Graduate Medical School Singapore,https://ror.org/02j1m6098,Singapore,SG,sg,AS,duke-nus.edu.sg,51,July,top-per-country,10.6084/m9.figshare.33062150.v3,https://doi.org/10.6084/m9.figshare.33062150.v3
webometrics,2026-09-28T01:22:12+00:00,overall,2026,7045,8,University of Bahri (University of Juba Khartoum),https://ror.org/05jds5x60,Sudan,SD,sd,AW,bahri.edu.sd,51,July,top-per-country,10.6084/m9.figshare.33062150.v3,https://doi.org/10.6084/m9.figshare.33062150.v3
webometrics,2026-09-28T01:22:12+00:00,overall,2026,7056,8,Harare Institute Technology,https://ror.org/02e7r0h80,Zimbabwe,ZW,zw,AF,hit.ac.zw,51,July,top-per-country,10.6084/m9.figshare.33062150.v3,https://doi.org/10.6084/m9.figshare.33062150.v3
webometrics,2026-09-28T01:22:12+00:00,overall,2026,7062,4,Herat University,https://ror.org/050zs3956,Afghanistan,AF,af,AS,hu.edu.af,51,July,top-per-country,10.6084/m9.figshare.33062150.v3,https://doi.org/10.6084/m9.figshare.33062150.v3
webometrics,2026-09-28T01:22:12+00:00,overall,2026,7071,10,Universidad de Granma,https://ror.org/0488pxx86,Cuba,CU,cu,IBC,udg.co.cu,51,July,top-per-country,10.6084/m9.figshare.33062150.v3,https://doi.org/10.6084/m9.figshare.33062150.v3
webometrics,2026-09-28T01:22:12+00:00,overall,2026,7083,4,Universidad Don Bosco El Salvador,https://ror.org/01k8z5j70,El Salvador,SV,sv,IBC,udb.edu.sv,51,July,top-per-country,10.6084/m9.figshare.33062150.v3,https://doi.org/10.6084/m9.figshare.33062150.v3
webometrics,2026-09-28T01:22:12+00:00,overall,2026,7092,8,University of Elmergib,https://ror.org/056mwwj30,Libya,LY,ly,AW,elmergib.edu.ly,51,July,top-per-country,10.6084/m9.figshare.33062150.v3,https://doi.org/10.6084/m9.figshare.33062150.v3
webometrics,2026-09-28T01:22:12+00:00,overall,2026,7097,1,University of Seychelles,https://ror.org/0461r7q95,Seychelles,SC,sc,AF,unisey.ac.sc,51,July,top-per-country,10.6084/m9.figshare.33062150.v3,https://doi.org/10.6084/m9.figshare.33062150.v3
webometrics,2026-09-28T01:22:12+00:00,overall,2026,7105,6,International University of Kyrgyzstan,https://ror.org/04730q569,Kyrgyzstan,KG,kg,AS,iuk.kg,51,July,top-per-country,10.6084/m9.figshare.33062150.v3,https://doi.org/10.6084/m9.figshare.33062150.v3
webometrics,2026-09-28T01:22:12+00:00,overall,2026,7129,12,Polotsk State University / Полоцкий государственный университет,https://ror.org/03nhq5b06,Belarus,BY,by,EU,psu.by,51,July,top-per-country,10.6084/m9.figshare.33062150.v3,https://doi.org/10.6084/m9.figshare.33062150.v3
webometrics,2026-09-28T01:22:12+00:00,overall,2026,7132,10,University Europian i Tiranes / Universiteti Europian i Tiranës,https://ror.org/05r7c5x85,Albania,AL,al,EU,uet.edu.al,51,July,top-per-country,10.6084/m9.figshare.33062150.v3,https://doi.org/10.6084/m9.figshare.33062150.v3
webometrics,2026-09-28T01:22:12+00:00,overall,2026,7137,2,Amoud University Borama,https://ror.org/034a2ss16,Somalia,SO,so,AW,amouduniversity.org,51,July,top-per-country,10.6084/m9.figshare.33062150.v3,https://doi.org/10.6084/m9.figshare.33062150.v3
webometrics,2026-09-28T01:22:12+00:00,overall,2026,7142,6,Universidad Tecnológica del Sur,https://ror.org/014xjce10,Dominican Republic,DO,do,IBC,utesur.edu.do,51,July,top-per-country,10.6084/m9.figshare.33062150.v3,https://doi.org/10.6084/m9.figshare.33062150.v3
webometrics,2026-09-28T01:22:12+00:00,overall,2026,7145,1,Tajik National University,https://ror.org/04bccg972,Tajikistan,TJ,tj,AS,tnu.tj,51,July,top-per-country,10.6084/m9.figshare.33062150.v3,https://doi.org/10.6084/m9.figshare.33062150.v3
webometrics,2026-09-28T01:22:12+00:00,overall,2026,7154,3,Mogadishu University,https://ror.org/025zbpk71,Somalia,SO,so,AW,mu.edu.so,52,July,top-per-country,10.6084/m9.figshare.33062150.v3,https://doi.org/10.6084/m9.figshare.33062150.v3
webometrics,2026-09-28T01:22:12+00:00,overall,2026,7160,2,Université Nazi Boni,https://ror.org/04cq90n15,Burkina Faso,BF,bf,AF,univ-bobo.gov.bf,52,July,top-per-country,10.6084/m9.figshare.33062150.v3,https://doi.org/10.6084/m9.figshare.33062150.v3
webometrics,2026-09-28T01:22:12+00:00,overall,2026,7160,6,Universidad Mariano Gálvez de Guatemala,https://ror.org/047a24r47,Guatemala,GT,gt,IBC,umg.edu.gt,52,July,top-per-country,10.6084/m9.figshare.33062150.v3,https://doi.org/10.6084/m9.figshare.33062150.v3
webometrics,2026-09-28T01:22:12+00:00,overall,2026,7169,1,(4) Saint Matthews University,https://ror.org/00wtwp073,Cayman Islands,KY,ky,IBC,stmatthews.edu,52,July,top-per-country,10.6084/m9.figshare.33062150.v3,https://doi.org/10.6084/m9.figshare.33062150.v3
webometrics,2026-09-28T01:22:12+00:00,overall,2026,7169,10,University for Peace,https://ror.org/00cxrw595,Costa Rica,CR,cr,IBC,upeace.org,52,July,top-per-country,10.6084/m9.figshare.33062150.v3,https://doi.org/10.6084/m9.figshare.33062150.v3
webometrics,2026-09-28T01:22:12+00:00,overall,2026,7172,11,Mountains of the Moon University,https://ror.org/03s5r1026,Uganda,UG,ug,AF,mmu.ac.ug,52,July,top-per-country,10.6084/m9.figshare.33062150.v3,https://doi.org/10.6084/m9.figshare.33062150.v3
webometrics,2026-09-28T01:22:12+00:00,overall,2026,7176,9,Lupane State University,https://ror.org/05fzhrv79,Zimbabwe,ZW,zw,AF,lsu.ac.zw,52,July,top-per-country,10.6084/m9.figshare.33062150.v3,https://doi.org/10.6084/m9.figshare.33062150.v3
webometrics,2026-09-28T01:22:12+00:00,overall,2026,7182,10,Zimbabwe Open University,https://ror.org/05kyrk544,Zimbabwe,ZW,zw,AF,zou.ac.zw,52,July,top-per-country,10.6084/m9.figshare.33062150.v3,https://doi.org/10.6084/m9.figshare.33062150.v3
webometrics,2026-09-28T01:22:12+00:00,overall,2026,7194,5,Balkh University,https://ror.org/059zvbg42,Afghanistan,AF,af,AS,ba.edu.af,52,July,top-per-country,10.6084/m9.figshare.33062150.v3,https://doi.org/10.6084/m9.figshare.33062150.v3
webometrics,2026-09-28T01:22:12+00:00,overall,2026,7196,2,(4) University of Medicine and Health Sciences UMHS,https://ror.org/01p6z3b24,St. Kitts & Nevis,KN,kn,IBC,umhs-sk.org,52,July,top-per-country,10.6084/m9.figshare.33062150.v3,https://doi.org/10.6084/m9.figshare.33062150.v3
webometrics,2026-09-28T01:22:12+00:00,overall,2026,7199,6,Polytechnical University of Kabul,https://ror.org/0451w9n55,Afghanistan,AF,af,AS,kpu.edu.af,52,July,top-per-country,10.6084/m9.figshare.33062150.v3,https://doi.org/10.6084/m9.figshare.33062150.v3
webometrics,2026-09-28T01:22:12+00:00,overall,2026,7202,13,Universidad Nacional Experimental de Guayana,https://ror.org/00qseeb08,Venezuela,VE,ve,IBC,uneg.edu.ve,52,July,top-per-country,10.6084/m9.figshare.33062150.v3,https://doi.org/10.6084/m9.figshare.33062150.v3
webometrics,2026-09-28T01:22:12+00:00,overall,2026,7217,1,Université de Bangui,https://ror.org/020q46z35,Central African Republic,CF,cf,AF,univ-bangui.org,52,July,top-per-country,10.6084/m9.figshare.33062150.v3,https://doi.org/10.6084/m9.figshare.33062150.v3
webometrics,2026-09-28T01:22:12+00:00,overall,2026,7217,11,University of New York Tirana / Universiteti i New York - ut në Tiranë,https://ror.org/01d3tej48,Albania,AL,al,EU,unyt.edu.al,52,July,top-per-country,10.6084/m9.figshare.33062150.v3,https://doi.org/10.6084/m9.figshare.33062150.v3
webometrics,2026-09-28T01:22:12+00:00,overall,2026,7225,14,Azerbaijan State Pedagogical University / Az ərbaycan Dövlət Pedaqoji Universiteti,https://ror.org/058e7px26,Azerbaijan,AZ,az,EU,adpu.edu.az,52,July,top-per-country,10.6084/m9.figshare.33062150.v3,https://doi.org/10.6084/m9.figshare.33062150.v3
webometrics,2026-09-28T01:22:12+00:00,overall,2026,7235,10,Carnegie Mellon University in Qatar,https://ror.org/00az5dt38,Qatar,QA,qa,AW,qatar.cmu.edu,52,July,top-per-country,10.6084/m9.figshare.33062150.v3,https://doi.org/10.6084/m9.figshare.33062150.v3
webometrics,2026-09-28T01:22:12+00:00,overall,2026,7237,10,Universidad del Sagrado Corazón,https://ror.org/03cxxnd48,Puerto Rico,PR,pr,IBC,sagrado.edu,52,July,top-per-country,10.6084/m9.figshare.33062150.v3,https://doi.org/10.6084/m9.figshare.33062150.v3
webometrics,2026-09-28T01:22:12+00:00,overall,2026,7241,5,Bifrost University / Háskólinn á Bifröst,https://ror.org/049m34h22,Iceland,IS,is,EU,bifrost.is,52,July,top-per-country,10.6084/m9.figshare.33062150.v3,https://doi.org/10.6084/m9.figshare.33062150.v3
webometrics,2026-09-28T01:22:12+00:00,overall,2026,7244,7,Armenian State University of Economics,https://ror.org/01e6gz331,Armenia,AM,am,EU,asue.am,52,July,top-per-country,10.6084/m9.figshare.33062150.v3,https://doi.org/10.6084/m9.figshare.33062150.v3
webometrics,2026-09-28T01:22:12+00:00,overall,2026,7248,9,University College of Bahrain,https://ror.org/00m2z1b30,Bahrain,BH,bh,AW,ucb.edu.bh,52,July,top-per-country,10.6084/m9.figshare.33062150.v3,https://doi.org/10.6084/m9.figshare.33062150.v3
webometrics,2026-09-28T01:22:12+00:00,overall,2026,7248,12,Albanian University (University Ufo Dental) / Universiteti Privat Albanian University,https://ror.org/02f8a6404,Albania,AL,al,EU,albanianuniversity.edu.al,52,July,top-per-country,10.6084/m9.figshare.33062150.v3,https://doi.org/10.6084/m9.figshare.33062150.v3
webometrics,2026-09-28T01:22:12+00:00,overall,2026,7256,3,Le Cordon Bleu,https://ror.org/01pfpr664,International,,int,INT,cordonbleu.edu,52,July,top-per-country,10.6084/m9.figshare.33062150.v3,https://doi.org/10.6084/m9.figshare.33062150.v3
webometrics,2026-09-28T01:22:12+00:00,overall,2026,7268,15,Daystar University,https://ror.org/01qmtv077,Kenya,KE,ke,AF,daystar.ac.ke,52,July,top-per-country,10.6084/m9.figshare.33062150.v3,https://doi.org/10.6084/m9.figshare.33062150.v3
webometrics,2026-09-28T01:22:12+00:00,overall,2026,7271,12,Ndejje University,https://ror.org/00nmq1179,Uganda,UG,ug,AF,ndejjeuniversity.ac.ug,52,July,top-per-country,10.6084/m9.figshare.33062150.v3,https://doi.org/10.6084/m9.figshare.33062150.v3
webometrics,2026-09-28T01:22:12+00:00,overall,2026,7273,9,Nile Valley University,https://ror.org/028gajb68,Sudan,SD,sd,AW,nilevalley.edu.sd,52,July,top-per-country,10.6084/m9.figshare.33062150.v3,https://doi.org/10.6084/m9.figshare.33062150.v3
webometrics,2026-09-28T01:22:12+00:00,overall,2026,7281,8,Free University of Tbilisi,https://ror.org/05rr3y439,Georgia,GE,ge,EU,freeuni.edu.ge,52,July,top-per-country,10.6084/m9.figshare.33062150.v3,https://doi.org/10.6084/m9.figshare.33062150.v3
webometrics,2026-09-28T01:22:12+00:00,overall,2026,7282,11,Amran University,https://ror.org/055y2t972,Yemen,YE,ye,AW,amu.edu.ye,52,July,top-per-country,10.6084/m9.figshare.33062150.v3,https://doi.org/10.6084/m9.figshare.33062150.v3
webometrics,2026-09-28T01:22:12+00:00,overall,2026,7286,5,Universidad Nacional del Este,https://ror.org/00xwv4z20,Paraguay,PY,py,IBC,une.edu.py,52,July,top-per-country,10.6084/m9.figshare.33062150.v3,https://doi.org/10.6084/m9.figshare.33062150.v3
webometrics,2026-09-28T01:22:12+00:00,overall,2026,7288,10,Military Medical Academy Serbia,https://ror.org/04dt6a039,Serbia,RS,rs,EU,vma.mod.gov.rs,52,July,top-per-country,10.6084/m9.figshare.33062150.v3,https://doi.org/10.6084/m9.figshare.33062150.v3
webometrics,2026-09-28T01:22:12+00:00,overall,2026,7298,12,Al Razi University Yemen,https://ror.org/04rrnb020,Yemen,YE,ye,AW,alraziuni.edu.ye,52,July,top-per-country,10.6084/m9.figshare.33062150.v3,https://doi.org/10.6084/m9.figshare.33062150.v3
webometrics,2026-09-28T01:22:12+00:00,overall,2026,7300,3,University of Goroka,https://ror.org/044qb6z05,Papua New Guinea,PG,pg,AU,unigoroka.ac.pg,52,July,top-per-country,10.6084/m9.figshare.33062150.v3,https://doi.org/10.6084/m9.figshare.33062150.v3
webometrics,2026-09-28T01:22:12+00:00,overall,2026,7304,3,Universidad Autónoma de Chiriquí,https://ror.org/05s3rh916,Panama,PA,pa,IBC,unachi.ac.pa,53,July,top-per-country,10.6084/m9.figshare.33062150.v3,https://doi.org/10.6084/m9.figshare.33062150.v3
webometrics,2026-09-28T01:22:12+00:00,overall,2026,7304,8,National University of Architecture and Construction of Armenia,https://ror.org/002s77n28,Armenia,AM,am,EU,nuaca.am,53,July,top-per-country,10.6084/m9.figshare.33062150.v3,https://doi.org/10.6084/m9.figshare.33062150.v3
webometrics,2026-09-28T01:22:12+00:00,overall,2026,7315,9,Agricultural University of Georgia,https://ror.org/01mdqeh78,Georgia,GE,ge,EU,agruni.edu.ge,53,July,top-per-country,10.6084/m9.figshare.33062150.v3,https://doi.org/10.6084/m9.figshare.33062150.v3
webometrics,2026-09-28T01:22:12+00:00,overall,2026,7331,10,University of Kordofan,https://ror.org/04zfq3f98,Sudan,SD,sd,AW,kordofan.edu.sd,53,July,top-per-country,10.6084/m9.figshare.33062150.v3,https://doi.org/10.6084/m9.figshare.33062150.v3
webometrics,2026-09-28T01:22:12+00:00,overall,2026,7331,13,Canadian Institute of Technology,https://ror.org/007zp0p53,Albania,AL,al,EU,cit.edu.al,53,July,top-per-country,10.6084/m9.figshare.33062150.v3,https://doi.org/10.6084/m9.figshare.33062150.v3
webometrics,2026-09-28T01:22:12+00:00,overall,2026,7334,3,Université Assane Seck de Ziguinchor,https://ror.org/01xprs690,Senegal,SN,sn,AF,uasz.sn,53,July,top-per-country,10.6084/m9.figshare.33062150.v3,https://doi.org/10.6084/m9.figshare.33062150.v3
webometrics,2026-09-28T01:22:12+00:00,overall,2026,7345,7,Universidad Tecnológica de Santiago,https://ror.org/03az81r49,Dominican Republic,DO,do,IBC,utesa.edu,53,July,top-per-country,10.6084/m9.figshare.33062150.v3,https://doi.org/10.6084/m9.figshare.33062150.v3
webometrics,2026-09-28T01:22:12+00:00,overall,2026,7369,4,University of Lusaka,https://ror.org/00603mc70,Zambia,ZM,zm,AF,unilus.ac.zm,53,July,top-per-country,10.6084/m9.figshare.33062150.v3,https://doi.org/10.6084/m9.figshare.33062150.v3
webometrics,2026-09-28T01:22:12+00:00,overall,2026,7383,11,National University Sudan,https://ror.org/003r3cg42,Sudan,SD,sd,AW,nu.edu.sd,53,July,top-per-country,10.6084/m9.figshare.33062150.v3,https://doi.org/10.6084/m9.figshare.33062150.v3
webometrics,2026-09-28T01:22:12+00:00,overall,2026,7394,12,Alzaiem Alazhari University,https://ror.org/01j7x7d84,Sudan,SD,sd,AW,aau.edu.sd,53,July,top-per-country,10.6084/m9.figshare.33062150.v3,https://doi.org/10.6084/m9.figshare.33062150.v3
webometrics,2026-09-28T01:22:12+00:00,overall,2026,7408,11,University of Pristina (Serbian language in Mitrovica) / Универзитет у Приштини / Univerzitet u Prištini Kosovska Mitrovica,https://ror.org/050p80d78,Serbia,RS,rs,EU,pr.ac.rs,53,July,top-per-country,10.6084/m9.figshare.33062150.v3,https://doi.org/10.6084/m9.figshare.33062150.v3
webometrics,2026-09-28T01:22:12+00:00,overall,2026,7420,1,Université Abdou Moumouni de Niamey,https://ror.org/05tj8pb04,Niger,NE,ne,AF,uam.edu.ne,53,July,top-per-country,10.6084/m9.figshare.33062150.v3,https://doi.org/10.6084/m9.figshare.33062150.v3
webometrics,2026-09-28T01:22:12+00:00,overall,2026,7426,2,Kim Chak University of Technology / 김책공업종합대학,https://ror.org/04vew1z32,North Korea,KP,kp,AS,kut.edu.kp,53,July,top-per-country,10.6084/m9.figshare.33062150.v3,https://doi.org/10.6084/m9.figshare.33062150.v3
webometrics,2026-09-28T01:22:12+00:00,overall,2026,7426,13,Belarusian - Russian University / Белорусско - Российский университет,https://ror.org/0551qsw90,Belarus,BY,by,EU,bru.by,53,July,top-per-country,10.6084/m9.figshare.33062150.v3,https://doi.org/10.6084/m9.figshare.33062150.v3
webometrics,2026-09-28T01:22:12+00:00,overall,2026,7441,6,University of Cambodia,https://ror.org/025e3rc84,Cambodia,KH,kh,AS,uc.edu.kh,53,July,top-per-country,10.6084/m9.figshare.33062150.v3,https://doi.org/10.6084/m9.figshare.33062150.v3
webometrics,2026-09-28T01:22:12+00:00,overall,2026,7451,4,University of Hargeisa,https://ror.org/023tegq12,Somalia,SO,so,AW,uoh-edu.net,53,July,top-per-country,10.6084/m9.figshare.33062150.v3,https://doi.org/10.6084/m9.figshare.33062150.v3
webometrics,2026-09-28T01:22:12+00:00,overall,2026,7451,8,Instituto Superior de Formación Docente Salomé Ureña ISFODOSU,https://ror.org/00taf6c38,Dominican Republic,DO,do,IBC,isfodosu.edu.do,53,July,top-per-country,10.6084/m9.figshare.33062150.v3,https://doi.org/10.6084/m9.figshare.33062150.v3
webometrics,2026-09-28T01:22:12+00:00,overall,2026,7474,2,LUNEX University,https://ror.org/00cfy0294,Luxembourg,LU,lu,EU,lunex.lu,53,July,top-per-country,10.6084/m9.figshare.33062150.v3,https://doi.org/10.6084/m9.figshare.33062150.v3
webometrics,2026-09-28T01:22:12+00:00,overall,2026,7474,11,Université Antonine,https://ror.org/03gc39678,Lebanon,LB,lb,AW,ua.edu.lb,53,July,top-per-country,10.6084/m9.figshare.33062150.v3,https://doi.org/10.6084/m9.figshare.33062150.v3
webometrics,2026-09-28T01:22:12+00:00,overall,2026,7486,14,Singapore University of Social Sciences SUSS (SIM University),https://ror.org/01s57k749,Singapore,SG,sg,AS,suss.edu.sg,53,July,top-per-country,10.6084/m9.figshare.33062150.v3,https://doi.org/10.6084/m9.figshare.33062150.v3
webometrics,2026-09-28T01:22:12+00:00,overall,2026,7488,2,University of Health Sciences Lao,https://ror.org/02azxx136,Laos,LA,la,AS,uhs.edu.la,53,July,top-per-country,10.6084/m9.figshare.33062150.v3,https://doi.org/10.6084/m9.figshare.33062150.v3
webometrics,2026-09-28T01:22:12+00:00,overall,2026,7491,6,International Balkan University,https://ror.org/00ghx1590,North Macedonia,MK,mk,EU,ibu.edu.mk,53,July,top-per-country,10.6084/m9.figshare.33062150.v3,https://doi.org/10.6084/m9.figshare.33062150.v3
webometrics,2026-09-28T01:22:12+00:00,overall,2026,7495,11,Pontificia Universidad Católica de Puerto Rico,https://ror.org/0538pfx71,Puerto Rico,PR,pr,IBC,pucpr.edu,53,July,top-per-country,10.6084/m9.figshare.33062150.v3,https://doi.org/10.6084/m9.figshare.33062150.v3
webometrics,2026-09-28T01:22:12+00:00,overall,2026,7497,2,(4) International Open University,https://ror.org/01s6bpp92,Gambia,GM,gm,AF,iou.edu.gm,53,July,top-per-country,10.6084/m9.figshare.33062150.v3,https://doi.org/10.6084/m9.figshare.33062150.v3
webometrics,2026-09-28T01:22:12+00:00,overall,2026,7503,3,University of the Southern Caribbean,https://ror.org/01vyn2554,Trinidad & Tobago,TT,tt,IBC,usc.edu.tt,53,July,top-per-country,10.6084/m9.figshare.33062150.v3,https://doi.org/10.6084/m9.figshare.33062150.v3
webometrics,2026-09-28T01:22:12+00:00,overall,2026,7503,13,Ahfad University for Women,https://ror.org/01g5skz36,Sudan,SD,sd,AW,ahfad.edu.sd,53,July,top-per-country,10.6084/m9.figshare.33062150.v3,https://doi.org/10.6084/m9.figshare.33062150.v3
webometrics,2026-09-28T01:22:12+00:00,overall,2026,7503,13,Seiyun University,https://ror.org/01xp8dp03,Yemen,YE,ye,AW,seiyunu.edu.ye,53,July,top-per-country,10.6084/m9.figshare.33062150.v3,https://doi.org/10.6084/m9.figshare.33062150.v3
webometrics,2026-09-28T01:22:12+00:00,overall,2026,7510,9,Armenian State Pedagogical University,https://ror.org/03zhk3020,Armenia,AM,am,EU,aspu.am,53,July,top-per-country,10.6084/m9.figshare.33062150.v3,https://doi.org/10.6084/m9.figshare.33062150.v3
webometrics,2026-09-28T01:22:12+00:00,overall,2026,7510,15,Arab Open University Palestine,,Palestinian Territories,PS,ps,AW,aou.edu.ps,53,July,top-per-country,10.6084/m9.figshare.33062150.v3,https://doi.org/10.6084/m9.figshare.33062150.v3
webometrics,2026-09-28T01:22:12+00:00,overall,2026,7525,15,Brest State Technical University / Брестский государственный технический университет,https://ror.org/007rxxd52,Belarus,BY,by,EU,bstu.by,53,July,top-per-country,10.6084/m9.figshare.33062150.v3,https://doi.org/10.6084/m9.figshare.33062150.v3
webometrics,2026-09-28T01:22:12+00:00,overall,2026,7527,1,Universite de Ndjamena,https://ror.org/013gpqv08,Chad,TD,td,AW,universite-ndjamena.td,54,July,top-per-country,10.6084/m9.figshare.33062150.v3,https://doi.org/10.6084/m9.figshare.33062150.v3
webometrics,2026-09-28T01:22:12+00:00,overall,2026,7554,3,(4) Medical University of the Americas Nevis,https://ror.org/02ma9y414,St. Kitts & Nevis,KN,kn,IBC,mua.edu,54,July,top-per-country,10.6084/m9.figshare.33062150.v3,https://doi.org/10.6084/m9.figshare.33062150.v3
webometrics,2026-09-28T01:22:12+00:00,overall,2026,7558,4,Universidad del Istmo Panamá,https://ror.org/0085ewn55,Panama,PA,pa,IBC,udelistmo.edu,54,July,top-per-country,10.6084/m9.figshare.33062150.v3,https://doi.org/10.6084/m9.figshare.33062150.v3
webometrics,2026-09-28T01:22:12+00:00,overall,2026,7577,14,University of Science & Technology Omdurman,https://ror.org/004qjck53,Sudan,SD,sd,AW,ust.edu.sd,54,July,top-per-country,10.6084/m9.figshare.33062150.v3,https://doi.org/10.6084/m9.figshare.33062150.v3
webometrics,2026-09-28T01:22:12+00:00,overall,2026,7588,1,Universitat d'Andorra,https://ror.org/00w7mf142,Andorra,AD,ad,EU,uda.ad,54,July,top-per-country,10.6084/m9.figshare.33062150.v3,https://doi.org/10.6084/m9.figshare.33062150.v3
webometrics,2026-09-28T01:22:12+00:00,overall,2026,7593,10,University of Bihać / Univerzitet u Bihacu,https://ror.org/03y601s20,Bosnia & Herzegovina,BA,ba,EU,unbi.ba,54,July,top-per-country,10.6084/m9.figshare.33062150.v3,https://doi.org/10.6084/m9.figshare.33062150.v3
webometrics,2026-09-28T01:22:12+00:00,overall,2026,7599,7,International University Cambodia,https://ror.org/02knr1992,Cambodia,KH,kh,AS,iu.edu.kh,54,July,top-per-country,10.6084/m9.figshare.33062150.v3,https://doi.org/10.6084/m9.figshare.33062150.v3
webometrics,2026-09-28T01:22:12+00:00,overall,2026,7603,14,Majan University College,https://ror.org/04dzesb62,Oman,OM,om,AW,majancollege.edu.om,54,July,top-per-country,10.6084/m9.figshare.33062150.v3,https://doi.org/10.6084/m9.figshare.33062150.v3
webometrics,2026-09-28T01:22:12+00:00,overall,2026,7614,11,Universidad de Camaguey Ignacio Agramonte y Loynaz,https://ror.org/040qyzk67,Cuba,CU,cu,IBC,reduc.edu.cu,54,July,top-per-country,10.6084/m9.figshare.33062150.v3,https://doi.org/10.6084/m9.figshare.33062150.v3
webometrics,2026-09-28T01:22:12+00:00,overall,2026,7621,2,University of Belize,https://ror.org/00fgcap50,Belize,BZ,bz,IBC,ub.edu.bz,54,July,top-per-country,10.6084/m9.figshare.33062150.v3,https://doi.org/10.6084/m9.figshare.33062150.v3
webometrics,2026-09-28T01:22:12+00:00,overall,2026,7624,1,College of Micronesia FSM,https://ror.org/03bcj4564,Micronesia,FM,fm,AU,comfsm.fm,54,July,top-per-country,10.6084/m9.figshare.33062150.v3,https://doi.org/10.6084/m9.figshare.33062150.v3
webometrics,2026-09-28T01:22:12+00:00,overall,2026,7624,5,Somali National University Mogadishu,https://ror.org/03f3jde70,Somalia,SO,so,AW,snu.edu.so,54,July,top-per-country,10.6084/m9.figshare.33062150.v3,https://doi.org/10.6084/m9.figshare.33062150.v3
webometrics,2026-09-28T01:22:12+00:00,overall,2026,7629,15,Muscat University,,Oman,OM,om,AW,muscatuniversity.edu.om,54,July,top-per-country,10.6084/m9.figshare.33062150.v3,https://doi.org/10.6084/m9.figshare.33062150.v3
webometrics,2026-09-28T01:22:12+00:00,overall,2026,7643,7,American University of Afghanistan,https://ror.org/04fe8b875,Afghanistan,AF,af,AS,auaf.edu.af,54,July,top-per-country,10.6084/m9.figshare.33062150.v3,https://doi.org/10.6084/m9.figshare.33062150.v3
webometrics,2026-09-28T01:22:12+00:00,overall,2026,7650,12,Nepal Medical College & Nepal Medical College Teaching Hospital,https://ror.org/05m5pc269,Nepal,NP,np,AS,nmcth.edu,54,July,top-per-country,10.6084/m9.figshare.33062150.v3,https://doi.org/10.6084/m9.figshare.33062150.v3
webometrics,2026-09-28T01:22:12+00:00,overall,2026,7661,6,Universidad Autónoma de Asunción,https://ror.org/04dvk9y30,Paraguay,PY,py,IBC,uaa.edu.py,54,July,top-per-country,10.6084/m9.figshare.33062150.v3,https://doi.org/10.6084/m9.figshare.33062150.v3
webometrics,2026-09-28T01:22:12+00:00,overall,2026,7672,9,Sirte University (Al Tahadi University),https://ror.org/02ytxkh27,Libya,LY,ly,AW,su.edu.ly,54,July,top-per-country,10.6084/m9.figshare.33062150.v3,https://doi.org/10.6084/m9.figshare.33062150.v3
webometrics,2026-09-28T01:22:12+00:00,overall,2026,7672,12,Universidad de Moa Dr Antonio Núñez Jiménez,https://ror.org/012ngjb50,Cuba,CU,cu,IBC,ismm.edu.cu,54,July,top-per-country,10.6084/m9.figshare.33062150.v3,https://doi.org/10.6084/m9.figshare.33062150.v3
webometrics,2026-09-28T01:22:12+00:00,overall,2026,7682,13,Universidad de Holguín,https://ror.org/03m84a908,Cuba,CU,cu,IBC,uho.edu.cu,54,July,top-per-country,10.6084/m9.figshare.33062150.v3,https://doi.org/10.6084/m9.figshare.33062150.v3
webometrics,2026-09-28T01:22:12+00:00,overall,2026,7682,15,Mashreq University,https://ror.org/03f90br77,Sudan,SD,sd,AW,mashreq.edu.sd,54,July,top-per-country,10.6084/m9.figshare.33062150.v3,https://doi.org/10.6084/m9.figshare.33062150.v3
webometrics,2026-09-28T01:22:12+00:00,overall,2026,7688,3,Universidad Centroamericana,https://ror.org/03n0yd032,Nicaragua,NI,ni,IBC,uca.edu.ni,54,July,top-per-country,10.6084/m9.figshare.33062150.v3,https://doi.org/10.6084/m9.figshare.33062150.v3
webometrics,2026-09-28T01:22:12+00:00,overall,2026,7698,4,Université Alassane Ouattara,https://ror.org/02jwe8b72,Côte d’Ivoire,CI,ci,AF,univ-ao.edu.ci,54,July,top-per-country,10.6084/m9.figshare.33062150.v3,https://doi.org/10.6084/m9.figshare.33062150.v3
webometrics,2026-09-28T01:22:12+00:00,overall,2026,7702,14,Instituto Superior de Tecnologias y Ciencias Aplicadas,https://ror.org/03evg0379,Cuba,CU,cu,IBC,instec.cu,54,July,top-per-country,10.6084/m9.figshare.33062150.v3,https://doi.org/10.6084/m9.figshare.33062150.v3
webometrics,2026-09-28T01:22:12+00:00,overall,2026,7713,2,Njala University Sierra Leone,https://ror.org/02zy6dj62,Sierra Leone,SL,sl,AF,njala.edu.sl,54,July,top-per-country,10.6084/m9.figshare.33062150.v3,https://doi.org/10.6084/m9.figshare.33062150.v3
webometrics,2026-09-28T01:22:12+00:00,overall,2026,7742,11,University Dzemal Bijedic Mostar / Univerzitet Džemal Bijedic Mostar,https://ror.org/00ey4b732,Bosnia & Herzegovina,BA,ba,EU,unmo.ba,54,July,top-per-country,10.6084/m9.figshare.33062150.v3,https://doi.org/10.6084/m9.figshare.33062150.v3
webometrics,2026-09-28T01:22:12+00:00,overall,2026,7782,5,Universidad CLAEH Centro Latinoamericano de Economía Humana,https://ror.org/038vdm896,Uruguay,UY,uy,IBC,claeh.edu.uy,54,July,top-per-country,10.6084/m9.figshare.33062150.v3,https://doi.org/10.6084/m9.figshare.33062150.v3
webometrics,2026-09-28T01:22:12+00:00,overall,2026,7786,1,Université de Djibouti,https://ror.org/04wk53b95,Djibouti,DJ,dj,AW,univ.edu.dj,54,July,top-per-country,10.6084/m9.figshare.33062150.v3,https://doi.org/10.6084/m9.figshare.33062150.v3
webometrics,2026-09-28T01:22:12+00:00,overall,2026,7801,14,Universidad Dr Rafael Belloso Chacín,https://ror.org/049r7sn84,Venezuela,VE,ve,IBC,urbe.edu,54,July,top-per-country,10.6084/m9.figshare.33062150.v3,https://doi.org/10.6084/m9.figshare.33062150.v3
webometrics,2026-09-28T01:22:12+00:00,overall,2026,7808,2,Tajik Technical University / Донишгоҳи техникии Тоҷикистон академик М С Осимӣ,https://ror.org/01c1kpg39,Tajikistan,TJ,tj,AS,ttu.tj,54,July,top-per-country,10.6084/m9.figshare.33062150.v3,https://doi.org/10.6084/m9.figshare.33062150.v3
webometrics,2026-09-28T01:22:12+00:00,overall,2026,7808,3,Galen University,https://ror.org/00vnste75,Belize,BZ,bz,IBC,galen.edu.bz,54,July,top-per-country,10.6084/m9.figshare.33062150.v3,https://doi.org/10.6084/m9.figshare.33062150.v3
webometrics,2026-09-28T01:22:12+00:00,overall,2026,7814,12,Megatrend University Belgrade / Мегатренд Универзитет / Megatrend Univerzitet,https://ror.org/02ffca462,Serbia,RS,rs,EU,megatrend.edu.rs,54,July,top-per-country,10.6084/m9.figshare.33062150.v3,https://doi.org/10.6084/m9.figshare.33062150.v3
webometrics,2026-09-28T01:22:12+00:00,overall,2026,7825,13,Nkumba University,https://ror.org/057mqf960,Uganda,UG,ug,AF,nkumbauniversity.ac.ug,55,July,top-per-country,10.6084/m9.figshare.33062150.v3,https://doi.org/10.6084/m9.figshare.33062150.v3
webometrics,2026-09-28T01:22:12+00:00,overall,2026,7828,4,Universidad Nacional Agraria,https://ror.org/02gne5439,Nicaragua,NI,ni,IBC,una.edu.ni,55,July,top-per-country,10.6084/m9.figshare.33062150.v3,https://doi.org/10.6084/m9.figshare.33062150.v3
webometrics,2026-09-28T01:22:12+00:00,overall,2026,7833,7,University for Information Science & Technology Ohrid,https://ror.org/0264mz016,North Macedonia,MK,mk,EU,uist.edu.mk,55,July,top-per-country,10.6084/m9.figshare.33062150.v3,https://doi.org/10.6084/m9.figshare.33062150.v3
webometrics,2026-09-28T01:22:12+00:00,overall,2026,7833,13,Vilnius Academy of Fine Arts / Vilniaus dailės akademija,https://ror.org/05r42kg44,Lithuania,LT,lt,EU,vda.lt,55,July,top-per-country,10.6084/m9.figshare.33062150.v3,https://doi.org/10.6084/m9.figshare.33062150.v3
webometrics,2026-09-28T01:22:12+00:00,overall,2026,7848,12,Aarhus School of Architecture / Arkitektskolen Aarhus,https://ror.org/05gs3fb07,Denmark,DK,dk,EU,aarch.dk,55,July,top-per-country,10.6084/m9.figshare.33062150.v3,https://doi.org/10.6084/m9.figshare.33062150.v3
webometrics,2026-09-28T01:22:12+00:00,overall,2026,7864,8,Kuwait International Law School,https://ror.org/05etvh706,Kuwait,KW,kw,AW,kilaw.edu.kw,55,July,top-per-country,10.6084/m9.figshare.33062150.v3,https://doi.org/10.6084/m9.figshare.33062150.v3
webometrics,2026-09-28T01:22:12+00:00,overall,2026,7881,12,Rafik Hariri University,https://ror.org/00x1fdr51,Lebanon,LB,lb,AW,rhu.edu.lb,55,July,top-per-country,10.6084/m9.figshare.33062150.v3,https://doi.org/10.6084/m9.figshare.33062150.v3
webometrics,2026-09-28T01:22:12+00:00,overall,2026,7899,1,Ross University,https://ror.org/02nd9e057,Dominica,DM,dm,IBC,rossu.edu,55,July,top-per-country,10.6084/m9.figshare.33062150.v3,https://doi.org/10.6084/m9.figshare.33062150.v3
webometrics,2026-09-28T01:22:12+00:00,overall,2026,7899,4,Free International University of Moldova / Universitatea Libera Internationala din Moldova,https://ror.org/054jx1t36,Moldova,MD,md,EU,ulim.md,55,July,top-per-country,10.6084/m9.figshare.33062150.v3,https://doi.org/10.6084/m9.figshare.33062150.v3
webometrics,2026-09-28T01:22:12+00:00,overall,2026,7926,4,Universidad Católica de Honduras,https://ror.org/02fnq4841,Honduras,HN,hn,IBC,unicah.edu,55,July,top-per-country,10.6084/m9.figshare.33062150.v3,https://doi.org/10.6084/m9.figshare.33062150.v3
webometrics,2026-09-28T01:22:12+00:00,overall,2026,7926,10,Royal University for Women,https://ror.org/043hpy847,Bahrain,BH,bh,AW,ruw.edu.bh,55,July,top-per-country,10.6084/m9.figshare.33062150.v3,https://doi.org/10.6084/m9.figshare.33062150.v3
webometrics,2026-09-28T01:22:12+00:00,overall,2026,7934,13,Arab Open University Lebanon,https://ror.org/00d260p98,Lebanon,LB,lb,AW,aou.edu.lb,55,July,top-per-country,10.6084/m9.figshare.33062150.v3,https://doi.org/10.6084/m9.figshare.33062150.v3
webometrics,2026-09-28T01:22:12+00:00,overall,2026,7934,13,KIST Medical College,https://ror.org/04zz3m093,Nepal,NP,np,AS,kistmcth.edu.np,55,July,top-per-country,10.6084/m9.figshare.33062150.v3,https://doi.org/10.6084/m9.figshare.33062150.v3
webometrics,2026-09-28T01:22:12+00:00,overall,2026,7938,14,Academy of Sports and Physical Education Vojo Kushi / Universiteti i Sporteve të Tiranës,https://ror.org/0563xp259,Albania,AL,al,EU,ust.edu.al,55,July,top-per-country,10.6084/m9.figshare.33062150.v3,https://doi.org/10.6084/m9.figshare.33062150.v3
webometrics,2026-09-28T01:22:12+00:00,overall,2026,7966,2,Université de Kara,https://ror.org/001pma463,Togo,TG,tg,AF,univ-kara.tg,55,July,top-per-country,10.6084/m9.figshare.33062150.v3,https://doi.org/10.6084/m9.figshare.33062150.v3
webometrics,2026-09-28T01:22:12+00:00,overall,2026,7973,4,Université Alioune Diop de Bambey,https://ror.org/0485abs19,Senegal,SN,sn,AF,uadb.edu.sn,55,July,top-per-country,10.6084/m9.figshare.33062150.v3,https://doi.org/10.6084/m9.figshare.33062150.v3
webometrics,2026-09-28T01:22:12+00:00,overall,2026,7976,7,School of Advanced Social Studies in Nova Gorica / Fakulteta za uporabne družbene študije,https://ror.org/03pmgn266,Slovenia,SI,si,EU,fuds.si,55,July,top-per-country,10.6084/m9.figshare.33062150.v3,https://doi.org/10.6084/m9.figshare.33062150.v3
webometrics,2026-09-28T01:22:12+00:00,overall,2026,7986,5,Universidad Francisco Gavidia,https://ror.org/02spway15,El Salvador,SV,sv,IBC,ufg.edu.sv,55,July,top-per-country,10.6084/m9.figshare.33062150.v3,https://doi.org/10.6084/m9.figshare.33062150.v3
webometrics,2026-09-28T01:22:12+00:00,overall,2026,7986,9,University of Kalamoon,https://ror.org/02g847680,Syria,SY,sy,AW,uok.edu.sy,55,July,top-per-country,10.6084/m9.figshare.33062150.v3,https://doi.org/10.6084/m9.figshare.33062150.v3
webometrics,2026-09-28T01:22:12+00:00,overall,2026,7989,3,Luxembourg School of Business,https://ror.org/0096z2k33,Luxembourg,LU,lu,EU,luxsb.lu,55,July,top-per-country,10.6084/m9.figshare.33062150.v3,https://doi.org/10.6084/m9.figshare.33062150.v3
webometrics,2026-09-28T01:22:12+00:00,overall,2026,8005,3,University College of the Caribbean,https://ror.org/01efpdp52,Jamaica,JM,jm,IBC,ucc.edu.jm,55,July,top-per-country,10.6084/m9.figshare.33062150.v3,https://doi.org/10.6084/m9.figshare.33062150.v3
webometrics,2026-09-28T01:22:12+00:00,overall,2026,8005,6,Jamhuriya University of Science & Technology,https://ror.org/05brr5h08,Somalia,SO,so,AW,just.edu.so,55,July,top-per-country,10.6084/m9.figshare.33062150.v3,https://doi.org/10.6084/m9.figshare.33062150.v3
webometrics,2026-09-28T01:22:12+00:00,overall,2026,8005,15,Ganja State University / Gəncə Dövlət Universiteti,https://ror.org/0451bvc41,Azerbaijan,AZ,az,EU,gdu.edu.az,55,July,top-per-country,10.6084/m9.figshare.33062150.v3,https://doi.org/10.6084/m9.figshare.33062150.v3
webometrics,2026-09-28T01:22:12+00:00,overall,2026,8020,14,American University of Science & Technology,https://ror.org/04spwz235,Lebanon,LB,lb,AW,aust.edu.lb,55,July,top-per-country,10.6084/m9.figshare.33062150.v3,https://doi.org/10.6084/m9.figshare.33062150.v3
webometrics,2026-09-28T01:22:12+00:00,overall,2026,8027,1,University of Juba,https://ror.org/02f1kft51,South Sudan,SS,ss,AF,uoj.edu.ss,55,July,top-per-country,10.6084/m9.figshare.33062150.v3,https://doi.org/10.6084/m9.figshare.33062150.v3
webometrics,2026-09-28T01:22:12+00:00,overall,2026,8032,14,Clarke International University (International Health Sciences University),https://ror.org/03jfsyd35,Uganda,UG,ug,AF,ciu.ac.ug,55,July,top-per-country,10.6084/m9.figshare.33062150.v3,https://doi.org/10.6084/m9.figshare.33062150.v3
webometrics,2026-09-28T01:22:12+00:00,overall,2026,8056,14,Saba University,https://ror.org/051kvhx87,Yemen,YE,ye,AW,sabauni.net,55,July,top-per-country,10.6084/m9.figshare.33062150.v3,https://doi.org/10.6084/m9.figshare.33062150.v3
webometrics,2026-09-28T01:22:12+00:00,overall,2026,8071,10,International University for Science & Technology,https://ror.org/03frvp088,Syria,SY,sy,AW,iust.edu.sy,55,July,top-per-country,10.6084/m9.figshare.33062150.v3,https://doi.org/10.6084/m9.figshare.33062150.v3
webometrics,2026-09-28T01:22:12+00:00,overall,2026,8089,15,Yale NUS College,https://ror.org/04g9wch13,Singapore,SG,sg,AS,yale-nus.edu.sg,55,July,top-per-country,10.6084/m9.figshare.33062150.v3,https://doi.org/10.6084/m9.figshare.33062150.v3
webometrics,2026-09-28T01:22:12+00:00,overall,2026,8111,11,Al Wataniya Private University,https://ror.org/04mw1hy69,Syria,SY,sy,AW,wpu.edu.sy,55,July,top-per-country,10.6084/m9.figshare.33062150.v3,https://doi.org/10.6084/m9.figshare.33062150.v3
webometrics,2026-09-28T01:22:12+00:00,overall,2026,8118,11,Universidad Latinoamericana de Ciencia y Tecnología Costa Rica,https://ror.org/0175p1a50,Costa Rica,CR,cr,IBC,ulacit.ac.cr,56,July,top-per-country,10.6084/m9.figshare.33062150.v3,https://doi.org/10.6084/m9.figshare.33062150.v3
webometrics,2026-09-28T01:22:12+00:00,overall,2026,8137,14,Open University of Sri Lanka,https://ror.org/011rrqf91,Sri Lanka,LK,lk,AS,ou.ac.lk,56,July,top-per-country,10.6084/m9.figshare.33062150.v3,https://doi.org/10.6084/m9.figshare.33062150.v3
webometrics,2026-09-28T01:22:12+00:00,overall,2026,8152,12,(3) Universidad de Puerto Rico Carolina,https://ror.org/05phyf558,Puerto Rico,PR,pr,IBC,uprc.edu,56,July,top-per-country,10.6084/m9.figshare.33062150.v3,https://doi.org/10.6084/m9.figshare.33062150.v3
webometrics,2026-09-28T01:22:12+00:00,overall,2026,8156,13,Polytechnic Velika Gorica / Veleučilište Velika Gorica,https://ror.org/035ghve61,Croatia,HR,hr,EU,vvg.hr,56,July,top-per-country,10.6084/m9.figshare.33062150.v3,https://doi.org/10.6084/m9.figshare.33062150.v3
webometrics,2026-09-28T01:22:12+00:00,overall,2026,8162,13,AAB University / Kolegji AAB,https://ror.org/0395pak08,Serbia,RS,rs,EU,aab-edu.net,56,July,top-per-country,10.6084/m9.figshare.33062150.v3,https://doi.org/10.6084/m9.figshare.33062150.v3
webometrics,2026-09-28T01:22:12+00:00,overall,2026,8190,10,Alasmarya Islamic University,https://ror.org/01gr30f96,Libya,LY,ly,AW,asmarya.edu.ly,56,July,top-per-country,10.6084/m9.figshare.33062150.v3,https://doi.org/10.6084/m9.figshare.33062150.v3
webometrics,2026-09-28T01:22:12+00:00,overall,2026,8194,12,Al Andalus University for Medical Sciences,https://ror.org/00hdydj55,Syria,SY,sy,AW,au.edu.sy,56,July,top-per-country,10.6084/m9.figshare.33062150.v3,https://doi.org/10.6084/m9.figshare.33062150.v3
webometrics,2026-09-28T01:22:12+00:00,overall,2026,8250,15,Albaydha University,https://ror.org/0505vtn61,Yemen,YE,ye,AW,baydaauniv.net,56,July,top-per-country,10.6084/m9.figshare.33062150.v3,https://doi.org/10.6084/m9.figshare.33062150.v3
webometrics,2026-09-28T01:22:12+00:00,overall,2026,8254,7,Estonian Academy of Arts / Eesti Kunstiakadeemia,https://ror.org/007530q75,Estonia,EE,ee,EU,artun.ee,56,July,top-per-country,10.6084/m9.figshare.33062150.v3,https://doi.org/10.6084/m9.figshare.33062150.v3
webometrics,2026-09-28T01:22:12+00:00,overall,2026,8254,9,State University of Zanzibar,https://ror.org/0316x1478,Tanzania,TZ,tz,AF,suza.ac.tz,56,July,top-per-country,10.6084/m9.figshare.33062150.v3,https://doi.org/10.6084/m9.figshare.33062150.v3
webometrics,2026-09-28T01:22:12+00:00,overall,2026,8274,4,University of the Arctic,https://ror.org/04zy9j617,International,,int,EU,uarctic.org,56,July,top-per-country,10.6084/m9.figshare.33062150.v3,https://doi.org/10.6084/m9.figshare.33062150.v3
webometrics,2026-09-28T01:22:12+00:00,overall,2026,8319,10,Kilimanjaro Christian Medical University,https://ror.org/01e6x5f94,Tanzania,TZ,tz,AF,kcmcu.ac.tz,56,July,top-per-country,10.6084/m9.figshare.33062150.v3,https://doi.org/10.6084/m9.figshare.33062150.v3
webometrics,2026-09-28T01:22:12+00:00,overall,2026,8367,15,Hong Kong Academy for Performing Arts,https://ror.org/050fbe140,Hong Kong SAR China,HK,hk,AS,hkapa.edu,56,July,top-per-country,10.6084/m9.figshare.33062150.v3,https://doi.org/10.6084/m9.figshare.33062150.v3
webometrics,2026-09-28T01:22:12+00:00,overall,2026,8410,1,Pontificia Università Lateranense,https://ror.org/05sd29c29,Vatican City,VA,va,EU,pul.va,56,July,top-per-country,10.6084/m9.figshare.33062150.v3,https://doi.org/10.6084/m9.figshare.33062150.v3
webometrics,2026-09-28T01:22:12+00:00,overall,2026,8410,10,Universidad Central,https://ror.org/01kyyzm82,Bolivia,BO,bo,IBC,unicen.edu.bo,56,July,top-per-country,10.6084/m9.figshare.33062150.v3,https://doi.org/10.6084/m9.figshare.33062150.v3
webometrics,2026-09-28T01:22:12+00:00,overall,2026,8428,13,University College Lillebælt,https://ror.org/04dj1na10,Denmark,DK,dk,EU,ucl.dk,56,July,top-per-country,10.6084/m9.figshare.33062150.v3,https://doi.org/10.6084/m9.figshare.33062150.v3
webometrics,2026-09-28T01:22:12+00:00,overall,2026,8434,5,Universidad Nacional de Agricultura,https://ror.org/05b51m931,Honduras,HN,hn,IBC,unag.edu.hn,56,July,top-per-country,10.6084/m9.figshare.33062150.v3,https://doi.org/10.6084/m9.figshare.33062150.v3
webometrics,2026-09-28T01:22:12+00:00,overall,2026,8434,9,Universidad Federico Henríquez y Carvajal,https://ror.org/0250t7374,Dominican Republic,DO,do,IBC,ufhec.edu.do,56,July,top-per-country,10.6084/m9.figshare.33062150.v3,https://doi.org/10.6084/m9.figshare.33062150.v3
webometrics,2026-09-28T01:22:12+00:00,overall,2026,8484,1,(4) Saba University School of Medicine,https://ror.org/05sy4b952,Caribbean Netherlands,BQ,bq,IBC,saba.edu,56,July,top-per-country,10.6084/m9.figshare.33062150.v3,https://doi.org/10.6084/m9.figshare.33062150.v3
webometrics,2026-09-28T01:22:12+00:00,overall,2026,8494,14,University of Defence / Универзитет одбране у Београду / Univerzitet odbrane u Beogradu,https://ror.org/04mmq3h75,Serbia,RS,rs,EU,uo.mod.gov.rs,56,July,top-per-country,10.6084/m9.figshare.33062150.v3,https://doi.org/10.6084/m9.figshare.33062150.v3
webometrics,2026-09-28T01:22:12+00:00,overall,2026,8500,2,Malta College of Arts Science & Technology,https://ror.org/02z1kxt68,Malta,MT,mt,EU,mcast.edu.mt,56,July,top-per-country,10.6084/m9.figshare.33062150.v3,https://doi.org/10.6084/m9.figshare.33062150.v3
webometrics,2026-09-28T01:22:12+00:00,overall,2026,8500,5,Academy of Economic Studies from Moldova / Academia de Studii Economice din Moldova,https://ror.org/04d26v797,Moldova,MD,md,EU,ase.md,56,July,top-per-country,10.6084/m9.figshare.33062150.v3,https://doi.org/10.6084/m9.figshare.33062150.v3
webometrics,2026-09-28T01:22:12+00:00,overall,2026,8517,8,University American College Skopje,https://ror.org/05hknds03,North Macedonia,MK,mk,EU,uacs.edu.mk,56,July,top-per-country,10.6084/m9.figshare.33062150.v3,https://doi.org/10.6084/m9.figshare.33062150.v3
webometrics,2026-09-28T01:22:12+00:00,overall,2026,8534,8,Universidad Nacional de Concepción,https://ror.org/05kw3dt68,Paraguay,PY,py,IBC,unc.edu.py,56,July,top-per-country,10.6084/m9.figshare.33062150.v3,https://doi.org/10.6084/m9.figshare.33062150.v3
webometrics,2026-09-28T01:22:12+00:00,overall,2026,8553,2,(4) American University of Integrative Sciences,https://ror.org/00kgqwj69,Barbados,BB,bb,IBC,auis.edu,56,July,top-per-country,10.6084/m9.figshare.33062150.v3,https://doi.org/10.6084/m9.figshare.33062150.v3
webometrics,2026-09-28T01:22:12+00:00,overall,2026,8563,14,Lumbini Medical College,https://ror.org/017xv2t04,Nepal,NP,np,AS,lmc.edu.np,56,July,top-per-country,10.6084/m9.figshare.33062150.v3,https://doi.org/10.6084/m9.figshare.33062150.v3
webometrics,2026-09-28T01:22:12+00:00,overall,2026,8577,13,Universidad de Puerto Rico en Ponce,https://ror.org/04vs2n780,Puerto Rico,PR,pr,IBC,uprp.edu,56,July,top-per-country,10.6084/m9.figshare.33062150.v3,https://doi.org/10.6084/m9.figshare.33062150.v3
webometrics,2026-09-28T01:22:12+00:00,overall,2026,8603,1,(4) Avalon University School of Medicine,https://ror.org/03paye555,Curaçao,CW,cw,IBC,avalonu.org,56,July,top-per-country,10.6084/m9.figshare.33062150.v3,https://doi.org/10.6084/m9.figshare.33062150.v3
webometrics,2026-09-28T01:22:12+00:00,overall,2026,8622,14,Vilnius University of Applied Sciences / Vilniaus kolegija,https://ror.org/004gnah66,Lithuania,LT,lt,EU,viko.lt,56,July,top-per-country,10.6084/m9.figshare.33062150.v3,https://doi.org/10.6084/m9.figshare.33062150.v3
webometrics,2026-09-28T01:22:12+00:00,overall,2026,8622,15,Modern University for Business & Science,https://ror.org/00vnpja80,Lebanon,LB,lb,AW,mubs.edu.lb,56,July,top-per-country,10.6084/m9.figshare.33062150.v3,https://doi.org/10.6084/m9.figshare.33062150.v3
webometrics,2026-09-28T01:22:12+00:00,overall,2026,8633,15,General Sir John Kotelawala Defence University,https://ror.org/04n37he08,Sri Lanka,LK,lk,AS,kdu.ac.lk,56,July,top-per-country,10.6084/m9.figshare.33062150.v3,https://doi.org/10.6084/m9.figshare.33062150.v3
webometrics,2026-09-28T01:22:12+00:00,overall,2026,8652,13,University of Tartus,https://ror.org/05kbz9h69,Syria,SY,sy,AW,tartous-univ.edu.sy,57,July,top-per-country,10.6084/m9.figshare.33062150.v3,https://doi.org/10.6084/m9.figshare.33062150.v3
webometrics,2026-09-28T01:22:12+00:00,overall,2026,8714,15,Bishop Stuart University,https://ror.org/01zy6vk67,Uganda,UG,ug,AF,bsu.ac.ug,57,July,top-per-country,10.6084/m9.figshare.33062150.v3,https://doi.org/10.6084/m9.figshare.33062150.v3
webometrics,2026-09-28T01:22:12+00:00,overall,2026,8735,1,(4) Saint James's School of Medicine,,Anguilla,AI,ai,IBC,sjsm.org,57,July,top-per-country,10.6084/m9.figshare.33062150.v3,https://doi.org/10.6084/m9.figshare.33062150.v3
webometrics,2026-09-28T01:22:12+00:00,overall,2026,8748,5,University of Central Asia,https://ror.org/04rrs4x54,International,,int,AS,ucentralasia.org,57,July,top-per-country,10.6084/m9.figshare.33062150.v3,https://doi.org/10.6084/m9.figshare.33062150.v3
webometrics,2026-09-28T01:22:12+00:00,overall,2026,8761,11,Women's University in Africa,https://ror.org/05hdq6q33,Zimbabwe,ZW,zw,AF,wua.ac.zw,57,July,top-per-country,10.6084/m9.figshare.33062150.v3,https://doi.org/10.6084/m9.figshare.33062150.v3
webometrics,2026-09-28T01:22:12+00:00,overall,2026,8767,15,University Luigj Gurakuqi Shkoder / Universiteti Luigj Gurakuqi,https://ror.org/05jsntm46,Albania,AL,al,EU,unishk.edu.al,57,July,top-per-country,10.6084/m9.figshare.33062150.v3,https://doi.org/10.6084/m9.figshare.33062150.v3
webometrics,2026-09-28T01:22:12+00:00,overall,2026,8767,15,Alpha University / Алфа универзитет / Alfa univerzitet (University Braća Karić),,Serbia,RS,rs,EU,alfa.edu.rs,57,July,top-per-country,10.6084/m9.figshare.33062150.v3,https://doi.org/10.6084/m9.figshare.33062150.v3
webometrics,2026-09-28T01:22:12+00:00,overall,2026,8779,2,Yezin Agricultural University,https://ror.org/025q7w350,Myanmar (Burma),MM,mm,AS,yau.edu.mm,57,July,top-per-country,10.6084/m9.figshare.33062150.v3,https://doi.org/10.6084/m9.figshare.33062150.v3
webometrics,2026-09-28T01:22:12+00:00,overall,2026,8813,5,Ecole Superieure Polytechnique de Dakar,,Senegal,SN,sn,AF,esp.sn,57,July,top-per-country,10.6084/m9.figshare.33062150.v3,https://doi.org/10.6084/m9.figshare.33062150.v3
webometrics,2026-09-28T01:22:12+00:00,overall,2026,8821,6,Hólar University College / Hólaskóli,https://ror.org/0042wf948,Iceland,IS,is,EU,holar.is,57,July,top-per-country,10.6084/m9.figshare.33062150.v3,https://doi.org/10.6084/m9.figshare.33062150.v3
webometrics,2026-09-28T01:22:12+00:00,overall,2026,8843,5,École Nationale Supérieure de Statistique et d'Economie Appliquee,https://ror.org/02a54nf13,Côte d’Ivoire,CI,ci,AF,ensea.ed.ci,57,July,top-per-country,10.6084/m9.figshare.33062150.v3,https://doi.org/10.6084/m9.figshare.33062150.v3
webometrics,2026-09-28T01:22:12+00:00,overall,2026,8851,9,Mother Teresa University / Universiteti Nënë Tereza në Shkup,https://ror.org/04wnz0192,North Macedonia,MK,mk,EU,unt.edu.mk,57,July,top-per-country,10.6084/m9.figshare.33062150.v3,https://doi.org/10.6084/m9.figshare.33062150.v3
webometrics,2026-09-28T01:22:12+00:00,overall,2026,8865,15,Universidad de Las Tunas,https://ror.org/05fj29j73,Cuba,CU,cu,IBC,ult.edu.cu,57,July,top-per-country,10.6084/m9.figshare.33062150.v3,https://doi.org/10.6084/m9.figshare.33062150.v3
webometrics,2026-09-28T01:22:12+00:00,overall,2026,8872,11,Northwestern University in Qatar,https://ror.org/006m74d95,Qatar,QA,qa,AW,qatar.northwestern.edu,57,July,top-per-country,10.6084/m9.figshare.33062150.v3,https://doi.org/10.6084/m9.figshare.33062150.v3
webometrics,2026-09-28T01:22:12+00:00,overall,2026,8879,14,Wadi International University,https://ror.org/00edm2h72,Syria,SY,sy,AW,wiu.edu.sy,57,July,top-per-country,10.6084/m9.figshare.33062150.v3,https://doi.org/10.6084/m9.figshare.33062150.v3
webometrics,2026-09-28T01:22:12+00:00,overall,2026,8885,14,(3) Universidad de Puerto Rico Bayamón,https://ror.org/058hjkk82,Puerto Rico,PR,pr,IBC,uprb.edu,57,July,top-per-country,10.6084/m9.figshare.33062150.v3,https://doi.org/10.6084/m9.figshare.33062150.v3
webometrics,2026-09-28T01:22:12+00:00,overall,2026,8890,2,(4) All Saints University,https://ror.org/05skwvp09,Dominica,DM,dm,IBC,allsaintsuniversity.org,57,July,top-per-country,10.6084/m9.figshare.33062150.v3,https://doi.org/10.6084/m9.figshare.33062150.v3
webometrics,2026-09-28T01:22:12+00:00,overall,2026,8897,1,Universidade Nacional Timor Lorosa'e,https://ror.org/026hhvp67,Timor-Leste,TL,tl,AS,untl.edu.tl,57,July,top-per-country,10.6084/m9.figshare.33062150.v3,https://doi.org/10.6084/m9.figshare.33062150.v3
webometrics,2026-09-28T01:22:12+00:00,overall,2026,8918,15,Manmohan Memorial Institute of Health Sciences,https://ror.org/04636qj46,Nepal,NP,np,AS,mmihs.edu.np,57,July,top-per-country,10.6084/m9.figshare.33062150.v3,https://doi.org/10.6084/m9.figshare.33062150.v3
webometrics,2026-09-28T01:22:12+00:00,overall,2026,8923,5,Universidad Nacional de Ingeniería,https://ror.org/00brc6r59,Nicaragua,NI,ni,IBC,uni.edu.ni,57,July,top-per-country,10.6084/m9.figshare.33062150.v3,https://doi.org/10.6084/m9.figshare.33062150.v3
webometrics,2026-09-28T01:22:12+00:00,overall,2026,9007,4,Northern Caribbean University,https://ror.org/04yv47b75,Jamaica,JM,jm,IBC,ncu.edu.jm,57,July,top-per-country,10.6084/m9.figshare.33062150.v3,https://doi.org/10.6084/m9.figshare.33062150.v3
webometrics,2026-09-28T01:22:12+00:00,overall,2026,9019,3,Mediterranean University Montenegro / Univerzitet Mediteran,https://ror.org/03tsjvt68,Montenegro,ME,me,EU,unimediteran.net,57,July,top-per-country,10.6084/m9.figshare.33062150.v3,https://doi.org/10.6084/m9.figshare.33062150.v3
webometrics,2026-09-28T01:22:12+00:00,overall,2026,9023,6,École Inter Etats des Sciences et Medecine Veterinaires,https://ror.org/02v8m8m62,Senegal,SN,sn,AF,eismv.org,57,July,top-per-country,10.6084/m9.figshare.33062150.v3,https://doi.org/10.6084/m9.figshare.33062150.v3
webometrics,2026-09-28T01:22:12+00:00,overall,2026,9036,1,Caribbean School of Medicine,,Aruba,AW,aw,IBC,xusom.com,57,July,top-per-country,10.6084/m9.figshare.33062150.v3,https://doi.org/10.6084/m9.figshare.33062150.v3
webometrics,2026-09-28T01:22:12+00:00,overall,2026,9048,1,(4) Charisma University,https://ror.org/03z1phr67,Turks & Caicos Islands,TC,tc,IBC,charisma.edu.eu,57,July,top-per-country,10.6084/m9.figshare.33062150.v3,https://doi.org/10.6084/m9.figshare.33062150.v3
webometrics,2026-09-28T01:22:12+00:00,overall,2026,9048,15,Alsham Private University,https://ror.org/026csjr38,Syria,SY,sy,AW,aspu.edu.sy,57,July,top-per-country,10.6084/m9.figshare.33062150.v3,https://doi.org/10.6084/m9.figshare.33062150.v3
webometrics,2026-09-28T01:22:12+00:00,overall,2026,9090,9,Universidad Nacional de Caaguazú,https://ror.org/05g0pkp12,Paraguay,PY,py,IBC,unca.edu.py,57,July,top-per-country,10.6084/m9.figshare.33062150.v3,https://doi.org/10.6084/m9.figshare.33062150.v3
webometrics,2026-09-28T01:22:12+00:00,overall,2026,9109,6,Universidad Dr José Matias Delgado,https://ror.org/057p0ez44,El Salvador,SV,sv,IBC,ujmd.edu.sv,57,July,top-per-country,10.6084/m9.figshare.33062150.v3,https://doi.org/10.6084/m9.figshare.33062150.v3
webometrics,2026-09-28T01:22:12+00:00,overall,2026,9122,14,Royal Academy of Music Aarhus Aalborg / Jyske Musikkonservatorium,https://ror.org/01jvdtb95,Denmark,DK,dk,EU,musikkons.dk,57,July,top-per-country,10.6084/m9.figshare.33062150.v3,https://doi.org/10.6084/m9.figshare.33062150.v3
webometrics,2026-09-28T01:22:12+00:00,overall,2026,9127,10,Caucasus University,https://ror.org/02tc4et63,Georgia,GE,ge,EU,cu.edu.ge,57,July,top-per-country,10.6084/m9.figshare.33062150.v3,https://doi.org/10.6084/m9.figshare.33062150.v3
webometrics,2026-09-28T01:22:12+00:00,overall,2026,9192,1,Maldives National University,https://ror.org/00dbrh564,Maldives,MV,mv,AS,mnu.edu.mv,57,July,top-per-country,10.6084/m9.figshare.33062150.v3,https://doi.org/10.6084/m9.figshare.33062150.v3
webometrics,2026-09-28T01:22:12+00:00,overall,2026,9195,15,Instituto de Estudios Superiores de Administración,https://ror.org/0580grj78,Venezuela,VE,ve,IBC,iesa.edu.ve,58,July,top-per-country,10.6084/m9.figshare.33062150.v3,https://doi.org/10.6084/m9.figshare.33062150.v3
webometrics,2026-09-28T01:22:12+00:00,overall,2026,9253,6,Universidad Pedagógica Nacional Francisco Morazán,https://ror.org/05rsfnx05,Honduras,HN,hn,IBC,upnfm.edu.hn,58,July,top-per-country,10.6084/m9.figshare.33062150.v3,https://doi.org/10.6084/m9.figshare.33062150.v3
webometrics,2026-09-28T01:22:12+00:00,overall,2026,9279,6,Universidad Interamericana de Panamá,https://ror.org/03grmx823,Panama,PA,pa,IBC,uip.edu.pa,58,July,top-per-country,10.6084/m9.figshare.33062150.v3,https://doi.org/10.6084/m9.figshare.33062150.v3
webometrics,2026-09-28T01:22:12+00:00,overall,2026,9296,10,University of Central Lancashire Cyprus,https://ror.org/020ps3a34,Cyprus,CY,cy,EU,uclancyprus.ac.cy,58,July,top-per-country,10.6084/m9.figshare.33062150.v3,https://doi.org/10.6084/m9.figshare.33062150.v3
webometrics,2026-09-28T01:22:12+00:00,overall,2026,9299,15,Kolding Design School / Designskolen Kolding,https://ror.org/00a736592,Denmark,DK,dk,EU,designskolenkolding.dk,58,July,top-per-country,10.6084/m9.figshare.33062150.v3,https://doi.org/10.6084/m9.figshare.33062150.v3
webometrics,2026-09-28T01:22:12+00:00,overall,2026,9345,7,Universidad Especializada de las Américas,https://ror.org/01z110311,Panama,PA,pa,IBC,udelas.ac.pa,58,July,top-per-country,10.6084/m9.figshare.33062150.v3,https://doi.org/10.6084/m9.figshare.33062150.v3
webometrics,2026-09-28T01:22:12+00:00,overall,2026,9345,11,Universidad Autónoma Juan Misael Saracho,https://ror.org/02r7t0d73,Bolivia,BO,bo,IBC,uajms.edu.bo,58,July,top-per-country,10.6084/m9.figshare.33062150.v3,https://doi.org/10.6084/m9.figshare.33062150.v3
webometrics,2026-09-28T01:22:12+00:00,overall,2026,9383,7,Université Iba Der Thiam de Thies,https://ror.org/05nfkgg69,Senegal,SN,sn,AF,uidt.sn,58,July,top-per-country,10.6084/m9.figshare.33062150.v3,https://doi.org/10.6084/m9.figshare.33062150.v3
webometrics,2026-09-28T01:22:12+00:00,overall,2026,9435,15,Escuela de Medicina San Juan Bautista,https://ror.org/0414ppq07,Puerto Rico,PR,pr,IBC,sanjuanbautista.edu,58,July,top-per-country,10.6084/m9.figshare.33062150.v3,https://doi.org/10.6084/m9.figshare.33062150.v3
webometrics,2026-09-28T01:22:12+00:00,overall,2026,9451,12,Instituto Interamericano de Derechos Humanos,https://ror.org/00pykpg61,Costa Rica,CR,cr,IBC,iidh.ed.cr,58,July,top-per-country,10.6084/m9.figshare.33062150.v3,https://doi.org/10.6084/m9.figshare.33062150.v3
webometrics,2026-09-28T01:22:12+00:00,overall,2026,9502,1,Université de Masuku,https://ror.org/03f0njg03,Gabon,GA,ga,AF,univ-masuku.org,58,July,top-per-country,10.6084/m9.figshare.33062150.v3,https://doi.org/10.6084/m9.figshare.33062150.v3
webometrics,2026-09-28T01:22:12+00:00,overall,2026,9502,10,Universidad APEC,https://ror.org/05kkct931,Dominican Republic,DO,do,IBC,unapec.edu.do,58,July,top-per-country,10.6084/m9.figshare.33062150.v3,https://doi.org/10.6084/m9.figshare.33062150.v3
webometrics,2026-09-28T01:22:12+00:00,overall,2026,9576,11,Universidad Central del Este,https://ror.org/01mxm0y17,Dominican Republic,DO,do,IBC,uce.edu.do,58,July,top-per-country,10.6084/m9.figshare.33062150.v3,https://doi.org/10.6084/m9.figshare.33062150.v3
webometrics,2026-09-28T01:22:12+00:00,overall,2026,9597,11,University of Gharyan,https://ror.org/02kxhqs80,Libya,LY,ly,AW,gu.edu.ly,58,July,top-per-country,10.6084/m9.figshare.33062150.v3,https://doi.org/10.6084/m9.figshare.33062150.v3
webometrics,2026-09-28T01:22:12+00:00,overall,2026,9611,7,Final International University / Final Uluslararası Üniversitesi,https://ror.org/051j6j225,TY,,ty,EU,final.edu.tr,58,July,top-per-country,10.6084/m9.figshare.33062150.v3,https://doi.org/10.6084/m9.figshare.33062150.v3
webometrics,2026-09-28T01:22:12+00:00,overall,2026,9620,12,RISEBA University of Business Arts and Technology,https://ror.org/00pc6v375,Latvia,LV,lv,EU,riseba.lv,58,July,top-per-country,10.6084/m9.figshare.33062150.v3,https://doi.org/10.6084/m9.figshare.33062150.v3
webometrics,2026-09-28T01:22:12+00:00,overall,2026,9669,6,Bluefields Indian and Caribbean University,https://ror.org/058znsm64,Nicaragua,NI,ni,IBC,bicu.edu.ni,58,July,top-per-country,10.6084/m9.figshare.33062150.v3,https://doi.org/10.6084/m9.figshare.33062150.v3
webometrics,2026-09-28T01:22:12+00:00,overall,2026,9717,7,Batken State University,https://ror.org/01kx1an46,Kyrgyzstan,KG,kg,AS,batmu.kg,58,July,top-per-country,10.6084/m9.figshare.33062150.v3,https://doi.org/10.6084/m9.figshare.33062150.v3
webometrics,2026-09-28T01:22:12+00:00,overall,2026,9727,3,2iE International Institute for Water and Environmental Engineering,https://ror.org/0138r3j35,Burkina Faso,BF,bf,AF,2ie-edu.org,58,July,top-per-country,10.6084/m9.figshare.33062150.v3,https://doi.org/10.6084/m9.figshare.33062150.v3
webometrics,2026-09-28T01:22:12+00:00,overall,2026,9756,15,European Humanities University / Europos Humanitarinis Universitetas,https://ror.org/04ymc4274,Lithuania,LT,lt,EU,ehuniversity.lt,58,July,top-per-country,10.6084/m9.figshare.33062150.v3,https://doi.org/10.6084/m9.figshare.33062150.v3
webometrics,2026-09-28T01:22:12+00:00,overall,2026,9764,4,Efhre International University,,Belize,BZ,bz,IBC,eiu.education,58,July,top-per-country,10.6084/m9.figshare.33062150.v3,https://doi.org/10.6084/m9.figshare.33062150.v3
webometrics,2026-09-28T01:22:12+00:00,overall,2026,9764,13,Rezekne Academy of Technologies,https://ror.org/04d6the49,Latvia,LV,lv,EU,rta.lv,58,July,top-per-country,10.6084/m9.figshare.33062150.v3,https://doi.org/10.6084/m9.figshare.33062150.v3
webometrics,2026-09-28T01:22:12+00:00,overall,2026,9788,13,Universidad para la Cooperación Internacional,https://ror.org/00asevw10,Costa Rica,CR,cr,IBC,uci.ac.cr,58,July,top-per-country,10.6084/m9.figshare.33062150.v3,https://doi.org/10.6084/m9.figshare.33062150.v3
webometrics,2026-09-28T01:22:12+00:00,overall,2026,9802,3,University Islam Sultan Sharif Ali,https://ror.org/02gvn8796,Brunei,BN,bn,AS,unissa.edu.bn,58,July,top-per-country,10.6084/m9.figshare.33062150.v3,https://doi.org/10.6084/m9.figshare.33062150.v3
webometrics,2026-09-28T01:22:12+00:00,overall,2026,9940,7,Universidad Católica de El Salvador,https://ror.org/0565s5e83,El Salvador,SV,sv,IBC,catolica.edu.sv,58,July,top-per-country,10.6084/m9.figshare.33062150.v3,https://doi.org/10.6084/m9.figshare.33062150.v3
webometrics,2026-09-28T01:22:12+00:00,overall,2026,9967,10,Universidad Nacional de Pilar,https://ror.org/03p5xhb29,Paraguay,PY,py,IBC,unp.edu.py,58,July,top-per-country,10.6084/m9.figshare.33062150.v3,https://doi.org/10.6084/m9.figshare.33062150.v3
webometrics,2026-09-28T01:22:12+00:00,overall,2026,9986,4,Mongolian State University of Education / Монгол Улсын Боловсролын Их Сургууль,https://ror.org/047gexf31,Mongolia,MN,mn,AS,msue.edu.mn,58,July,top-per-country,10.6084/m9.figshare.33062150.v3,https://doi.org/10.6084/m9.figshare.33062150.v3
webometrics,2026-09-28T01:22:12+00:00,overall,2026,10060,7,Iceland Academy of the Arts / Listaháskóli Íslands,https://ror.org/00xpsqk75,Iceland,IS,is,EU,lhi.is,58,July,top-per-country,10.6084/m9.figshare.33062150.v3,https://doi.org/10.6084/m9.figshare.33062150.v3
webometrics,2026-09-28T01:22:12+00:00,overall,2026,10076,12,Universidad Católica Santo Domingo,https://ror.org/04ytq6y86,Dominican Republic,DO,do,IBC,ucsd.edu.do,58,July,top-per-country,10.6084/m9.figshare.33062150.v3,https://doi.org/10.6084/m9.figshare.33062150.v3
webometrics,2026-09-28T01:22:12+00:00,overall,2026,10090,1,(4) Trinity School of Medicine TSOM,https://ror.org/00z50t224,St. Vincent & Grenadines,VC,vc,IBC,trinityschoolofmedicine.org,58,July,top-per-country,10.6084/m9.figshare.33062150.v3,https://doi.org/10.6084/m9.figshare.33062150.v3
webometrics,2026-09-28T01:22:12+00:00,overall,2026,10090,2,University of Aruba,https://ror.org/05cdyhf91,Aruba,AW,aw,IBC,ua.aw,58,July,top-per-country,10.6084/m9.figshare.33062150.v3,https://doi.org/10.6084/m9.figshare.33062150.v3
webometrics,2026-09-28T01:22:12+00:00,overall,2026,10090,11,Universidad Columbia del Paraguay,https://ror.org/04jst1j84,Paraguay,PY,py,IBC,columbia.edu.py,59,July,top-per-country,10.6084/m9.figshare.33062150.v3,https://doi.org/10.6084/m9.figshare.33062150.v3
webometrics,2026-09-28T01:22:12+00:00,overall,2026,10107,6,(3) Universidad de la República Facultad de Información y Comunicación,,Uruguay,UY,uy,IBC,fic.edu.uy,59,July,top-per-country,10.6084/m9.figshare.33062150.v3,https://doi.org/10.6084/m9.figshare.33062150.v3
webometrics,2026-09-28T01:22:12+00:00,overall,2026,10147,4,Divine Word University,https://ror.org/054t10v53,Papua New Guinea,PG,pg,AU,dwu.ac.pg,59,July,top-per-country,10.6084/m9.figshare.33062150.v3,https://doi.org/10.6084/m9.figshare.33062150.v3
webometrics,2026-09-28T01:22:12+00:00,overall,2026,10147,14,Universidad Internacional de las Américas,https://ror.org/037k3aw68,Costa Rica,CR,cr,IBC,uia.ac.cr,59,July,top-per-country,10.6084/m9.figshare.33062150.v3,https://doi.org/10.6084/m9.figshare.33062150.v3
webometrics,2026-09-28T01:22:12+00:00,overall,2026,10159,12,Tobruk University,https://ror.org/017mqhz69,Libya,LY,ly,AW,tu.edu.ly,59,July,top-per-country,10.6084/m9.figshare.33062150.v3,https://doi.org/10.6084/m9.figshare.33062150.v3
webometrics,2026-09-28T01:22:12+00:00,overall,2026,10168,5,Mico University College,https://ror.org/03w44ry84,Jamaica,JM,jm,IBC,themico.edu.jm,59,July,top-per-country,10.6084/m9.figshare.33062150.v3,https://doi.org/10.6084/m9.figshare.33062150.v3
webometrics,2026-09-28T01:22:12+00:00,overall,2026,10235,8,International Medical University of the Kyrgyz Republic / Международный медицинский университет Кыргызской Республики,,Kyrgyzstan,KG,kg,AS,imu.edu.kg,59,July,top-per-country,10.6084/m9.figshare.33062150.v3,https://doi.org/10.6084/m9.figshare.33062150.v3
webometrics,2026-09-28T01:22:12+00:00,overall,2026,10339,6,Istituto Europeo di Design,,International,,int,EU,ied.edu,59,July,top-per-country,10.6084/m9.figshare.33062150.v3,https://doi.org/10.6084/m9.figshare.33062150.v3
webometrics,2026-09-28T01:22:12+00:00,overall,2026,10381,4,University of Goma,https://ror.org/03a6cpb51,Congo - Kinshasa,CD,cd,AF,unigom.ac.cd,59,July,top-per-country,10.6084/m9.figshare.33062150.v3,https://doi.org/10.6084/m9.figshare.33062150.v3
webometrics,2026-09-28T01:22:12+00:00,overall,2026,10388,1,Université Gamal Abdel Nasser de Conakry,https://ror.org/002g4yr42,Guinea,GN,gn,AF,uganc.edu.gn,59,July,top-per-country,10.6084/m9.figshare.33062150.v3,https://doi.org/10.6084/m9.figshare.33062150.v3
webometrics,2026-09-28T01:22:12+00:00,overall,2026,10400,14,BA School of Business and Finance / Banku augstskola,https://ror.org/04xvv6376,Latvia,LV,lv,EU,ba.lv,59,July,top-per-country,10.6084/m9.figshare.33062150.v3,https://doi.org/10.6084/m9.figshare.33062150.v3
webometrics,2026-09-28T01:22:12+00:00,overall,2026,10406,11,European University Georgia,https://ror.org/04g08bx14,Georgia,GE,ge,EU,eu.edu.ge,59,July,top-per-country,10.6084/m9.figshare.33062150.v3,https://doi.org/10.6084/m9.figshare.33062150.v3
webometrics,2026-09-28T01:22:12+00:00,overall,2026,10411,11,Mbeya University of Science & Technology,https://ror.org/055326464,Tanzania,TZ,tz,AF,must.ac.tz,59,July,top-per-country,10.6084/m9.figshare.33062150.v3,https://doi.org/10.6084/m9.figshare.33062150.v3
webometrics,2026-09-28T01:22:12+00:00,overall,2026,10423,7,(3) Universidad de la República Facultad de Ingeniería,,Uruguay,UY,uy,IBC,fing.edu.uy,59,July,top-per-country,10.6084/m9.figshare.33062150.v3,https://doi.org/10.6084/m9.figshare.33062150.v3
webometrics,2026-09-28T01:22:12+00:00,overall,2026,10428,15,Latvian Academy of Culture / Latvijas Kultūras akadēmija,https://ror.org/03f18y477,Latvia,LV,lv,EU,lka.edu.lv,59,July,top-per-country,10.6084/m9.figshare.33062150.v3,https://doi.org/10.6084/m9.figshare.33062150.v3
webometrics,2026-09-28T01:22:12+00:00,overall,2026,10472,2,Université de Mahajanga,https://ror.org/00hhvp820,Madagascar,MG,mg,AF,univ-mahajanga.edu.mg,59,July,top-per-country,10.6084/m9.figshare.33062150.v3,https://doi.org/10.6084/m9.figshare.33062150.v3
webometrics,2026-09-28T01:22:12+00:00,overall,2026,10478,14,Polytechnic of Zagreb / Tehničko veleučilište u Zagrebu,https://ror.org/03jbhek14,Croatia,HR,hr,EU,tvz.hr,59,July,top-per-country,10.6084/m9.figshare.33062150.v3,https://doi.org/10.6084/m9.figshare.33062150.v3
webometrics,2026-09-28T01:22:12+00:00,overall,2026,10519,9,Kyrgyz State Technical University / Кыргызский Государственный Технический Университет,https://ror.org/01c9f4y89,Kyrgyzstan,KG,kg,AS,kstu.kg,59,July,top-per-country,10.6084/m9.figshare.33062150.v3,https://doi.org/10.6084/m9.figshare.33062150.v3
webometrics,2026-09-28T01:22:12+00:00,overall,2026,10519,12,Universidad Andina Simón Bolívar Bolivia,https://ror.org/03jrrzr69,Bolivia,BO,bo,IBC,uasb.edu.bo,59,July,top-per-country,10.6084/m9.figshare.33062150.v3,https://doi.org/10.6084/m9.figshare.33062150.v3
webometrics,2026-09-28T01:22:12+00:00,overall,2026,10529,7,Universidad Tecnológica de Honduras,https://ror.org/00j5cb536,Honduras,HN,hn,IBC,uth.hn,59,July,top-per-country,10.6084/m9.figshare.33062150.v3,https://doi.org/10.6084/m9.figshare.33062150.v3
webometrics,2026-09-28T01:22:12+00:00,overall,2026,10570,1,University of Gibraltar,https://ror.org/057a6gk14,Gibraltar,GI,gi,EU,unigib.edu.gi,59,July,top-per-country,10.6084/m9.figshare.33062150.v3,https://doi.org/10.6084/m9.figshare.33062150.v3
webometrics,2026-09-28T01:22:12+00:00,overall,2026,10574,3,Euclid University,https://ror.org/024596r45,Gambia,GM,gm,AF,euclid.int,59,July,top-per-country,10.6084/m9.figshare.33062150.v3,https://doi.org/10.6084/m9.figshare.33062150.v3
webometrics,2026-09-28T01:22:12+00:00,overall,2026,10597,12,Akaki Tsereteli State University Kutaisi,https://ror.org/05986n320,Georgia,GE,ge,EU,atsu.edu.ge,59,July,top-per-country,10.6084/m9.figshare.33062150.v3,https://doi.org/10.6084/m9.figshare.33062150.v3
webometrics,2026-09-28T01:22:12+00:00,overall,2026,10673,13,Zurab Zhvania Georgian Institute of Public Affairs,https://ror.org/039avsx35,Georgia,GE,ge,EU,gipa.ge,59,July,top-per-country,10.6084/m9.figshare.33062150.v3,https://doi.org/10.6084/m9.figshare.33062150.v3
webometrics,2026-09-28T01:22:12+00:00,overall,2026,10679,8,Euro-Mediterranean University Portorož,https://ror.org/03761pf32,Slovenia,SI,si,EU,emuni.si,59,July,top-per-country,10.6084/m9.figshare.33062150.v3,https://doi.org/10.6084/m9.figshare.33062150.v3
webometrics,2026-09-28T01:22:12+00:00,overall,2026,10695,7,Universidad de las Regiones Autónomas de las Costa Caribe Nicaraguense,https://ror.org/005vzbh90,Nicaragua,NI,ni,IBC,uraccan.edu.ni,59,July,top-per-country,10.6084/m9.figshare.33062150.v3,https://doi.org/10.6084/m9.figshare.33062150.v3
webometrics,2026-09-28T01:22:12+00:00,overall,2026,10695,10,Issyk-Kul State University K Tynystanov / Иссык-Кульский государственный университет им К Тыныстанова,https://ror.org/01pb8rp31,Kyrgyzstan,KG,kg,AS,iksu.kg,59,July,top-per-country,10.6084/m9.figshare.33062150.v3,https://doi.org/10.6084/m9.figshare.33062150.v3
webometrics,2026-09-28T01:22:12+00:00,overall,2026,10695,12,Moshi Co-operative University,https://ror.org/03kndyq24,Tanzania,TZ,tz,AF,mocu.ac.tz,59,July,top-per-country,10.6084/m9.figshare.33062150.v3,https://doi.org/10.6084/m9.figshare.33062150.v3
webometrics,2026-09-28T01:22:12+00:00,overall,2026,10744,6,Chişinău State Pedagogical University Ion Creangă / Universitatea Pedagogica de Stat Ion Creanga,https://ror.org/05aqyve98,Moldova,MD,md,EU,upsc.md,60,July,top-per-country,10.6084/m9.figshare.33062150.v3,https://doi.org/10.6084/m9.figshare.33062150.v3
webometrics,2026-09-28T01:22:12+00:00,overall,2026,10772,1,Université des Sciences des Techniques et des Technologies de Bamako USTTB,https://ror.org/023rbaw78,Mali,ML,ml,AF,usttb.edu.ml,60,July,top-per-country,10.6084/m9.figshare.33062150.v3,https://doi.org/10.6084/m9.figshare.33062150.v3
webometrics,2026-09-28T01:22:12+00:00,overall,2026,10782,7,(3) Universidad de San Carlos de Guatemala Centro Universitario de Oriente,,Guatemala,GT,gt,IBC,cunori.edu.gt,60,July,top-per-country,10.6084/m9.figshare.33062150.v3,https://doi.org/10.6084/m9.figshare.33062150.v3
webometrics,2026-09-28T01:22:12+00:00,overall,2026,10791,12,University Vitez in Travnik / Univerzitet Vitez u Travniku,https://ror.org/018f17m70,Bosnia & Herzegovina,BA,ba,EU,unvi.edu.ba,60,July,top-per-country,10.6084/m9.figshare.33062150.v3,https://doi.org/10.6084/m9.figshare.33062150.v3
webometrics,2026-09-28T01:22:12+00:00,overall,2026,10806,3,American University of Barbados,https://ror.org/03k9a4n36,Barbados,BB,bb,IBC,aubmed.org,60,July,top-per-country,10.6084/m9.figshare.33062150.v3,https://doi.org/10.6084/m9.figshare.33062150.v3
webometrics,2026-09-28T01:22:12+00:00,overall,2026,10847,8,Estonian Academy of Music and Theatre / Eesti Muusika - ja Teatriakadeemia,https://ror.org/046p0fc17,Estonia,EE,ee,EU,eamt.ee,60,July,top-per-country,10.6084/m9.figshare.33062150.v3,https://doi.org/10.6084/m9.figshare.33062150.v3
webometrics,2026-09-28T01:22:12+00:00,overall,2026,10857,13,Universidad Privada del Valle,https://ror.org/03wjn2094,Bolivia,BO,bo,IBC,univalle.edu,60,July,top-per-country,10.6084/m9.figshare.33062150.v3,https://doi.org/10.6084/m9.figshare.33062150.v3
webometrics,2026-09-28T01:22:12+00:00,overall,2026,10886,12,Universidad de Integracion de las Américas,https://ror.org/05r9r2h28,Paraguay,PY,py,IBC,unida.edu.py,60,July,top-per-country,10.6084/m9.figshare.33062150.v3,https://doi.org/10.6084/m9.figshare.33062150.v3
webometrics,2026-09-28T01:22:12+00:00,overall,2026,10893,13,College of Business Education,https://ror.org/05qcsva92,Tanzania,TZ,tz,AF,cbe.ac.tz,60,July,top-per-country,10.6084/m9.figshare.33062150.v3,https://doi.org/10.6084/m9.figshare.33062150.v3
webometrics,2026-09-28T01:22:12+00:00,overall,2026,10893,14,Universidad Nur,https://ror.org/03y5p5264,Bolivia,BO,bo,IBC,nur.edu,60,July,top-per-country,10.6084/m9.figshare.33062150.v3,https://doi.org/10.6084/m9.figshare.33062150.v3
webometrics,2026-09-28T01:22:12+00:00,overall,2026,10900,2,Université Quisqueya,https://ror.org/05mh85j20,Haiti,HT,ht,IBC,uniq.edu.ht,60,July,top-per-country,10.6084/m9.figshare.33062150.v3,https://doi.org/10.6084/m9.figshare.33062150.v3
webometrics,2026-09-28T01:22:12+00:00,overall,2026,10900,15,(3) Universidad Técnica Nacional,https://ror.org/01s9pbd40,Costa Rica,CR,cr,IBC,utn.ac.cr,60,July,top-per-country,10.6084/m9.figshare.33062150.v3,https://doi.org/10.6084/m9.figshare.33062150.v3
webometrics,2026-09-28T01:22:12+00:00,overall,2026,10916,6,Caribbean Maritime Universiity,,Jamaica,JM,jm,IBC,cmu.edu.jm,60,July,top-per-country,10.6084/m9.figshare.33062150.v3,https://doi.org/10.6084/m9.figshare.33062150.v3
webometrics,2026-09-28T01:22:12+00:00,overall,2026,10974,11,Cyprus International Institute of Management,https://ror.org/04gmmfj60,Cyprus,CY,cy,EU,uol.ac.cy,60,July,top-per-country,10.6084/m9.figshare.33062150.v3,https://doi.org/10.6084/m9.figshare.33062150.v3
webometrics,2026-09-28T01:22:12+00:00,overall,2026,10983,5,Instituto Superior Politécnico de Gaza,https://ror.org/01gasft26,Mozambique,MZ,mz,AF,ispg.ac.mz,60,July,top-per-country,10.6084/m9.figshare.33062150.v3,https://doi.org/10.6084/m9.figshare.33062150.v3
webometrics,2026-09-28T01:22:12+00:00,overall,2026,10983,9,Tallinn University of Applied Sciences (College of Engineering) / Tallinna Tehnikakõrgkool,https://ror.org/00w0nv972,Estonia,EE,ee,EU,tktk.ee,60,July,top-per-country,10.6084/m9.figshare.33062150.v3,https://doi.org/10.6084/m9.figshare.33062150.v3
webometrics,2026-09-28T01:22:12+00:00,overall,2026,10983,11,Kyrgyz National University / Кыргызский национальный университет имени Жусупа Баласагына,https://ror.org/02ar8gr68,Kyrgyzstan,KG,kg,AS,knu.kg,60,July,top-per-country,10.6084/m9.figshare.33062150.v3,https://doi.org/10.6084/m9.figshare.33062150.v3
webometrics,2026-09-28T01:22:12+00:00,overall,2026,11035,8,Universidad Central de Nicaragua,https://ror.org/00m0tz504,Nicaragua,NI,ni,IBC,ucn.edu.ni,60,July,top-per-country,10.6084/m9.figshare.33062150.v3,https://doi.org/10.6084/m9.figshare.33062150.v3
webometrics,2026-09-28T01:22:12+00:00,overall,2026,11051,3,Aureus University School of Medicine (All Saints),,Aruba,AW,aw,IBC,aureusuniversity.com,60,July,top-per-country,10.6084/m9.figshare.33062150.v3,https://doi.org/10.6084/m9.figshare.33062150.v3
webometrics,2026-09-28T01:22:12+00:00,overall,2026,11051,3,Mandalay University of Medicine,https://ror.org/03gz88214,Myanmar (Burma),MM,mm,AS,ummdy.gov.mm,60,July,top-per-country,10.6084/m9.figshare.33062150.v3,https://doi.org/10.6084/m9.figshare.33062150.v3
webometrics,2026-09-28T01:22:12+00:00,overall,2026,11071,7,Taras Shevchenko Transnistria State University / Приднестровский государственный университет Т Г Шевченко,https://ror.org/00zyp8708,Moldova,MD,md,EU,spsu.ru,60,July,top-per-country,10.6084/m9.figshare.33062150.v3,https://doi.org/10.6084/m9.figshare.33062150.v3
webometrics,2026-09-28T01:22:12+00:00,overall,2026,11092,12,Osh Technological University,https://ror.org/009vyzb24,Kyrgyzstan,KG,kg,AS,oshtu.kg,60,July,top-per-country,10.6084/m9.figshare.33062150.v3,https://doi.org/10.6084/m9.figshare.33062150.v3
webometrics,2026-09-28T01:22:12+00:00,overall,2026,11099,4,University of Computer Studies Yangon,https://ror.org/019ad8130,Myanmar (Burma),MM,mm,AS,ucsy.edu.mm,60,July,top-per-country,10.6084/m9.figshare.33062150.v3,https://doi.org/10.6084/m9.figshare.33062150.v3
webometrics,2026-09-28T01:22:12+00:00,overall,2026,11099,13,Universidad Abierta para Adultos UAPA,https://ror.org/05jthsa98,Dominican Republic,DO,do,IBC,uapa.edu.do,60,July,top-per-country,10.6084/m9.figshare.33062150.v3,https://doi.org/10.6084/m9.figshare.33062150.v3
webometrics,2026-09-28T01:22:12+00:00,overall,2026,11124,15,Universidad Técnica de Oruro,https://ror.org/019c89h28,Bolivia,BO,bo,IBC,uto.edu.bo,60,July,top-per-country,10.6084/m9.figshare.33062150.v3,https://doi.org/10.6084/m9.figshare.33062150.v3
webometrics,2026-09-28T01:22:12+00:00,overall,2026,11139,9,Bled School of Management,https://ror.org/02qnwnc62,Slovenia,SI,si,EU,iedc.si,60,July,top-per-country,10.6084/m9.figshare.33062150.v3,https://doi.org/10.6084/m9.figshare.33062150.v3
webometrics,2026-09-28T01:22:12+00:00,overall,2026,11157,5,Kwame Nkrumah University,https://ror.org/02ykdz073,Zambia,ZM,zm,AF,nkrumah.edu.zm,60,July,top-per-country,10.6084/m9.figshare.33062150.v3,https://doi.org/10.6084/m9.figshare.33062150.v3
webometrics,2026-09-28T01:22:12+00:00,overall,2026,11211,8,Universidad del Istmo Guatemala (Instituto Femenino de Estudios Superiores),https://ror.org/018zgbn57,Guatemala,GT,gt,IBC,unis.edu.gt,61,July,top-per-country,10.6084/m9.figshare.33062150.v3,https://doi.org/10.6084/m9.figshare.33062150.v3
webometrics,2026-09-28T01:22:12+00:00,overall,2026,11229,3,Souphanouvong University,https://ror.org/01p3ehe02,Laos,LA,la,AS,su.edu.la,61,July,top-per-country,10.6084/m9.figshare.33062150.v3,https://doi.org/10.6084/m9.figshare.33062150.v3
webometrics,2026-09-28T01:22:12+00:00,overall,2026,11246,1,Spartan Health Sciences University,https://ror.org/01jswq303,St. Lucia,LC,lc,IBC,spartanmed.org,61,July,top-per-country,10.6084/m9.figshare.33062150.v3,https://doi.org/10.6084/m9.figshare.33062150.v3
webometrics,2026-09-28T01:22:12+00:00,overall,2026,11304,2,University of Curaçao,https://ror.org/02a46nr93,Curaçao,CW,cw,IBC,uoc.cw,61,July,top-per-country,10.6084/m9.figshare.33062150.v3,https://doi.org/10.6084/m9.figshare.33062150.v3
webometrics,2026-09-28T01:22:12+00:00,overall,2026,11403,14,University Geomedi,https://ror.org/005gjt698,Georgia,GE,ge,EU,geomedi.edu.ge,61,July,top-per-country,10.6084/m9.figshare.33062150.v3,https://doi.org/10.6084/m9.figshare.33062150.v3
webometrics,2026-09-28T01:22:12+00:00,overall,2026,11419,8,Instituto Especializado de Profesionales de la Salud IEPROES,https://ror.org/00gykfs38,El Salvador,SV,sv,IBC,ieproes.edu.sv,61,July,top-per-country,10.6084/m9.figshare.33062150.v3,https://doi.org/10.6084/m9.figshare.33062150.v3
webometrics,2026-09-28T01:22:12+00:00,overall,2026,11419,14,Tumaini University Makumira,https://ror.org/0511zqc76,Tanzania,TZ,tz,AF,makumira.ac.tz,61,July,top-per-country,10.6084/m9.figshare.33062150.v3,https://doi.org/10.6084/m9.figshare.33062150.v3
webometrics,2026-09-28T01:22:12+00:00,overall,2026,11481,8,École Supérieure Multinationale des Telecommunications,https://ror.org/01913dg57,Senegal,SN,sn,AF,esmt.sn,61,July,top-per-country,10.6084/m9.figshare.33062150.v3,https://doi.org/10.6084/m9.figshare.33062150.v3
webometrics,2026-09-28T01:22:12+00:00,overall,2026,11503,9,Universidad Americana Nicaragua,https://ror.org/038e47q18,Nicaragua,NI,ni,IBC,uam.edu.ni,61,July,top-per-country,10.6084/m9.figshare.33062150.v3,https://doi.org/10.6084/m9.figshare.33062150.v3
webometrics,2026-09-28T01:22:12+00:00,overall,2026,11503,15,Caucasus International University,https://ror.org/00atp1s12,Georgia,GE,ge,EU,ciu.edu.ge,61,July,top-per-country,10.6084/m9.figshare.33062150.v3,https://doi.org/10.6084/m9.figshare.33062150.v3
webometrics,2026-09-28T01:22:12+00:00,overall,2026,11510,15,Saint Augustine University of Tanzania,https://ror.org/00p8msr48,Tanzania,TZ,tz,AF,saut.ac.tz,61,July,top-per-country,10.6084/m9.figshare.33062150.v3,https://doi.org/10.6084/m9.figshare.33062150.v3
webometrics,2026-09-28T01:22:12+00:00,overall,2026,11531,8,Quality Leadership University,https://ror.org/0382vme49,Panama,PA,pa,IBC,qlu.ac.pa,61,July,top-per-country,10.6084/m9.figshare.33062150.v3,https://doi.org/10.6084/m9.figshare.33062150.v3
webometrics,2026-09-28T01:22:12+00:00,overall,2026,11531,10,Brusov State University,https://ror.org/01ggzh816,Armenia,AM,am,EU,brusov.am,61,July,top-per-country,10.6084/m9.figshare.33062150.v3,https://doi.org/10.6084/m9.figshare.33062150.v3
webometrics,2026-09-28T01:22:12+00:00,overall,2026,11542,8,Paññāsāstra University of Cambodia,https://ror.org/05xeme822,Cambodia,KH,kh,AS,puc.edu.kh,61,July,top-per-country,10.6084/m9.figshare.33062150.v3,https://doi.org/10.6084/m9.figshare.33062150.v3
webometrics,2026-09-28T01:22:12+00:00,overall,2026,11549,15,Polytechnic of Karlovac,https://ror.org/04y50an90,Croatia,HR,hr,EU,vuka.hr,61,July,top-per-country,10.6084/m9.figshare.33062150.v3,https://doi.org/10.6084/m9.figshare.33062150.v3
webometrics,2026-09-28T01:22:12+00:00,overall,2026,11574,10,University of Novo Mesto / Univerza v Novem Mestu,https://ror.org/00ak23720,Slovenia,SI,si,EU,uni-nm.si,61,July,top-per-country,10.6084/m9.figshare.33062150.v3,https://doi.org/10.6084/m9.figshare.33062150.v3
webometrics,2026-09-28T01:22:12+00:00,overall,2026,11574,14,Universidad Eugenio María de Hostos,https://ror.org/01rzjwy17,Dominican Republic,DO,do,IBC,uniremhos.edu.do,61,July,top-per-country,10.6084/m9.figshare.33062150.v3,https://doi.org/10.6084/m9.figshare.33062150.v3
webometrics,2026-09-28T01:22:12+00:00,overall,2026,11574,15,Universidad Católica del Cibao UCATECI,https://ror.org/01mxcr651,Dominican Republic,DO,do,IBC,ucateci.edu.do,61,July,top-per-country,10.6084/m9.figshare.33062150.v3,https://doi.org/10.6084/m9.figshare.33062150.v3
webometrics,2026-09-28T01:22:12+00:00,overall,2026,11593,9,Florida State University Panama,https://ror.org/03k9hrc16,Panama,PA,pa,IBC,panama.fsu.edu,61,July,top-per-country,10.6084/m9.figshare.33062150.v3,https://doi.org/10.6084/m9.figshare.33062150.v3
webometrics,2026-09-28T01:22:12+00:00,overall,2026,11607,3,International University of Management,https://ror.org/011d6dm60,Namibia,NA,na,AF,ium.edu.na,61,July,top-per-country,10.6084/m9.figshare.33062150.v3,https://doi.org/10.6084/m9.figshare.33062150.v3
webometrics,2026-09-28T01:22:12+00:00,overall,2026,11614,3,Mauritius Institute of Education,https://ror.org/02fgfjw51,Mauritius,MU,mu,AF,mie.ac.mu,61,July,top-per-country,10.6084/m9.figshare.33062150.v3,https://doi.org/10.6084/m9.figshare.33062150.v3
webometrics,2026-09-28T01:22:12+00:00,overall,2026,11626,8,Cyprus West University,https://ror.org/02p65sy36,TY,,ty,EU,cwu.edu.tr,61,July,top-per-country,10.6084/m9.figshare.33062150.v3,https://doi.org/10.6084/m9.figshare.33062150.v3
webometrics,2026-09-28T01:22:12+00:00,overall,2026,11666,4,College of Science Technology & Applied Arts of Trinidad & Tobago,https://ror.org/021ez5n36,Trinidad & Tobago,TT,tt,IBC,costaatt.edu.tt,61,July,top-per-country,10.6084/m9.figshare.33062150.v3,https://doi.org/10.6084/m9.figshare.33062150.v3
webometrics,2026-09-28T01:22:12+00:00,overall,2026,11695,10,Estonian Academy of Security Sciences / Sisekaitseakadeemia,https://ror.org/011fxed53,Estonia,EE,ee,EU,sisekaitse.ee,61,July,top-per-country,10.6084/m9.figshare.33062150.v3,https://doi.org/10.6084/m9.figshare.33062150.v3
webometrics,2026-09-28T01:22:12+00:00,overall,2026,11709,2,University of Health Sciences Antigua West Indies,https://ror.org/01wdhap14,Antigua & Barbuda,AG,ag,IBC,uhsa.ag,61,July,top-per-country,10.6084/m9.figshare.33062150.v3,https://doi.org/10.6084/m9.figshare.33062150.v3
webometrics,2026-09-28T01:22:12+00:00,overall,2026,11709,3,Institut d'Enséignement Supérieur de Ruhengeri,https://ror.org/030tm6614,Rwanda,RW,rw,AF,ines.ac.rw,61,July,top-per-country,10.6084/m9.figshare.33062150.v3,https://doi.org/10.6084/m9.figshare.33062150.v3
webometrics,2026-09-28T01:22:12+00:00,overall,2026,11742,9,Universidad Pedagógica de El Salvador,https://ror.org/014dtj905,El Salvador,SV,sv,IBC,pedagogica.edu.sv,61,July,top-per-country,10.6084/m9.figshare.33062150.v3,https://doi.org/10.6084/m9.figshare.33062150.v3
webometrics,2026-09-28T01:22:12+00:00,overall,2026,11778,9,Universidad Panamericana de Guatemala,https://ror.org/05pd6sh18,Guatemala,GT,gt,IBC,upana.edu.gt,61,July,top-per-country,10.6084/m9.figshare.33062150.v3,https://doi.org/10.6084/m9.figshare.33062150.v3
webometrics,2026-09-28T01:22:12+00:00,overall,2026,11806,2,Royal University of Bhutan College of Science & Technology,https://ror.org/05j2ptn94,Bhutan,BT,bt,AS,cst.edu.bt,61,July,top-per-country,10.6084/m9.figshare.33062150.v3,https://doi.org/10.6084/m9.figshare.33062150.v3
webometrics,2026-09-28T01:22:12+00:00,overall,2026,11806,6,Ecole Normale Supérieure d'Abidjan,https://ror.org/04xtpyw05,Côte d’Ivoire,CI,ci,AF,ensabidjan.ci,61,July,top-per-country,10.6084/m9.figshare.33062150.v3,https://doi.org/10.6084/m9.figshare.33062150.v3
webometrics,2026-09-28T01:22:12+00:00,overall,2026,11816,5,Parami Institute,,Myanmar (Burma),MM,mm,AS,parami.edu.mm,61,July,top-per-country,10.6084/m9.figshare.33062150.v3,https://doi.org/10.6084/m9.figshare.33062150.v3
webometrics,2026-09-28T01:22:12+00:00,overall,2026,11816,13,Universidad del Norte Paraguay,https://ror.org/02ms23a70,Paraguay,PY,py,IBC,uninorte.edu.py,61,July,top-per-country,10.6084/m9.figshare.33062150.v3,https://doi.org/10.6084/m9.figshare.33062150.v3
webometrics,2026-09-28T01:22:12+00:00,overall,2026,11830,11,Tallin Health College / Tallinna Tervishoiu Kõrgkool,https://ror.org/01y0jpb32,Estonia,EE,ee,EU,ttk.ee,61,July,top-per-country,10.6084/m9.figshare.33062150.v3,https://doi.org/10.6084/m9.figshare.33062150.v3
webometrics,2026-09-28T01:22:12+00:00,overall,2026,11840,10,Universidad Gerardo Barrios,https://ror.org/03gx10y75,El Salvador,SV,sv,IBC,ugb.edu.sv,62,July,top-per-country,10.6084/m9.figshare.33062150.v3,https://doi.org/10.6084/m9.figshare.33062150.v3
webometrics,2026-09-28T01:22:12+00:00,overall,2026,11873,10,Universidad Católica Santa María la Antigua,https://ror.org/02x62qd57,Panama,PA,pa,IBC,usma.ac.pa,62,July,top-per-country,10.6084/m9.figshare.33062150.v3,https://doi.org/10.6084/m9.figshare.33062150.v3
webometrics,2026-09-28T01:22:12+00:00,overall,2026,11897,2,Ecole Normale Supérieure Bujumbura,https://ror.org/01dp7jr64,Burundi,BI,bi,AF,ens.edu.bi,62,July,top-per-country,10.6084/m9.figshare.33062150.v3,https://doi.org/10.6084/m9.figshare.33062150.v3
webometrics,2026-09-28T01:22:12+00:00,overall,2026,11928,11,DOBA,https://ror.org/04bmtez11,Slovenia,SI,si,EU,doba.si,62,July,top-per-country,10.6084/m9.figshare.33062150.v3,https://doi.org/10.6084/m9.figshare.33062150.v3
webometrics,2026-09-28T01:22:12+00:00,overall,2026,11953,7,Abrar University,https://ror.org/0419b0d30,Somalia,SO,so,AW,abrar.edu.so,62,July,top-per-country,10.6084/m9.figshare.33062150.v3,https://doi.org/10.6084/m9.figshare.33062150.v3
webometrics,2026-09-28T01:22:12+00:00,overall,2026,11953,14,Universidad Nacional de Itapúa,https://ror.org/0371t1780,Paraguay,PY,py,IBC,uni.edu.py,62,July,top-per-country,10.6084/m9.figshare.33062150.v3,https://doi.org/10.6084/m9.figshare.33062150.v3
webometrics,2026-09-28T01:22:12+00:00,overall,2026,11995,5,Malawi University of Science and Technology,https://ror.org/027vmhf17,Malawi,MW,mw,AF,must.ac.mw,62,July,top-per-country,10.6084/m9.figshare.33062150.v3,https://doi.org/10.6084/m9.figshare.33062150.v3
webometrics,2026-09-28T01:22:12+00:00,overall,2026,12002,8,Benadir University,https://ror.org/013tad429,Somalia,SO,so,AW,bu.edu.so,62,July,top-per-country,10.6084/m9.figshare.33062150.v3,https://doi.org/10.6084/m9.figshare.33062150.v3
webometrics,2026-09-28T01:22:12+00:00,overall,2026,12027,3,Russian-Tajik Slavonic University / Российско-Таджикский Славянский университет,https://ror.org/00sk4kx55,Tajikistan,TJ,tj,AS,rtsu.tj,62,July,top-per-country,10.6084/m9.figshare.33062150.v3,https://doi.org/10.6084/m9.figshare.33062150.v3
webometrics,2026-09-28T01:22:12+00:00,overall,2026,12043,4,Barbados Community College,https://ror.org/03wm0sn72,Barbados,BB,bb,IBC,bcc.edu.bb,62,July,top-per-country,10.6084/m9.figshare.33062150.v3,https://doi.org/10.6084/m9.figshare.33062150.v3
webometrics,2026-09-28T01:22:12+00:00,overall,2026,12052,8,(3) Universidad de la República Facultad de Ciencias Sociales,,Uruguay,UY,uy,IBC,cienciassociales.edu.uy,62,July,top-per-country,10.6084/m9.figshare.33062150.v3,https://doi.org/10.6084/m9.figshare.33062150.v3
webometrics,2026-09-28T01:22:12+00:00,overall,2026,12075,2,(4) Oceania University of Medicine,,Samoa,WS,ws,AU,oum.edu.ws,62,July,top-per-country,10.6084/m9.figshare.33062150.v3,https://doi.org/10.6084/m9.figshare.33062150.v3
webometrics,2026-09-28T01:22:12+00:00,overall,2026,12103,8,Ghalib University,https://ror.org/02e0p8r13,Afghanistan,AF,af,AS,ghalib.edu.af,62,July,top-per-country,10.6084/m9.figshare.33062150.v3,https://doi.org/10.6084/m9.figshare.33062150.v3
webometrics,2026-09-28T01:22:12+00:00,overall,2026,12103,9,Instituto Universitario Asociación Cristiana de Jóvenes,https://ror.org/022r3pj76,Uruguay,UY,uy,IBC,iuacj.edu.uy,62,July,top-per-country,10.6084/m9.figshare.33062150.v3,https://doi.org/10.6084/m9.figshare.33062150.v3
webometrics,2026-09-28T01:22:12+00:00,overall,2026,12126,12,Faculty of Environmental Protection Velenje / Visoka šola za varstvo okolja,https://ror.org/02kqed404,Slovenia,SI,si,EU,fvo.si,62,July,top-per-country,10.6084/m9.figshare.33062150.v3,https://doi.org/10.6084/m9.figshare.33062150.v3
webometrics,2026-09-28T01:22:12+00:00,overall,2026,12129,4,Kibogora Polytechnic,,Rwanda,RW,rw,AF,kp.ac.rw,62,July,top-per-country,10.6084/m9.figshare.33062150.v3,https://doi.org/10.6084/m9.figshare.33062150.v3
webometrics,2026-09-28T01:22:12+00:00,overall,2026,12152,10,Universidad de la Empresa,https://ror.org/02yke5x89,Uruguay,UY,uy,IBC,ude.edu.uy,62,July,top-per-country,10.6084/m9.figshare.33062150.v3,https://doi.org/10.6084/m9.figshare.33062150.v3
webometrics,2026-09-28T01:22:12+00:00,overall,2026,12180,12,Catholic University of Zimbabwe,https://ror.org/04k6va493,Zimbabwe,ZW,zw,AF,cuz.ac.zw,62,July,top-per-country,10.6084/m9.figshare.33062150.v3,https://doi.org/10.6084/m9.figshare.33062150.v3
webometrics,2026-09-28T01:22:12+00:00,overall,2026,12211,6,Malawi University of Business and Applied Sciences,https://ror.org/05vatjr87,Malawi,MW,mw,AF,mubas.ac.mw,62,July,top-per-country,10.6084/m9.figshare.33062150.v3,https://doi.org/10.6084/m9.figshare.33062150.v3
webometrics,2026-09-28T01:22:12+00:00,overall,2026,12234,5,University of Kigali,https://ror.org/03v842g47,Rwanda,RW,rw,AF,uok.ac.rw,62,July,top-per-country,10.6084/m9.figshare.33062150.v3,https://doi.org/10.6084/m9.figshare.33062150.v3
webometrics,2026-09-28T01:22:12+00:00,overall,2026,12243,1,Université de Nouakchott,https://ror.org/00pt67k84,Mauritania,MR,mr,AW,univ-nkc.mr,62,July,top-per-country,10.6084/m9.figshare.33062150.v3,https://doi.org/10.6084/m9.figshare.33062150.v3
webometrics,2026-09-28T01:22:12+00:00,overall,2026,12243,9,École Polytechique de Thies,https://ror.org/046xg8y70,Senegal,SN,sn,AF,ept.edu.sn,62,July,top-per-country,10.6084/m9.figshare.33062150.v3,https://doi.org/10.6084/m9.figshare.33062150.v3
webometrics,2026-09-28T01:22:12+00:00,overall,2026,12267,5,University of New Medicine,,Mongolia,MN,mn,AS,ncm.edu.mn,62,July,top-per-country,10.6084/m9.figshare.33062150.v3,https://doi.org/10.6084/m9.figshare.33062150.v3
webometrics,2026-09-28T01:22:12+00:00,overall,2026,12272,4,Moscow Stae University Dushanbe,https://ror.org/050a13t43,Tajikistan,TJ,tj,AS,msu.tj,62,July,top-per-country,10.6084/m9.figshare.33062150.v3,https://doi.org/10.6084/m9.figshare.33062150.v3
webometrics,2026-09-28T01:22:12+00:00,overall,2026,12281,10,MIT Faculties,https://ror.org/00v140q16,North Macedonia,MK,mk,EU,mit.edu.mk,62,July,top-per-country,10.6084/m9.figshare.33062150.v3,https://doi.org/10.6084/m9.figshare.33062150.v3
webometrics,2026-09-28T01:22:12+00:00,overall,2026,12315,12,Cyprus College,https://ror.org/05xjkag81,Cyprus,CY,cy,EU,cycollege.ac.cy,62,July,top-per-country,10.6084/m9.figshare.33062150.v3,https://doi.org/10.6084/m9.figshare.33062150.v3
webometrics,2026-09-28T01:22:12+00:00,overall,2026,12327,15,Universidad Privada del Este,https://ror.org/05azpw996,Paraguay,PY,py,IBC,upe.edu.py,62,July,top-per-country,10.6084/m9.figshare.33062150.v3,https://doi.org/10.6084/m9.figshare.33062150.v3
webometrics,2026-09-28T01:22:12+00:00,overall,2026,12347,8,University Centre of the Westfjords,https://ror.org/00z2vfv58,Iceland,IS,is,EU,uw.is,62,July,top-per-country,10.6084/m9.figshare.33062150.v3,https://doi.org/10.6084/m9.figshare.33062150.v3
webometrics,2026-09-28T01:22:12+00:00,overall,2026,12347,11,(3) Universidad de la República Facultad de Arquitectura Diseño y Urbanismo,,Uruguay,UY,uy,IBC,fadu.edu.uy,62,July,top-per-country,10.6084/m9.figshare.33062150.v3,https://doi.org/10.6084/m9.figshare.33062150.v3
webometrics,2026-09-28T01:22:12+00:00,overall,2026,12368,7,African Leadership University,https://ror.org/040n04m36,International,,int,AF,alueducation.com,62,July,top-per-country,10.6084/m9.figshare.33062150.v3,https://doi.org/10.6084/m9.figshare.33062150.v3
webometrics,2026-09-28T01:22:12+00:00,overall,2026,12396,6,International University of Ulaanbaatar,,Mongolia,MN,mn,AS,iuu.edu.mn,62,July,top-per-country,10.6084/m9.figshare.33062150.v3,https://doi.org/10.6084/m9.figshare.33062150.v3
webometrics,2026-09-28T01:22:12+00:00,overall,2026,12446,12,Estonian Information Technology College / IT Kolledž,https://ror.org/040zb1w28,Estonia,EE,ee,EU,itcollege.ee,63,July,top-per-country,10.6084/m9.figshare.33062150.v3,https://doi.org/10.6084/m9.figshare.33062150.v3
webometrics,2026-09-28T01:22:12+00:00,overall,2026,12454,6,Lusaka Apex Medical University,https://ror.org/016ayye29,Zambia,ZM,zm,AF,lamu.edu.zm,63,July,top-per-country,10.6084/m9.figshare.33062150.v3,https://doi.org/10.6084/m9.figshare.33062150.v3
webometrics,2026-09-28T01:22:12+00:00,overall,2026,12464,11,Universidad Latina de Panamá,https://ror.org/04b28td81,Panama,PA,pa,IBC,ulatina.edu.pa,63,July,top-per-country,10.6084/m9.figshare.33062150.v3,https://doi.org/10.6084/m9.figshare.33062150.v3
webometrics,2026-09-28T01:22:12+00:00,overall,2026,12480,11,Universidad de Oriente El Salvador,https://ror.org/014r0rr19,El Salvador,SV,sv,IBC,univo.edu.sv,63,July,top-per-country,10.6084/m9.figshare.33062150.v3,https://doi.org/10.6084/m9.figshare.33062150.v3
webometrics,2026-09-28T01:22:12+00:00,overall,2026,12492,2,University College of the Cayman Islands,https://ror.org/03ebv4744,Cayman Islands,KY,ky,IBC,ucci.edu.ky,63,July,top-per-country,10.6084/m9.figshare.33062150.v3,https://doi.org/10.6084/m9.figshare.33062150.v3
webometrics,2026-09-28T01:22:12+00:00,overall,2026,12517,9,Build Bright University,https://ror.org/01nbgfe29,Cambodia,KH,kh,AS,bbu.edu.kh,63,July,top-per-country,10.6084/m9.figshare.33062150.v3,https://doi.org/10.6084/m9.figshare.33062150.v3
webometrics,2026-09-28T01:22:12+00:00,overall,2026,12527,13,Tartu Health Care College / Tartu Tervishoiu Kõrgkool,https://ror.org/04twzkg92,Estonia,EE,ee,EU,tartuh.ee,63,July,top-per-country,10.6084/m9.figshare.33062150.v3,https://doi.org/10.6084/m9.figshare.33062150.v3
webometrics,2026-09-28T01:22:12+00:00,overall,2026,12549,7,Mongolian Universityy of Life Sciences (Mongolian State University of Agriculture),https://ror.org/04ycjft64,Mongolia,MN,mn,AS,muls.edu.mn,63,July,top-per-country,10.6084/m9.figshare.33062150.v3,https://doi.org/10.6084/m9.figshare.33062150.v3
webometrics,2026-09-28T01:22:12+00:00,overall,2026,12558,1,Northern Marianas College,https://ror.org/042zqcx93,Northern Mariana Islands,MP,mp,AU,marianas.edu,63,July,top-per-country,10.6084/m9.figshare.33062150.v3,https://doi.org/10.6084/m9.figshare.33062150.v3
webometrics,2026-09-28T01:22:12+00:00,overall,2026,12569,7,Zambian Open University,https://ror.org/00vz50m28,Zambia,ZM,zm,AF,zaou.ac.zm,63,July,top-per-country,10.6084/m9.figshare.33062150.v3,https://doi.org/10.6084/m9.figshare.33062150.v3
webometrics,2026-09-28T01:22:12+00:00,overall,2026,12597,2,Villa College,https://ror.org/005azck40,Maldives,MV,mv,AS,villacollege.edu.mv,63,July,top-per-country,10.6084/m9.figshare.33062150.v3,https://doi.org/10.6084/m9.figshare.33062150.v3
webometrics,2026-09-28T01:22:12+00:00,overall,2026,12629,12,Universidad Evangélica de El Salvador,https://ror.org/01xs7ed64,El Salvador,SV,sv,IBC,uees.edu.sv,63,July,top-per-country,10.6084/m9.figshare.33062150.v3,https://doi.org/10.6084/m9.figshare.33062150.v3
webometrics,2026-09-28T01:22:12+00:00,overall,2026,12638,10,FLACSO Guatemala Facultad Latinoamericana de Ciencias Sociales,,Guatemala,GT,gt,IBC,flacso.edu.gt,63,July,top-per-country,10.6084/m9.figshare.33062150.v3,https://doi.org/10.6084/m9.figshare.33062150.v3
webometrics,2026-09-28T01:22:12+00:00,overall,2026,12638,12,(3) Universidad de la República Facultad de Psicología,,Uruguay,UY,uy,IBC,psico.edu.uy,63,July,top-per-country,10.6084/m9.figshare.33062150.v3,https://doi.org/10.6084/m9.figshare.33062150.v3
webometrics,2026-09-28T01:22:12+00:00,overall,2026,12713,5,Pacific Adventist University,https://ror.org/009ramd78,Papua New Guinea,PG,pg,AU,pau.ac.pg,63,July,top-per-country,10.6084/m9.figshare.33062150.v3,https://doi.org/10.6084/m9.figshare.33062150.v3
webometrics,2026-09-28T01:22:12+00:00,overall,2026,12713,13,GEA College of Entrepreneurship Piran,https://ror.org/01r2j4a39,Slovenia,SI,si,EU,gea-college.si,63,July,top-per-country,10.6084/m9.figshare.33062150.v3,https://doi.org/10.6084/m9.figshare.33062150.v3
webometrics,2026-09-28T01:22:12+00:00,overall,2026,12727,2,Universidade Internacional do Cuanza,https://ror.org/04t45q150,Angola,AO,ao,AF,unic.co.ao,63,July,top-per-country,10.6084/m9.figshare.33062150.v3,https://doi.org/10.6084/m9.figshare.33062150.v3
webometrics,2026-09-28T01:22:12+00:00,overall,2026,12739,10,American University of Phnom Penh,https://ror.org/03zsp0254,Cambodia,KH,kh,AS,aupp.edu.kh,63,July,top-per-country,10.6084/m9.figshare.33062150.v3,https://doi.org/10.6084/m9.figshare.33062150.v3
webometrics,2026-09-28T01:22:12+00:00,overall,2026,12747,6,Botswana Accountancy College,https://ror.org/050nwww65,Botswana,BW,bw,AF,bac.ac.bw,63,July,top-per-country,10.6084/m9.figshare.33062150.v3,https://doi.org/10.6084/m9.figshare.33062150.v3
webometrics,2026-09-28T01:22:12+00:00,overall,2026,12795,13,International Maaref University,,Libya,LY,ly,AW,imu.edu.ly,63,July,top-per-country,10.6084/m9.figshare.33062150.v3,https://doi.org/10.6084/m9.figshare.33062150.v3
webometrics,2026-09-28T01:22:12+00:00,overall,2026,12795,13,(3) Universidad de la República Facultad de Ciencias,,Uruguay,UY,uy,IBC,fcien.edu.uy,63,July,top-per-country,10.6084/m9.figshare.33062150.v3,https://doi.org/10.6084/m9.figshare.33062150.v3
webometrics,2026-09-28T01:22:12+00:00,overall,2026,12834,1,American Samoa Community College,https://ror.org/04mnc5f76,American Samoa,AS,as,AU,amsamoa.edu,63,July,top-per-country,10.6084/m9.figshare.33062150.v3,https://doi.org/10.6084/m9.figshare.33062150.v3
webometrics,2026-09-28T01:22:12+00:00,overall,2026,12834,5,Tajik State Medical University Avicenna,https://ror.org/02emvsg33,Tajikistan,TJ,tj,AS,tajmedun.tj,63,July,top-per-country,10.6084/m9.figshare.33062150.v3,https://doi.org/10.6084/m9.figshare.33062150.v3
webometrics,2026-09-28T01:22:12+00:00,overall,2026,12840,11,Norton University,https://ror.org/02re6fe17,Cambodia,KH,kh,AS,norton-u.com,63,July,top-per-country,10.6084/m9.figshare.33062150.v3,https://doi.org/10.6084/m9.figshare.33062150.v3
webometrics,2026-09-28T01:22:12+00:00,overall,2026,12840,12,Lusail University,https://ror.org/05cz9j146,Qatar,QA,qa,AW,lu.edu.qa,63,July,top-per-country,10.6084/m9.figshare.33062150.v3,https://doi.org/10.6084/m9.figshare.33062150.v3
webometrics,2026-09-28T01:22:12+00:00,overall,2026,12862,14,(3) Universidad de la República Facultad de Derecho,,Uruguay,UY,uy,IBC,fder.edu.uy,63,July,top-per-country,10.6084/m9.figshare.33062150.v3,https://doi.org/10.6084/m9.figshare.33062150.v3
webometrics,2026-09-28T01:22:12+00:00,overall,2026,12883,9,Bahçeşehir BAU Cyprus University,https://ror.org/00kdgfn49,TY,,ty,EU,baucyprus.edu.tr,63,July,top-per-country,10.6084/m9.figshare.33062150.v3,https://doi.org/10.6084/m9.figshare.33062150.v3
webometrics,2026-09-28T01:22:12+00:00,overall,2026,12895,13,CIM-Cyprus Business School,https://ror.org/02gnwrw46,Cyprus,CY,cy,EU,cim.ac.cy,63,July,top-per-country,10.6084/m9.figshare.33062150.v3,https://doi.org/10.6084/m9.figshare.33062150.v3
webometrics,2026-09-28T01:22:12+00:00,overall,2026,12922,10,Universidad Martín Lutero,,Nicaragua,NI,ni,IBC,uml.edu.ni,63,July,top-per-country,10.6084/m9.figshare.33062150.v3,https://doi.org/10.6084/m9.figshare.33062150.v3
webometrics,2026-09-28T01:22:12+00:00,overall,2026,12941,12,Universidad Marítima Internacional de Panamá,https://ror.org/02c5he528,Panama,PA,pa,IBC,umip.ac.pa,63,July,top-per-country,10.6084/m9.figshare.33062150.v3,https://doi.org/10.6084/m9.figshare.33062150.v3
webometrics,2026-09-28T01:22:12+00:00,overall,2026,12952,9,Kardan University,https://ror.org/04vts6h49,Afghanistan,AF,af,AS,kardan.edu.af,63,July,top-per-country,10.6084/m9.figshare.33062150.v3,https://doi.org/10.6084/m9.figshare.33062150.v3
webometrics,2026-09-28T01:22:12+00:00,overall,2026,12967,6,Universidade Zambeze,https://ror.org/02azgvq37,Mozambique,MZ,mz,AF,unizambeze.ac.mz,63,July,top-per-country,10.6084/m9.figshare.33062150.v3,https://doi.org/10.6084/m9.figshare.33062150.v3
webometrics,2026-09-28T01:22:12+00:00,overall,2026,12967,13,European University Brčko / Evropski Univerzitet,https://ror.org/02bw9cj21,Bosnia & Herzegovina,BA,ba,EU,eubd.edu.ba,64,July,top-per-country,10.6084/m9.figshare.33062150.v3,https://doi.org/10.6084/m9.figshare.33062150.v3
webometrics,2026-09-28T01:22:12+00:00,overall,2026,13011,3,Université d'Andrainjato (Université de Fianarantsoa),https://ror.org/01emdt307,Madagascar,MG,mg,AF,univ-fianarantsoa.mg,64,July,top-per-country,10.6084/m9.figshare.33062150.v3,https://doi.org/10.6084/m9.figshare.33062150.v3
webometrics,2026-09-28T01:22:12+00:00,overall,2026,13011,13,International School of Medicine (International University of Kyrgyzstan),https://ror.org/026t9hg14,Kyrgyzstan,KG,kg,AS,ism.edu.kg,64,July,top-per-country,10.6084/m9.figshare.33062150.v3,https://doi.org/10.6084/m9.figshare.33062150.v3
webometrics,2026-09-28T01:22:12+00:00,overall,2026,13044,6,Dagon University Myanmar,https://ror.org/05rn78z96,Myanmar (Burma),MM,mm,AS,dagonuniversity.edu.mm,64,July,top-per-country,10.6084/m9.figshare.33062150.v3,https://doi.org/10.6084/m9.figshare.33062150.v3
webometrics,2026-09-28T01:22:12+00:00,overall,2026,13096,2,Cuttington University,https://ror.org/05589zr38,Liberia,LR,lr,AF,cu.edu.lr,64,July,top-per-country,10.6084/m9.figshare.33062150.v3,https://doi.org/10.6084/m9.figshare.33062150.v3
webometrics,2026-09-28T01:22:12+00:00,overall,2026,13117,10,Kıbrıs Sağlık ve Toplum Bilimleri Üniversitesi / Cyprus Health and Social Sciences University,https://ror.org/05cv8rb65,TY,,ty,EU,kstu.edu.tr,64,July,top-per-country,10.6084/m9.figshare.33062150.v3,https://doi.org/10.6084/m9.figshare.33062150.v3
webometrics,2026-09-28T01:22:12+00:00,overall,2026,13133,1,Bermuda College,https://ror.org/05nfte436,Bermuda,BM,bm,NA,college.bm,64,July,top-per-country,10.6084/m9.figshare.33062150.v3,https://doi.org/10.6084/m9.figshare.33062150.v3
webometrics,2026-09-28T01:22:12+00:00,overall,2026,13144,9,State University of Tiraspol / Universitatea de Stat din Tiraspol,https://ror.org/04wd4rg36,Moldova,MD,md,EU,ust.md,64,July,top-per-country,10.6084/m9.figshare.33062150.v3,https://doi.org/10.6084/m9.figshare.33062150.v3
webometrics,2026-09-28T01:22:12+00:00,overall,2026,13144,15,(3) Universidad de la República Facultad de Medicina,,Uruguay,UY,uy,IBC,fmed.edu.uy,64,July,top-per-country,10.6084/m9.figshare.33062150.v3,https://doi.org/10.6084/m9.figshare.33062150.v3
webometrics,2026-09-28T01:22:12+00:00,overall,2026,13181,14,Faculty of Information Studies in Novo Mesto / Fakulteta za informacijske študije,,Slovenia,SI,si,EU,fis.unm.si,64,July,top-per-country,10.6084/m9.figshare.33062150.v3,https://doi.org/10.6084/m9.figshare.33062150.v3
webometrics,2026-09-28T01:22:12+00:00,overall,2026,13211,3,Royal University of Bhutan Sherubtse College,https://ror.org/031ggcd89,Bhutan,BT,bt,AS,sherubtse.edu.bt,64,July,top-per-country,10.6084/m9.figshare.33062150.v3,https://doi.org/10.6084/m9.figshare.33062150.v3
webometrics,2026-09-28T01:22:12+00:00,overall,2026,13220,2,Universidade Jean Piaget de Cabo Verde,https://ror.org/036gt0m92,Cape Verde,CV,cv,AF,unipiaget.edu.cv,64,July,top-per-country,10.6084/m9.figshare.33062150.v3,https://doi.org/10.6084/m9.figshare.33062150.v3
webometrics,2026-09-28T01:22:12+00:00,overall,2026,13220,13,Universidad Dr Andres Bello,https://ror.org/05ke4zy29,El Salvador,SV,sv,IBC,unab.edu.sv,64,July,top-per-country,10.6084/m9.figshare.33062150.v3,https://doi.org/10.6084/m9.figshare.33062150.v3
webometrics,2026-09-28T01:22:12+00:00,overall,2026,13231,9,Puntland State University,https://ror.org/04hsp7g83,Somalia,SO,so,AW,psu.edu.so,64,July,top-per-country,10.6084/m9.figshare.33062150.v3,https://doi.org/10.6084/m9.figshare.33062150.v3
webometrics,2026-09-28T01:22:12+00:00,overall,2026,13270,13,Aden Business School Universidad Alta Dirección,,Panama,PA,pa,IBC,aden.org,64,July,top-per-country,10.6084/m9.figshare.33062150.v3,https://doi.org/10.6084/m9.figshare.33062150.v3
webometrics,2026-09-28T01:22:12+00:00,overall,2026,13313,15,Faculty for Polymer Technology / Fakulteta za tehnologijo polimerov,https://ror.org/0198m6535,Slovenia,SI,si,EU,ftpo.eu,64,July,top-per-country,10.6084/m9.figshare.33062150.v3,https://doi.org/10.6084/m9.figshare.33062150.v3
webometrics,2026-09-28T01:22:12+00:00,overall,2026,13333,12,Paragon International University,https://ror.org/02bz9f046,Cambodia,KH,kh,AS,paragoniu.edu.kh,64,July,top-per-country,10.6084/m9.figshare.33062150.v3,https://doi.org/10.6084/m9.figshare.33062150.v3
webometrics,2026-09-28T01:22:12+00:00,overall,2026,13354,8,ZCAS University,https://ror.org/02j0dnv45,Zambia,ZM,zm,AF,zcas.ac.zm,64,July,top-per-country,10.6084/m9.figshare.33062150.v3,https://doi.org/10.6084/m9.figshare.33062150.v3
webometrics,2026-09-28T01:22:12+00:00,overall,2026,13360,6,Catholic University of Kabgayi,https://ror.org/04425ns70,Rwanda,RW,rw,AF,uck.ac.rw,64,July,top-per-country,10.6084/m9.figshare.33062150.v3,https://doi.org/10.6084/m9.figshare.33062150.v3
webometrics,2026-09-28T01:22:12+00:00,overall,2026,13409,4,Politeknik Brunei,https://ror.org/05ednck41,Brunei,BN,bn,AS,pb.edu.bn,64,July,top-per-country,10.6084/m9.figshare.33062150.v3,https://doi.org/10.6084/m9.figshare.33062150.v3
webometrics,2026-09-28T01:22:12+00:00,overall,2026,13462,11,(3) Centro Universitario de Occidente Universidad de San Carlos de Guatemala,https://ror.org/039n74540,Guatemala,GT,gt,IBC,cunoc.edu.gt,64,July,top-per-country,10.6084/m9.figshare.33062150.v3,https://doi.org/10.6084/m9.figshare.33062150.v3
webometrics,2026-09-28T01:22:12+00:00,overall,2026,13494,14,Ala Too International University (International Ataturk Alatoo University),https://ror.org/03kj11b67,Kyrgyzstan,KG,kg,AS,alatoo.edu.kg,64,July,top-per-country,10.6084/m9.figshare.33062150.v3,https://doi.org/10.6084/m9.figshare.33062150.v3
webometrics,2026-09-28T01:22:12+00:00,overall,2026,13515,14,EELK Usuteaduse Instituut,https://ror.org/03y9sqg61,Estonia,EE,ee,EU,eelk.ee,64,July,top-per-country,10.6084/m9.figshare.33062150.v3,https://doi.org/10.6084/m9.figshare.33062150.v3
webometrics,2026-09-28T01:22:12+00:00,overall,2026,13564,10,Academy of Music Theatre and Fine Arts / Academia de Muzica Teatru si Arte Plastice,https://ror.org/04apw5n28,Moldova,MD,md,EU,amtap.md,64,July,top-per-country,10.6084/m9.figshare.33062150.v3,https://doi.org/10.6084/m9.figshare.33062150.v3
webometrics,2026-09-28T01:22:12+00:00,overall,2026,13599,2,T A Marryshow Community College,,Grenada,GD,gd,IBC,tamcc.edu.gd,64,July,top-per-country,10.6084/m9.figshare.33062150.v3,https://doi.org/10.6084/m9.figshare.33062150.v3
webometrics,2026-09-28T01:22:12+00:00,overall,2026,13599,4,Middlesex University Mauritius,https://ror.org/0531tjg57,Mauritius,MU,mu,AF,middlesex.mu,64,July,top-per-country,10.6084/m9.figshare.33062150.v3,https://doi.org/10.6084/m9.figshare.33062150.v3
webometrics,2026-09-28T01:22:12+00:00,overall,2026,13610,5,Open University of Mauritius,https://ror.org/00mn8c655,Mauritius,MU,mu,AF,open.ac.mu,64,July,top-per-country,10.6084/m9.figshare.33062150.v3,https://doi.org/10.6084/m9.figshare.33062150.v3
webometrics,2026-09-28T01:22:12+00:00,overall,2026,13645,11,State University of Comrat / Universitatea de Stat din Comrat,https://ror.org/024zspx22,Moldova,MD,md,EU,kdu.md,65,July,top-per-country,10.6084/m9.figshare.33062150.v3,https://doi.org/10.6084/m9.figshare.33062150.v3
webometrics,2026-09-28T01:22:12+00:00,overall,2026,13645,13,Zimbabwe Ezekiel Guti University,https://ror.org/052ygfd66,Zimbabwe,ZW,zw,AF,zegu.ac.zw,65,July,top-per-country,10.6084/m9.figshare.33062150.v3,https://doi.org/10.6084/m9.figshare.33062150.v3
webometrics,2026-09-28T01:22:12+00:00,overall,2026,13689,10,East Africa University Qardho,,Somalia,SO,so,AW,eauqardho.edu.so,65,July,top-per-country,10.6084/m9.figshare.33062150.v3,https://doi.org/10.6084/m9.figshare.33062150.v3
webometrics,2026-09-28T01:22:12+00:00,overall,2026,13689,13,Georgetown University in Qatar,https://ror.org/029e47x73,Qatar,QA,qa,AW,qatar.georgetown.edu,65,July,top-per-country,10.6084/m9.figshare.33062150.v3,https://doi.org/10.6084/m9.figshare.33062150.v3
webometrics,2026-09-28T01:22:12+00:00,overall,2026,13703,11,Cyprus Science University / Kıbrıs Aydın Üniversitesi,https://ror.org/01jz1cr68,TY,,ty,EU,cau.edu.tr,65,July,top-per-country,10.6084/m9.figshare.33062150.v3,https://doi.org/10.6084/m9.figshare.33062150.v3
webometrics,2026-09-28T01:22:12+00:00,overall,2026,13710,15,Academy of Management under the President of the Kyrgyz Republic,https://ror.org/04a09r739,Kyrgyzstan,KG,kg,AS,apap.kg,65,July,top-per-country,10.6084/m9.figshare.33062150.v3,https://doi.org/10.6084/m9.figshare.33062150.v3
webometrics,2026-09-28T01:22:12+00:00,overall,2026,13746,7,Technological University Mandalay,https://ror.org/01gwmqw64,Myanmar (Burma),MM,mm,AS,mtu.edu.mm,65,July,top-per-country,10.6084/m9.figshare.33062150.v3,https://doi.org/10.6084/m9.figshare.33062150.v3
webometrics,2026-09-28T01:22:12+00:00,overall,2026,13756,14,Universidad Luterana Salvadoreña,https://ror.org/02hj2xr21,El Salvador,SV,sv,IBC,uls.edu.sv,65,July,top-per-country,10.6084/m9.figshare.33062150.v3,https://doi.org/10.6084/m9.figshare.33062150.v3
webometrics,2026-09-28T01:22:12+00:00,overall,2026,13776,11,Universidad Católica Redemptoris Mater,https://ror.org/00af12v02,Nicaragua,NI,ni,IBC,unica.edu.ni,65,July,top-per-country,10.6084/m9.figshare.33062150.v3,https://doi.org/10.6084/m9.figshare.33062150.v3
webometrics,2026-09-28T01:22:12+00:00,overall,2026,13787,2,Sir Arthur Lewis Community College,https://ror.org/026f02s60,St. Lucia,LC,lc,IBC,salcc.edu.lc,65,July,top-per-country,10.6084/m9.figshare.33062150.v3,https://doi.org/10.6084/m9.figshare.33062150.v3
webometrics,2026-09-28T01:22:12+00:00,overall,2026,13820,9,Cavendish University Zambia,https://ror.org/0247acz73,Zambia,ZM,zm,AF,cavendishza.org,65,July,top-per-country,10.6084/m9.figshare.33062150.v3,https://doi.org/10.6084/m9.figshare.33062150.v3
webometrics,2026-09-28T01:22:12+00:00,overall,2026,13877,4,Université Norbert Zongo,https://ror.org/02hrqje66,Burkina Faso,BF,bf,AF,unz.bf,65,July,top-per-country,10.6084/m9.figshare.33062150.v3,https://doi.org/10.6084/m9.figshare.33062150.v3
webometrics,2026-09-28T01:22:12+00:00,overall,2026,13902,12,Instituto Técnico de Capacitación y Productividad INTECAP,,Guatemala,GT,gt,IBC,intecap.edu.gt,65,July,top-per-country,10.6084/m9.figshare.33062150.v3,https://doi.org/10.6084/m9.figshare.33062150.v3
webometrics,2026-09-28T01:22:12+00:00,overall,2026,13902,12,Kıbrıs Amerikan Üniversitesi / American University of Cyprus,https://ror.org/01pk67a30,TY,,ty,EU,auc.edu.tr,65,July,top-per-country,10.6084/m9.figshare.33062150.v3,https://doi.org/10.6084/m9.figshare.33062150.v3
webometrics,2026-09-28T01:22:12+00:00,overall,2026,13910,8,University of Finance and Economics of Mongolia,https://ror.org/005d8s603,Mongolia,MN,mn,AS,ufe.edu.mn,65,July,top-per-country,10.6084/m9.figshare.33062150.v3,https://doi.org/10.6084/m9.figshare.33062150.v3
webometrics,2026-09-28T01:22:12+00:00,overall,2026,13927,7,Universidade Politécnica A Politécnica,https://ror.org/00tnfjj44,Mozambique,MZ,mz,AF,apolitecnica.ac.mz,65,July,top-per-country,10.6084/m9.figshare.33062150.v3,https://doi.org/10.6084/m9.figshare.33062150.v3
webometrics,2026-09-28T01:22:12+00:00,overall,2026,13927,12,Universidad del Valle Managua,https://ror.org/034me3y30,Nicaragua,NI,ni,IBC,univalle.edu.ni,65,July,top-per-country,10.6084/m9.figshare.33062150.v3,https://doi.org/10.6084/m9.figshare.33062150.v3
webometrics,2026-09-28T01:22:12+00:00,overall,2026,13949,10,Centre Africain d'Études Supérieures en Gestión Senegal,https://ror.org/04aen0982,Senegal,SN,sn,AF,cesag.sn,65,July,top-per-country,10.6084/m9.figshare.33062150.v3,https://doi.org/10.6084/m9.figshare.33062150.v3
webometrics,2026-09-28T01:22:12+00:00,overall,2026,14003,13,University of City Island / Kibris Ada Kent Üniversitesi,https://ror.org/059qx7e64,TY,,ty,EU,adakent.edu.tr,65,July,top-per-country,10.6084/m9.figshare.33062150.v3,https://doi.org/10.6084/m9.figshare.33062150.v3
webometrics,2026-09-28T01:22:12+00:00,overall,2026,14035,12,Cahul State University Bogdan Petriceicu Hasdeu / Universitatea de Stat Bogdan Petriceicu Hasdeu,https://ror.org/025t4nz25,Moldova,MD,md,EU,usch.md,65,July,top-per-country,10.6084/m9.figshare.33062150.v3,https://doi.org/10.6084/m9.figshare.33062150.v3
webometrics,2026-09-28T01:22:12+00:00,overall,2026,14043,14,American College Cyprus,https://ror.org/05w3ffa57,Cyprus,CY,cy,EU,ac.ac.cy,65,July,top-per-country,10.6084/m9.figshare.33062150.v3,https://doi.org/10.6084/m9.figshare.33062150.v3
webometrics,2026-09-28T01:22:12+00:00,overall,2026,14046,8,IFA Paris Fashion School,,International,,int,INT,ifaparis.com,65,July,top-per-country,10.6084/m9.figshare.33062150.v3,https://doi.org/10.6084/m9.figshare.33062150.v3
webometrics,2026-09-28T01:22:12+00:00,overall,2026,14046,11,East Africa University Bosaso,https://ror.org/058c2zn82,Somalia,SO,so,AW,eau.edu.so,65,July,top-per-country,10.6084/m9.figshare.33062150.v3,https://doi.org/10.6084/m9.figshare.33062150.v3
webometrics,2026-09-28T01:22:12+00:00,overall,2026,14113,8,Universidad José Cecilio del Valle,https://ror.org/0335q7x18,Honduras,HN,hn,IBC,ujcv.edu.hn,65,July,top-per-country,10.6084/m9.figshare.33062150.v3,https://doi.org/10.6084/m9.figshare.33062150.v3
webometrics,2026-09-28T01:22:12+00:00,overall,2026,14165,9,Khovd University,,Mongolia,MN,mn,AS,khu.edu.mn,65,July,top-per-country,10.6084/m9.figshare.33062150.v3,https://doi.org/10.6084/m9.figshare.33062150.v3
webometrics,2026-09-28T01:22:12+00:00,overall,2026,14181,13,National Institute of Physical Education and Sport / Universitatea de Stat de Educaţie Fizică şi Sport,https://ror.org/05peb2h15,Moldova,MD,md,EU,usefs.md,65,July,top-per-country,10.6084/m9.figshare.33062150.v3,https://doi.org/10.6084/m9.figshare.33062150.v3
webometrics,2026-09-28T01:22:12+00:00,overall,2026,14195,9,Universidad de San Pedro Sula,https://ror.org/01xzw5f75,Honduras,HN,hn,IBC,usap.edu,65,July,top-per-country,10.6084/m9.figshare.33062150.v3,https://doi.org/10.6084/m9.figshare.33062150.v3
webometrics,2026-09-28T01:22:12+00:00,overall,2026,14218,14,University of Mediterranean Karpasia / Akdeniz Karpaz Üniversitesi,https://ror.org/040knvs26,TY,,ty,EU,akun.edu.tr,65,July,top-per-country,10.6084/m9.figshare.33062150.v3,https://doi.org/10.6084/m9.figshare.33062150.v3
webometrics,2026-09-28T01:22:12+00:00,overall,2026,14236,13,CamEd Business School,https://ror.org/00pcwya82,Cambodia,KH,kh,AS,cam-ed.edu.kh,65,July,top-per-country,10.6084/m9.figshare.33062150.v3,https://doi.org/10.6084/m9.figshare.33062150.v3
webometrics,2026-09-28T01:22:12+00:00,overall,2026,14261,7,International University of the Caribbean,https://ror.org/02rv57d03,Jamaica,JM,jm,IBC,iuc.edu.jm,65,July,top-per-country,10.6084/m9.figshare.33062150.v3,https://doi.org/10.6084/m9.figshare.33062150.v3
webometrics,2026-09-28T01:22:12+00:00,overall,2026,14261,14,International University of Travnik / Internacionalni Univerzitet Travnik,https://ror.org/03hw0dp08,Bosnia & Herzegovina,BA,ba,EU,iu-travnik.com,66,July,top-per-country,10.6084/m9.figshare.33062150.v3,https://doi.org/10.6084/m9.figshare.33062150.v3
webometrics,2026-09-28T01:22:12+00:00,overall,2026,14327,15,CTL Eurocollege Cyprus,https://ror.org/04z4n1a35,Cyprus,CY,cy,EU,ctleuro.ac.cy,66,July,top-per-country,10.6084/m9.figshare.33062150.v3,https://doi.org/10.6084/m9.figshare.33062150.v3
webometrics,2026-09-28T01:22:12+00:00,overall,2026,14327,15,Estonian Entrepreneurship University of Applied Sciences / Eesti Ettevõtluskõrgkool Mainor,https://ror.org/02d12kw26,Estonia,EE,ee,EU,euas.eu,66,July,top-per-country,10.6084/m9.figshare.33062150.v3,https://doi.org/10.6084/m9.figshare.33062150.v3
webometrics,2026-09-28T01:22:12+00:00,overall,2026,14340,5,National Institute of Higher Education Research Science and Technology NIHERST,,Trinidad & Tobago,TT,tt,IBC,niherst.gov.tt,66,July,top-per-country,10.6084/m9.figshare.33062150.v3,https://doi.org/10.6084/m9.figshare.33062150.v3
webometrics,2026-09-28T01:22:12+00:00,overall,2026,14351,11,Institut de Formation et de Recherche Démographiques Cameroun,https://ror.org/051b3s825,Cameroon,CM,cm,AF,iford-cm.org,66,July,top-per-country,10.6084/m9.figshare.33062150.v3,https://doi.org/10.6084/m9.figshare.33062150.v3
webometrics,2026-09-28T01:22:12+00:00,overall,2026,14497,8,Universidade Técnica de Moçambique,https://ror.org/041f1nz98,Mozambique,MZ,mz,AF,udm.ac.mz,66,July,top-per-country,10.6084/m9.figshare.33062150.v3,https://doi.org/10.6084/m9.figshare.33062150.v3
webometrics,2026-09-28T01:22:12+00:00,overall,2026,14517,5,Belize Medical College Central America Health Sciences University,https://ror.org/00fbm6g50,Belize,BZ,bz,IBC,cahsu.edu,66,July,top-per-country,10.6084/m9.figshare.33062150.v3,https://doi.org/10.6084/m9.figshare.33062150.v3
webometrics,2026-09-28T01:22:12+00:00,overall,2026,14560,6,Technological University of Tajikistan,https://ror.org/00y792711,Tajikistan,TJ,tj,AS,tut.tj,66,July,top-per-country,10.6084/m9.figshare.33062150.v3,https://doi.org/10.6084/m9.figshare.33062150.v3
webometrics,2026-09-28T01:22:12+00:00,overall,2026,14583,7,Mount Kigali University,https://ror.org/008j47576,Rwanda,RW,rw,AF,mkur.ac.rw,66,July,top-per-country,10.6084/m9.figshare.33062150.v3,https://doi.org/10.6084/m9.figshare.33062150.v3
webometrics,2026-09-28T01:22:12+00:00,overall,2026,14642,14,Solusi University,https://ror.org/00c9gh315,Zimbabwe,ZW,zw,AF,solusi.ac.zw,66,July,top-per-country,10.6084/m9.figshare.33062150.v3,https://doi.org/10.6084/m9.figshare.33062150.v3
webometrics,2026-09-28T01:22:12+00:00,overall,2026,14724,8,University of the West Indies Mona Jamaica,https://ror.org/03fkc8c64,Jamaica,JM,jm,IBC,mona.uwi.edu,66,July,top-per-country,10.6084/m9.figshare.33062150.v3,https://doi.org/10.6084/m9.figshare.33062150.v3
webometrics,2026-09-28T01:22:12+00:00,overall,2026,14745,14,University of Tripoli Alahlia for Humanities and Applied Sciences,https://ror.org/03707rf96,Libya,LY,ly,AW,utripoli.edu.ly,66,July,top-per-country,10.6084/m9.figshare.33062150.v3,https://doi.org/10.6084/m9.figshare.33062150.v3
webometrics,2026-09-28T01:22:12+00:00,overall,2026,14758,15,University Sinergija / Univerzitet Sinergija,https://ror.org/05cv9ex33,Bosnia & Herzegovina,BA,ba,EU,sinergija.edu.ba,66,July,top-per-country,10.6084/m9.figshare.33062150.v3,https://doi.org/10.6084/m9.figshare.33062150.v3
webometrics,2026-09-28T01:22:12+00:00,overall,2026,14801,10,Ider University,https://ror.org/03054hf98,Mongolia,MN,mn,AS,ider.edu.mn,66,July,top-per-country,10.6084/m9.figshare.33062150.v3,https://doi.org/10.6084/m9.figshare.33062150.v3
webometrics,2026-09-28T01:22:12+00:00,overall,2026,14836,2,Guam Community College,https://ror.org/03pbsn844,Guam,GU,gu,AU,guamcc.edu,66,July,top-per-country,10.6084/m9.figshare.33062150.v3,https://doi.org/10.6084/m9.figshare.33062150.v3
webometrics,2026-09-28T01:22:12+00:00,overall,2026,14836,4,Khesar Gyalpo University of Medical Sciences of Bhutan,https://ror.org/0131kfw61,Bhutan,BT,bt,AS,kgumsb.edu.bt,66,July,top-per-country,10.6084/m9.figshare.33062150.v3,https://doi.org/10.6084/m9.figshare.33062150.v3
webometrics,2026-09-28T01:22:12+00:00,overall,2026,14881,8,University of Tourism Technology and Business Studies,,Rwanda,RW,rw,AF,utb.ac.rw,66,July,top-per-country,10.6084/m9.figshare.33062150.v3,https://doi.org/10.6084/m9.figshare.33062150.v3
webometrics,2026-09-28T01:22:12+00:00,overall,2026,14927,14,Svay Rieng University,https://ror.org/010nsc013,Cambodia,KH,kh,AS,sru.edu.kh,66,July,top-per-country,10.6084/m9.figshare.33062150.v3,https://doi.org/10.6084/m9.figshare.33062150.v3
webometrics,2026-09-28T01:22:12+00:00,overall,2026,14966,1,Ukrainian Free University,https://ror.org/02ywmkj38,Germany / Ukraine,,de/ua,EU,ufu-muenchen.de,66,July,top-per-country,10.6084/m9.figshare.33062150.v3,https://doi.org/10.6084/m9.figshare.33062150.v3
webometrics,2026-09-28T01:22:12+00:00,overall,2026,14966,4,Université de Toliara,https://ror.org/03g407536,Madagascar,MG,mg,AF,univ-toliara.mg,66,July,top-per-country,10.6084/m9.figshare.33062150.v3,https://doi.org/10.6084/m9.figshare.33062150.v3
webometrics,2026-09-28T01:22:12+00:00,overall,2026,15068,3,Pyongyang University of Science & Technology,https://ror.org/000vgrb22,North Korea,KP,kp,AS,pust.co,66,July,top-per-country,10.6084/m9.figshare.33062150.v3,https://doi.org/10.6084/m9.figshare.33062150.v3
webometrics,2026-09-28T01:22:12+00:00,overall,2026,15103,9,Instituto Superior de Ciencias e Tecnologia de Mocambique,https://ror.org/02y7rg150,Mozambique,MZ,mz,AF,isctem.ac.mz,66,July,top-per-country,10.6084/m9.figshare.33062150.v3,https://doi.org/10.6084/m9.figshare.33062150.v3
webometrics,2026-09-28T01:22:12+00:00,overall,2026,15118,3,University of Makeni,https://ror.org/05b9py859,Sierra Leone,SL,sl,AF,unimak.edu.sl,66,July,top-per-country,10.6084/m9.figshare.33062150.v3,https://doi.org/10.6084/m9.figshare.33062150.v3
webometrics,2026-09-28T01:22:12+00:00,overall,2026,15118,7,Tajik State Pedagogical University,https://ror.org/015dapv07,Tajikistan,TJ,tj,AS,tgpu.tj,66,July,top-per-country,10.6084/m9.figshare.33062150.v3,https://doi.org/10.6084/m9.figshare.33062150.v3
webometrics,2026-09-28T01:22:12+00:00,overall,2026,15145,15,Libyan academy for Postgraduate Studies,https://ror.org/05s3qq987,Libya,LY,ly,AW,academy.edu.ly,66,July,top-per-country,10.6084/m9.figshare.33062150.v3,https://doi.org/10.6084/m9.figshare.33062150.v3
webometrics,2026-09-28T01:22:12+00:00,overall,2026,15156,14,Universidad ISAE Panamá,https://ror.org/01cxtyq16,Panama,PA,pa,IBC,isaeuniversidad.ac.pa,66,July,top-per-country,10.6084/m9.figshare.33062150.v3,https://doi.org/10.6084/m9.figshare.33062150.v3
webometrics,2026-09-28T01:22:12+00:00,overall,2026,15173,11,European University North Macedonia,https://ror.org/04gpw1v92,North Macedonia,MK,mk,EU,eu.edu.mk,66,July,top-per-country,10.6084/m9.figshare.33062150.v3,https://doi.org/10.6084/m9.figshare.33062150.v3
webometrics,2026-09-28T01:22:12+00:00,overall,2026,15207,1,Solomon Islands National University,https://ror.org/050dyr068,Solomon Islands,SB,sb,AU,sinu.edu.sb,66,July,top-per-country,10.6084/m9.figshare.33062150.v3,https://doi.org/10.6084/m9.figshare.33062150.v3
webometrics,2026-09-28T01:22:12+00:00,overall,2026,15207,15,Royal University of Fine Arts,https://ror.org/01w33af17,Cambodia,KH,kh,AS,rufa.edu.kh,66,July,top-per-country,10.6084/m9.figshare.33062150.v3,https://doi.org/10.6084/m9.figshare.33062150.v3
webometrics,2026-09-28T01:22:12+00:00,overall,2026,15316,1,Magtymguly Turkmen State University,https://ror.org/035h06756,Turkmenistan,TM,tm,AS,tdu.edu.tm,66,July,top-per-country,10.6084/m9.figshare.33062150.v3,https://doi.org/10.6084/m9.figshare.33062150.v3
webometrics,2026-09-28T01:22:12+00:00,overall,2026,15316,6,(3) UWI School of Business and Applied Studies Limited,,Trinidad & Tobago,TT,tt,IBC,roytec.edu,66,July,top-per-country,10.6084/m9.figshare.33062150.v3,https://doi.org/10.6084/m9.figshare.33062150.v3
webometrics,2026-09-28T01:22:12+00:00,overall,2026,15330,8,University of Medicine 2 Yangon,https://ror.org/05028dx30,Myanmar (Burma),MM,mm,AS,um2ygn.edu.mm,67,July,top-per-country,10.6084/m9.figshare.33062150.v3,https://doi.org/10.6084/m9.figshare.33062150.v3
webometrics,2026-09-28T01:22:12+00:00,overall,2026,15353,12,International Slavic University G R Derzhavin,https://ror.org/02qtq4y04,North Macedonia,MK,mk,EU,msu.edu.mk,67,July,top-per-country,10.6084/m9.figshare.33062150.v3,https://doi.org/10.6084/m9.figshare.33062150.v3
webometrics,2026-09-28T01:22:12+00:00,overall,2026,15405,10,Kateb University,https://ror.org/012hzxe25,Afghanistan,AF,af,AS,kateb.edu.af,67,July,top-per-country,10.6084/m9.figshare.33062150.v3,https://doi.org/10.6084/m9.figshare.33062150.v3
webometrics,2026-09-28T01:22:12+00:00,overall,2026,15412,7,University of Livingstonia,https://ror.org/02fqsc924,Malawi,MW,mw,AF,unilia.ac.mw,67,July,top-per-country,10.6084/m9.figshare.33062150.v3,https://doi.org/10.6084/m9.figshare.33062150.v3
webometrics,2026-09-28T01:22:12+00:00,overall,2026,15485,11,Université du Sine Saloum El Hâdj Ibrahima NIASS,https://ror.org/016fjr533,Senegal,SN,sn,AF,ussein.sn,67,July,top-per-country,10.6084/m9.figshare.33062150.v3,https://doi.org/10.6084/m9.figshare.33062150.v3
webometrics,2026-09-28T01:22:12+00:00,overall,2026,15516,9,American International University Kuwait University,https://ror.org/021fqaq27,Kuwait,KW,kw,AW,aiu.edu.kw,67,July,top-per-country,10.6084/m9.figshare.33062150.v3,https://doi.org/10.6084/m9.figshare.33062150.v3
webometrics,2026-09-28T01:22:12+00:00,overall,2026,15541,13,University for Tourism and Management Skopje,,North Macedonia,MK,mk,EU,utms.edu.mk,67,July,top-per-country,10.6084/m9.figshare.33062150.v3,https://doi.org/10.6084/m9.figshare.33062150.v3
webometrics,2026-09-28T01:22:12+00:00,overall,2026,15552,3,William V S Tubman University,https://ror.org/01t6qw336,Liberia,LR,lr,AF,tubmanu.edu.lr,67,July,top-per-country,10.6084/m9.figshare.33062150.v3,https://doi.org/10.6084/m9.figshare.33062150.v3
webometrics,2026-09-28T01:22:12+00:00,overall,2026,15557,10,Arab Open University Kuwait,,Kuwait,KW,kw,AW,arabou.edu.kw,67,July,top-per-country,10.6084/m9.figshare.33062150.v3,https://doi.org/10.6084/m9.figshare.33062150.v3
webometrics,2026-09-28T01:22:12+00:00,overall,2026,15579,5,Royal Thimphu College,,Bhutan,BT,bt,AS,rtc.bt,67,July,top-per-country,10.6084/m9.figshare.33062150.v3,https://doi.org/10.6084/m9.figshare.33062150.v3
webometrics,2026-09-28T01:22:12+00:00,overall,2026,15579,8,Tajik Agrarian University Shirinsho Shotemur / Таджикский Аграрный Университет Имени Шириншох Шотемур,https://ror.org/045cv1381,Tajikistan,TJ,tj,AS,tajagroun.tj,67,July,top-per-country,10.6084/m9.figshare.33062150.v3,https://doi.org/10.6084/m9.figshare.33062150.v3
webometrics,2026-09-28T01:22:12+00:00,overall,2026,15631,11,Université Française en Armenie,https://ror.org/05w92f868,Armenia,AM,am,EU,ufar.am,67,July,top-per-country,10.6084/m9.figshare.33062150.v3,https://doi.org/10.6084/m9.figshare.33062150.v3
webometrics,2026-09-28T01:22:12+00:00,overall,2026,15634,11,Bahrain Institute of Banking and Finance,,Bahrain,BH,bh,AW,bibf.com,67,July,top-per-country,10.6084/m9.figshare.33062150.v3,https://doi.org/10.6084/m9.figshare.33062150.v3
webometrics,2026-09-28T01:22:12+00:00,overall,2026,15643,3,(4) Caribbean Medical University School of Medicine CMU,,Curaçao,CW,cw,IBC,cmumed.org,67,July,top-per-country,10.6084/m9.figshare.33062150.v3,https://doi.org/10.6084/m9.figshare.33062150.v3
webometrics,2026-09-28T01:22:12+00:00,overall,2026,15659,5,Université Libre des Pays des Grands Lacs,https://ror.org/04700yz30,Congo - Kinshasa,CD,cd,AF,ulpgl.net,67,July,top-per-country,10.6084/m9.figshare.33062150.v3,https://doi.org/10.6084/m9.figshare.33062150.v3
webometrics,2026-09-28T01:22:12+00:00,overall,2026,15682,8,(3) University of Malawi College of Medicine Liverpool Wellcome Trust,,Malawi,MW,mw,AF,medcol.mw,67,July,top-per-country,10.6084/m9.figshare.33062150.v3,https://doi.org/10.6084/m9.figshare.33062150.v3
webometrics,2026-09-28T01:22:12+00:00,overall,2026,15703,10,Universidade São Tomás de Moçambique,https://ror.org/044ce3082,Mozambique,MZ,mz,AF,ustm.ac.mz,67,July,top-per-country,10.6084/m9.figshare.33062150.v3,https://doi.org/10.6084/m9.figshare.33062150.v3
webometrics,2026-09-28T01:22:12+00:00,overall,2026,15703,11,Kabul Medical University,https://ror.org/02ndvz068,Afghanistan,AF,af,AS,kums.edu.af,67,July,top-per-country,10.6084/m9.figshare.33062150.v3,https://doi.org/10.6084/m9.figshare.33062150.v3
webometrics,2026-09-28T01:22:12+00:00,overall,2026,15703,14,Moldova Cooperative Trade University / Universitatea Cooperatist- Comerciala din Moldova,https://ror.org/000p7dd29,Moldova,MD,md,EU,uccm.md,67,July,top-per-country,10.6084/m9.figshare.33062150.v3,https://doi.org/10.6084/m9.figshare.33062150.v3
webometrics,2026-09-28T01:22:12+00:00,overall,2026,15725,9,Khujand State University Academician Bobojon Ghafurov / Донишгоҳи давлатии Хуҷанд ба номи академик Бобоҷон Ғафуров,https://ror.org/02r6cx512,Tajikistan,TJ,tj,AS,hgu.tj,67,July,top-per-country,10.6084/m9.figshare.33062150.v3,https://doi.org/10.6084/m9.figshare.33062150.v3
webometrics,2026-09-28T01:22:12+00:00,overall,2026,15771,3,Dominica State College,https://ror.org/04knez035,Dominica,DM,dm,IBC,dsc.edu.dm,67,July,top-per-country,10.6084/m9.figshare.33062150.v3,https://doi.org/10.6084/m9.figshare.33062150.v3
webometrics,2026-09-28T01:22:12+00:00,overall,2026,15785,9,Adventist University of Central Africa,https://ror.org/02n0het18,Rwanda,RW,rw,AF,auca.ac.rw,67,July,top-per-country,10.6084/m9.figshare.33062150.v3,https://doi.org/10.6084/m9.figshare.33062150.v3
webometrics,2026-09-28T01:22:12+00:00,overall,2026,15785,11,Mongolia International University,https://ror.org/00vkfxn17,Mongolia,MN,mn,AS,miu.edu.mn,67,July,top-per-country,10.6084/m9.figshare.33062150.v3,https://doi.org/10.6084/m9.figshare.33062150.v3
webometrics,2026-09-28T01:22:12+00:00,overall,2026,15825,12,University of Bosaso,,Somalia,SO,so,AW,uob.edu.so,67,July,top-per-country,10.6084/m9.figshare.33062150.v3,https://doi.org/10.6084/m9.figshare.33062150.v3
webometrics,2026-09-28T01:22:12+00:00,overall,2026,15860,10,University of Lay Adventists of Kigali,https://ror.org/00p954r86,Rwanda,RW,rw,AF,unilak.ac.rw,67,July,top-per-country,10.6084/m9.figshare.33062150.v3,https://doi.org/10.6084/m9.figshare.33062150.v3
webometrics,2026-09-28T01:22:12+00:00,overall,2026,15890,12,Institut Universitaire de la Côte,https://ror.org/03e7f5c12,Cameroon,CM,cm,AF,myiuc.com,67,July,top-per-country,10.6084/m9.figshare.33062150.v3,https://doi.org/10.6084/m9.figshare.33062150.v3
webometrics,2026-09-28T01:22:12+00:00,overall,2026,15915,6,Mahatma Gandhi Institute Rabindranath Tagore Institute,https://ror.org/02hqm2v55,Mauritius,MU,mu,AF,mgirti.ac.mu,67,July,top-per-country,10.6084/m9.figshare.33062150.v3,https://doi.org/10.6084/m9.figshare.33062150.v3
webometrics,2026-09-28T01:22:12+00:00,overall,2026,15979,9,Yangon Technological University,https://ror.org/008pxsf13,Myanmar (Burma),MM,mm,AS,ytu.edu.mm,67,July,top-per-country,10.6084/m9.figshare.33062150.v3,https://doi.org/10.6084/m9.figshare.33062150.v3
webometrics,2026-09-28T01:22:12+00:00,overall,2026,15979,12,AFI Business School,https://ror.org/01157qb85,Senegal,SN,sn,AF,afi-ue.sn,67,July,top-per-country,10.6084/m9.figshare.33062150.v3,https://doi.org/10.6084/m9.figshare.33062150.v3
webometrics,2026-09-28T01:22:12+00:00,overall,2026,16001,3,Instituto Superior Politécnico de Tecnologias e Ciências ISPTEC,https://ror.org/04mhy5c57,Angola,AO,ao,AF,isptec.co.ao,68,July,top-per-country,10.6084/m9.figshare.33062150.v3,https://doi.org/10.6084/m9.figshare.33062150.v3
webometrics,2026-09-28T01:22:12+00:00,overall,2026,16016,1,(4) All Saints University College of Medicine Saint Vincent and the Grenadines,,British Virgin Islands,VG,vg,IBC,allsaintsu.org,68,July,top-per-country,10.6084/m9.figshare.33062150.v3,https://doi.org/10.6084/m9.figshare.33062150.v3
webometrics,2026-09-28T01:22:12+00:00,overall,2026,16044,9,St John the Baptist University,https://ror.org/02ngq1848,Malawi,MW,mw,AF,dmisjbu.edu.mw,68,July,top-per-country,10.6084/m9.figshare.33062150.v3,https://doi.org/10.6084/m9.figshare.33062150.v3
webometrics,2026-09-28T01:22:12+00:00,overall,2026,16065,15,Universidad Tecnológica Oteima,https://ror.org/040kwf410,Panama,PA,pa,IBC,oteima.ac.pa,68,July,top-per-country,10.6084/m9.figshare.33062150.v3,https://doi.org/10.6084/m9.figshare.33062150.v3
webometrics,2026-09-28T01:22:12+00:00,overall,2026,16103,4,American International University West Africa,https://ror.org/04rc9cg08,Gambia,GM,gm,AF,aiu.edu.gm,68,July,top-per-country,10.6084/m9.figshare.33062150.v3,https://doi.org/10.6084/m9.figshare.33062150.v3
webometrics,2026-09-28T01:22:12+00:00,overall,2026,16103,15,Universidad Salvadoreña Alberto Masferrer,https://ror.org/00e8bt462,El Salvador,SV,sv,IBC,usam.edu.sv,68,July,top-per-country,10.6084/m9.figshare.33062150.v3,https://doi.org/10.6084/m9.figshare.33062150.v3
webometrics,2026-09-28T01:22:12+00:00,overall,2026,16148,4,(3) Sacred Heart University Luxembourg Branch,https://ror.org/04abjgr86,Luxembourg,LU,lu,EU,shu.lu,68,July,top-per-country,10.6084/m9.figshare.33062150.v3,https://doi.org/10.6084/m9.figshare.33062150.v3
webometrics,2026-09-28T01:22:12+00:00,overall,2026,16153,1,College of the Marshall Islands,,Marshall Islands,MH,mh,AU,cmi.edu,68,July,top-per-country,10.6084/m9.figshare.33062150.v3,https://doi.org/10.6084/m9.figshare.33062150.v3
webometrics,2026-09-28T01:22:12+00:00,overall,2026,16153,11,Instituto Superior de Ciencias de Saude,https://ror.org/04dqppw26,Mozambique,MZ,mz,AF,iscisa.ac.mz,68,July,top-per-country,10.6084/m9.figshare.33062150.v3,https://doi.org/10.6084/m9.figshare.33062150.v3
webometrics,2026-09-28T01:22:12+00:00,overall,2026,16175,13,Universidad de Ciencias Comerciales,https://ror.org/0351rxv20,Nicaragua,NI,ni,IBC,ucc.edu.ni,68,July,top-per-country,10.6084/m9.figshare.33062150.v3,https://doi.org/10.6084/m9.figshare.33062150.v3
webometrics,2026-09-28T01:22:12+00:00,overall,2026,16194,14,Universidad del Norte de Nicaragua Jinotega,https://ror.org/04ft55h12,Nicaragua,NI,ni,IBC,unnjinotega.com,68,July,top-per-country,10.6084/m9.figshare.33062150.v3,https://doi.org/10.6084/m9.figshare.33062150.v3
webometrics,2026-09-28T01:22:12+00:00,overall,2026,16219,2,Universite des Sciences de la Sante Gabon,https://ror.org/00yk3tm64,Gabon,GA,ga,AF,uss-universite.ga,68,July,top-per-country,10.6084/m9.figshare.33062150.v3,https://doi.org/10.6084/m9.figshare.33062150.v3
webometrics,2026-09-28T01:22:12+00:00,overall,2026,16239,11,Kigali Independent University,https://ror.org/017wwgg26,Rwanda,RW,rw,AF,ulk.ac.rw,68,July,top-per-country,10.6084/m9.figshare.33062150.v3,https://doi.org/10.6084/m9.figshare.33062150.v3
webometrics,2026-09-28T01:22:12+00:00,overall,2026,16239,15,Reformed Church University,https://ror.org/020bm8k34,Zimbabwe,ZW,zw,AF,rcu.ac.zw,68,July,top-per-country,10.6084/m9.figshare.33062150.v3,https://doi.org/10.6084/m9.figshare.33062150.v3
webometrics,2026-09-28T01:22:12+00:00,overall,2026,16259,12,Al Beroni University,https://ror.org/05x6q7t13,Afghanistan,AF,af,AS,au.edu.af,68,July,top-per-country,10.6084/m9.figshare.33062150.v3,https://doi.org/10.6084/m9.figshare.33062150.v3
webometrics,2026-09-28T01:22:12+00:00,overall,2026,16261,4,Instituto Superior Metropolitano de Angola IMETRO,https://ror.org/038b5pt88,Angola,AO,ao,AF,imetroangola.com,68,July,top-per-country,10.6084/m9.figshare.33062150.v3,https://doi.org/10.6084/m9.figshare.33062150.v3
webometrics,2026-09-28T01:22:12+00:00,overall,2026,16261,5,University of the West Indies Global Campus,,Barbados,BB,bb,IBC,global.uwi.edu,68,July,top-per-country,10.6084/m9.figshare.33062150.v3,https://doi.org/10.6084/m9.figshare.33062150.v3
webometrics,2026-09-28T01:22:12+00:00,overall,2026,16321,3,(4) American International Medical University,https://ror.org/04qc5fv62,St. Lucia,LC,lc,IBC,aimu.us,68,July,top-per-country,10.6084/m9.figshare.33062150.v3,https://doi.org/10.6084/m9.figshare.33062150.v3
webometrics,2026-09-28T01:22:12+00:00,overall,2026,16362,9,Excelsior Community College,,Jamaica,JM,jm,IBC,ecc.edu.jm,68,July,top-per-country,10.6084/m9.figshare.33062150.v3,https://doi.org/10.6084/m9.figshare.33062150.v3
webometrics,2026-09-28T01:22:12+00:00,overall,2026,16390,3,Université Nationale des Sciences Technologies Ingénierie et Mathématiques Abomey,https://ror.org/0421qr997,Benin,BJ,bj,AF,unstim.bj,68,July,top-per-country,10.6084/m9.figshare.33062150.v3,https://doi.org/10.6084/m9.figshare.33062150.v3
webometrics,2026-09-28T01:22:12+00:00,overall,2026,16412,1,Forward College,https://ror.org/05rsfvf53,European Union,EU,eu,EU,forward-college.eu,68,July,top-per-country,10.6084/m9.figshare.33062150.v3,https://doi.org/10.6084/m9.figshare.33062150.v3
webometrics,2026-09-28T01:22:12+00:00,overall,2026,16437,7,Université Peleforo Gon Coulibaly,https://ror.org/0358nsq19,Côte d’Ivoire,CI,ci,AF,univ-pgc.edu.ci,68,July,top-per-country,10.6084/m9.figshare.33062150.v3,https://doi.org/10.6084/m9.figshare.33062150.v3
webometrics,2026-09-28T01:22:12+00:00,overall,2026,16437,12,Eurasia International University,https://ror.org/04z37sn09,Armenia,AM,am,EU,eiu.am,68,July,top-per-country,10.6084/m9.figshare.33062150.v3,https://doi.org/10.6084/m9.figshare.33062150.v3
webometrics,2026-09-28T01:22:12+00:00,overall,2026,16536,3,Global College Malta,,Malta,MT,mt,EU,gcm.edu.mt,68,July,top-per-country,10.6084/m9.figshare.33062150.v3,https://doi.org/10.6084/m9.figshare.33062150.v3
webometrics,2026-09-28T01:22:12+00:00,overall,2026,16536,10,Management Institute for National Development,,Jamaica,JM,jm,IBC,mind.edu.jm,68,July,top-per-country,10.6084/m9.figshare.33062150.v3,https://doi.org/10.6084/m9.figshare.33062150.v3
webometrics,2026-09-28T01:22:12+00:00,overall,2026,16536,13,Red Sea University Bosaso,,Somalia,SO,so,AW,rsu.edu.so,68,July,top-per-country,10.6084/m9.figshare.33062150.v3,https://doi.org/10.6084/m9.figshare.33062150.v3
webometrics,2026-09-28T01:22:12+00:00,overall,2026,16629,3,International Academy of Philosophy Liechtenstein,https://ror.org/021m3j510,Liechtenstein,LI,li,EU,iap.li,68,July,top-per-country,10.6084/m9.figshare.33062150.v3,https://doi.org/10.6084/m9.figshare.33062150.v3
webometrics,2026-09-28T01:22:12+00:00,overall,2026,16633,9,Technological Institute of Iceland IceTec,,Iceland,IS,is,EU,iti.is,68,July,top-per-country,10.6084/m9.figshare.33062150.v3,https://doi.org/10.6084/m9.figshare.33062150.v3
webometrics,2026-09-28T01:22:12+00:00,overall,2026,16633,10,University of Information Technology Yangon,https://ror.org/03bxja712,Myanmar (Burma),MM,mm,AS,uit.edu.mm,68,July,top-per-country,10.6084/m9.figshare.33062150.v3,https://doi.org/10.6084/m9.figshare.33062150.v3
webometrics,2026-09-28T01:22:12+00:00,overall,2026,16680,13,Catholic University Institute of Buea CUIB,https://ror.org/04qsp9f77,Cameroon,CM,cm,AF,cuib-cameroon.org,68,July,top-per-country,10.6084/m9.figshare.33062150.v3,https://doi.org/10.6084/m9.figshare.33062150.v3
webometrics,2026-09-28T01:22:12+00:00,overall,2026,16733,4,École du Patrimoine Africain,,Benin,BJ,bj,AF,epa-prema.net,68,July,top-per-country,10.6084/m9.figshare.33062150.v3,https://doi.org/10.6084/m9.figshare.33062150.v3
webometrics,2026-09-28T01:22:12+00:00,overall,2026,16760,4,Institute of Tourism Malta,,Malta,MT,mt,EU,its.edu.mt,68,July,top-per-country,10.6084/m9.figshare.33062150.v3,https://doi.org/10.6084/m9.figshare.33062150.v3
webometrics,2026-09-28T01:22:12+00:00,overall,2026,16796,6,Universite Catholique du Graben,https://ror.org/00wbbfv86,Congo - Kinshasa,CD,cd,AF,ucgraben.ac.cd,69,July,top-per-country,10.6084/m9.figshare.33062150.v3,https://doi.org/10.6084/m9.figshare.33062150.v3
webometrics,2026-09-28T01:22:12+00:00,overall,2026,16798,10,Tajik State University of Commerce / Таджикский государственный университет коммерции,https://ror.org/00v76vw28,Tajikistan,TJ,tj,AS,tguk.tj,69,July,top-per-country,10.6084/m9.figshare.33062150.v3,https://doi.org/10.6084/m9.figshare.33062150.v3
webometrics,2026-09-28T01:22:12+00:00,overall,2026,16858,12,East African University Rwanda,,Rwanda,RW,rw,AF,eaur.ac.rw,69,July,top-per-country,10.6084/m9.figshare.33062150.v3,https://doi.org/10.6084/m9.figshare.33062150.v3
webometrics,2026-09-28T01:22:12+00:00,overall,2026,16902,5,Universidade Independente de Angola,https://ror.org/02ghs4671,Angola,AO,ao,AF,unia.ao,69,July,top-per-country,10.6084/m9.figshare.33062150.v3,https://doi.org/10.6084/m9.figshare.33062150.v3
webometrics,2026-09-28T01:22:12+00:00,overall,2026,16964,4,United Methodist University,https://ror.org/03fgk0a27,Liberia,LR,lr,AF,umu.edu.lr,69,July,top-per-country,10.6084/m9.figshare.33062150.v3,https://doi.org/10.6084/m9.figshare.33062150.v3
webometrics,2026-09-28T01:22:12+00:00,overall,2026,17109,13,Shirak M Nalbandyan State University,https://ror.org/04k0ww995,Armenia,AM,am,EU,shsu.am,69,July,top-per-country,10.6084/m9.figshare.33062150.v3,https://doi.org/10.6084/m9.figshare.33062150.v3
webometrics,2026-09-28T01:22:12+00:00,overall,2026,17136,5,Université de Dédougou,https://ror.org/03jqqba05,Burkina Faso,BF,bf,AF,univ-dedougou.gov.bf,69,July,top-per-country,10.6084/m9.figshare.33062150.v3,https://doi.org/10.6084/m9.figshare.33062150.v3
webometrics,2026-09-28T01:22:12+00:00,overall,2026,17169,7,BA ISAGO University,https://ror.org/04ramkt35,Botswana,BW,bw,AF,baisago.ac.bw,69,July,top-per-country,10.6084/m9.figshare.33062150.v3,https://doi.org/10.6084/m9.figshare.33062150.v3
webometrics,2026-09-28T01:22:12+00:00,overall,2026,17206,6,Universidade Jean Piaget de Angola,https://ror.org/0129z0867,Angola,AO,ao,AF,unipiaget-angola.org,69,July,top-per-country,10.6084/m9.figshare.33062150.v3,https://doi.org/10.6084/m9.figshare.33062150.v3
webometrics,2026-09-28T01:22:12+00:00,overall,2026,17231,13,Salam University,https://ror.org/01g0sat63,Afghanistan,AF,af,AS,salam.edu.af,69,July,top-per-country,10.6084/m9.figshare.33062150.v3,https://doi.org/10.6084/m9.figshare.33062150.v3
webometrics,2026-09-28T01:22:12+00:00,overall,2026,17237,5,Université de Toamasina,https://ror.org/03vr42a56,Madagascar,MG,mg,AF,univ-toamasina.mg,69,July,top-per-country,10.6084/m9.figshare.33062150.v3,https://doi.org/10.6084/m9.figshare.33062150.v3
webometrics,2026-09-28T01:22:12+00:00,overall,2026,17237,14,Sheikh Zayed University (Khost University),https://ror.org/016jrh007,Afghanistan,AF,af,AS,szu.edu.af,69,July,top-per-country,10.6084/m9.figshare.33062150.v3,https://doi.org/10.6084/m9.figshare.33062150.v3
webometrics,2026-09-28T01:22:12+00:00,overall,2026,17284,7,Université Protestante de Lubumbashi,https://ror.org/02k7y2v57,Congo - Kinshasa,CD,cd,AF,upl-univ.ac,69,July,top-per-country,10.6084/m9.figshare.33062150.v3,https://doi.org/10.6084/m9.figshare.33062150.v3
webometrics,2026-09-28T01:22:12+00:00,overall,2026,17308,3,École Africaine des Métiers de la Architecture et de l'Urbanisme,https://ror.org/02xyh0e61,Togo,TG,tg,AF,eamau.org,69,July,top-per-country,10.6084/m9.figshare.33062150.v3,https://doi.org/10.6084/m9.figshare.33062150.v3
webometrics,2026-09-28T01:22:12+00:00,overall,2026,17312,2,Italo-French University,https://ror.org/04z0x1784,European Union,EU,eu,EU,universite-franco-italienne.org,69,July,top-per-country,10.6084/m9.figshare.33062150.v3,https://doi.org/10.6084/m9.figshare.33062150.v3
webometrics,2026-09-28T01:22:12+00:00,overall,2026,17312,13,Ecole Supérieure de Commerce de Dakar,https://ror.org/04arj7s97,Senegal,SN,sn,AF,supdeco.sn,69,July,top-per-country,10.6084/m9.figshare.33062150.v3,https://doi.org/10.6084/m9.figshare.33062150.v3
webometrics,2026-09-28T01:22:12+00:00,overall,2026,17339,13,Universidad InterNaciones,,Guatemala,GT,gt,IBC,uni.edu.gt,69,July,top-per-country,10.6084/m9.figshare.33062150.v3,https://doi.org/10.6084/m9.figshare.33062150.v3
webometrics,2026-09-28T01:22:12+00:00,overall,2026,17357,8,Université Virtuelle de Côte d'Ivoire,https://ror.org/012cw1a31,Côte d’Ivoire,CI,ci,AF,uvci.online,69,July,top-per-country,10.6084/m9.figshare.33062150.v3,https://doi.org/10.6084/m9.figshare.33062150.v3
webometrics,2026-09-28T01:22:12+00:00,overall,2026,17357,11,Tajikistan State University of Law Business & Politics / Таджикский Государственный Университет Права Бизнеса и Политики,https://ror.org/005k0q572,Tajikistan,TJ,tj,AS,tsulbp.tj,69,July,top-per-country,10.6084/m9.figshare.33062150.v3,https://doi.org/10.6084/m9.figshare.33062150.v3
webometrics,2026-09-28T01:22:12+00:00,overall,2026,17357,14,Catholic University of Cameroon,https://ror.org/00xq3k060,Cameroon,CM,cm,AF,catuc.org,69,July,top-per-country,10.6084/m9.figshare.33062150.v3,https://doi.org/10.6084/m9.figshare.33062150.v3
webometrics,2026-09-28T01:22:12+00:00,overall,2026,17458,12,Instituto Superior de Transportes e Comunicaçoes,https://ror.org/01hjdgr63,Mozambique,MZ,mz,AF,isutc.ac.mz,69,July,top-per-country,10.6084/m9.figshare.33062150.v3,https://doi.org/10.6084/m9.figshare.33062150.v3
webometrics,2026-09-28T01:22:12+00:00,overall,2026,17460,8,Macau Millennium College / 中西創新學院,https://ror.org/03sfsak65,Macao SAR China,MO,mo,AS,mmc.edu.mo,69,July,top-per-country,10.6084/m9.figshare.33062150.v3,https://doi.org/10.6084/m9.figshare.33062150.v3
webometrics,2026-09-28T01:22:12+00:00,overall,2026,17460,11,Myanmar Maritime University,https://ror.org/03vcw8q46,Myanmar (Burma),MM,mm,AS,mmu.edu.mm,69,July,top-per-country,10.6084/m9.figshare.33062150.v3,https://doi.org/10.6084/m9.figshare.33062150.v3
webometrics,2026-09-28T01:22:12+00:00,overall,2026,17460,14,Vanadzor State University,https://ror.org/02ec8dv15,Armenia,AM,am,EU,vsu.am,69,July,top-per-country,10.6084/m9.figshare.33062150.v3,https://doi.org/10.6084/m9.figshare.33062150.v3
webometrics,2026-09-28T01:22:12+00:00,overall,2026,17493,15,ICT University,https://ror.org/04cdn6p56,Cameroon,CM,cm,AF,ictuniversity.org,69,July,top-per-country,10.6084/m9.figshare.33062150.v3,https://doi.org/10.6084/m9.figshare.33062150.v3
webometrics,2026-09-28T01:22:12+00:00,overall,2026,17495,6,Papua New Guinea University of Natural Resources and Environment (University of Vudal),https://ror.org/03c11g875,Papua New Guinea,PG,pg,AU,unre.ac.pg,69,July,top-per-country,10.6084/m9.figshare.33062150.v3,https://doi.org/10.6084/m9.figshare.33062150.v3
webometrics,2026-09-28T01:22:12+00:00,overall,2026,17530,1,Isle of Man College / Colleish Ellan Vannin (International Business School),,Isle of Man,IM,im,EU,ucm.ac.im,69,July,top-per-country,10.6084/m9.figshare.33062150.v3,https://doi.org/10.6084/m9.figshare.33062150.v3
webometrics,2026-09-28T01:22:12+00:00,overall,2026,17557,7,Universidade Técnica de Angola,https://ror.org/01gnc7759,Angola,AO,ao,AF,utanga.co.ao,69,July,top-per-country,10.6084/m9.figshare.33062150.v3,https://doi.org/10.6084/m9.figshare.33062150.v3
webometrics,2026-09-28T01:22:12+00:00,overall,2026,17655,12,Academy of Management Government of Mongolia,https://ror.org/03nyn4g46,Mongolia,MN,mn,AS,naog.gov.mn,69,July,top-per-country,10.6084/m9.figshare.33062150.v3,https://doi.org/10.6084/m9.figshare.33062150.v3
webometrics,2026-09-28T01:22:12+00:00,overall,2026,17655,14,Himilo University,,Somalia,SO,so,AW,himilouniversity.edu.so,69,July,top-per-country,10.6084/m9.figshare.33062150.v3,https://doi.org/10.6084/m9.figshare.33062150.v3
webometrics,2026-09-28T01:22:12+00:00,overall,2026,17731,15,Moldova University of European Studies / Universitatea de Studii Europene din Moldova,,Moldova,MD,md,EU,usem.md,70,July,top-per-country,10.6084/m9.figshare.33062150.v3,https://doi.org/10.6084/m9.figshare.33062150.v3
webometrics,2026-09-28T01:22:12+00:00,overall,2026,17747,5,African Methodist Episcopal University,https://ror.org/01zw9zg68,Liberia,LR,lr,AF,ame.edu.lr,70,July,top-per-country,10.6084/m9.figshare.33062150.v3,https://doi.org/10.6084/m9.figshare.33062150.v3
webometrics,2026-09-28T01:22:12+00:00,overall,2026,17752,13,Catholic University of Rwanda,,Rwanda,RW,rw,AF,cur.ac.rw,70,July,top-per-country,10.6084/m9.figshare.33062150.v3,https://doi.org/10.6084/m9.figshare.33062150.v3
webometrics,2026-09-28T01:22:12+00:00,overall,2026,17778,2,South African Nazarene University,https://ror.org/04xp1hk04,Eswatini,SZ,sz,AF,sanu.ac.sz,70,July,top-per-country,10.6084/m9.figshare.33062150.v3,https://doi.org/10.6084/m9.figshare.33062150.v3
webometrics,2026-09-28T01:22:12+00:00,overall,2026,17822,4,(4) International American University College of Medicine,https://ror.org/02ad2pb06,St. Lucia,LC,lc,IBC,iau.edu.lc,70,July,top-per-country,10.6084/m9.figshare.33062150.v3,https://doi.org/10.6084/m9.figshare.33062150.v3
webometrics,2026-09-28T01:22:12+00:00,overall,2026,17822,15,Afghanistan National Institute of Music,,Afghanistan,AF,af,AS,anim-music.org,70,July,top-per-country,10.6084/m9.figshare.33062150.v3,https://doi.org/10.6084/m9.figshare.33062150.v3
webometrics,2026-09-28T01:22:12+00:00,overall,2026,17906,4,St Martinus University Faculty of Medicine,https://ror.org/04ft1xc20,Curaçao,CW,cw,IBC,martinus.edu,70,July,top-per-country,10.6084/m9.figshare.33062150.v3,https://doi.org/10.6084/m9.figshare.33062150.v3
webometrics,2026-09-28T01:22:12+00:00,overall,2026,17906,8,Institut Supérieur d’Informatique et de Gestion de Goma ISIG Goma,https://ror.org/01cfdpz73,Congo - Kinshasa,CD,cd,AF,isig.ac.cd,70,July,top-per-country,10.6084/m9.figshare.33062150.v3,https://doi.org/10.6084/m9.figshare.33062150.v3
webometrics,2026-09-28T01:22:12+00:00,overall,2026,17906,14,Université numérique Cheikh Hamidou KANE,https://ror.org/0336w4p56,Senegal,SN,sn,AF,unchk.sn,70,July,top-per-country,10.6084/m9.figshare.33062150.v3,https://doi.org/10.6084/m9.figshare.33062150.v3
webometrics,2026-09-28T01:22:12+00:00,overall,2026,17937,11,Edna Manley College of the Visual and Performing Arts,https://ror.org/02wbvek51,Jamaica,JM,jm,IBC,emc.edu.jm,70,July,top-per-country,10.6084/m9.figshare.33062150.v3,https://doi.org/10.6084/m9.figshare.33062150.v3
webometrics,2026-09-28T01:22:12+00:00,overall,2026,17937,12,Kulyab State University Abuabdullohi Rudaki / Кулябский государственный университет Абуабдуллох Рудаки,https://ror.org/03nff2e18,Tajikistan,TJ,tj,AS,kgu.tj,70,July,top-per-country,10.6084/m9.figshare.33062150.v3,https://doi.org/10.6084/m9.figshare.33062150.v3
webometrics,2026-09-28T01:22:12+00:00,overall,2026,17943,7,SBCS Global Learning Institute,,Trinidad & Tobago,TT,tt,IBC,sbcs.edu.tt,70,July,top-per-country,10.6084/m9.figshare.33062150.v3,https://doi.org/10.6084/m9.figshare.33062150.v3
webometrics,2026-09-28T01:22:12+00:00,overall,2026,17979,4,International University of Health Sciences,,St. Kitts & Nevis,KN,kn,IBC,iuhs.edu,70,July,top-per-country,10.6084/m9.figshare.33062150.v3,https://doi.org/10.6084/m9.figshare.33062150.v3
webometrics,2026-09-28T01:22:12+00:00,overall,2026,17985,10,DMI St Eugene University,https://ror.org/01z6f4063,Zambia,ZM,zm,AF,dmiseu.edu.zm,70,July,top-per-country,10.6084/m9.figshare.33062150.v3,https://doi.org/10.6084/m9.figshare.33062150.v3
webometrics,2026-09-28T01:22:12+00:00,overall,2026,18013,8,(3) University of the West Indies Arthur Lok Jack Graduate School of Business,,Trinidad & Tobago,TT,tt,IBC,lokjackgsb.edu.tt,70,July,top-per-country,10.6084/m9.figshare.33062150.v3,https://doi.org/10.6084/m9.figshare.33062150.v3
webometrics,2026-09-28T01:22:12+00:00,overall,2026,18042,15,Universidad Centroamericana de Ciencias Empresariales,https://ror.org/04zccg612,Nicaragua,NI,ni,IBC,ucem.edu.ni,70,July,top-per-country,10.6084/m9.figshare.33062150.v3,https://doi.org/10.6084/m9.figshare.33062150.v3
webometrics,2026-09-28T01:22:12+00:00,overall,2026,18075,8,Universidade Católica de Angola,https://ror.org/0547s4559,Angola,AO,ao,AF,ucan.ao,70,July,top-per-country,10.6084/m9.figshare.33062150.v3,https://doi.org/10.6084/m9.figshare.33062150.v3
webometrics,2026-09-28T01:22:12+00:00,overall,2026,18119,15,European University Armenia,https://ror.org/00fkm8n81,Armenia,AM,am,EU,eua.am,70,July,top-per-country,10.6084/m9.figshare.33062150.v3,https://doi.org/10.6084/m9.figshare.33062150.v3
webometrics,2026-09-28T01:22:12+00:00,overall,2026,18126,14,International Vision University / Uluslararası Vizyon Üniversitesi,https://ror.org/04xfnd416,North Macedonia,MK,mk,EU,vision.edu.mk,70,July,top-per-country,10.6084/m9.figshare.33062150.v3,https://doi.org/10.6084/m9.figshare.33062150.v3
webometrics,2026-09-28T01:22:12+00:00,overall,2026,18202,14,Universidad Da Vinci de Guatemala,,Guatemala,GT,gt,IBC,udv.edu.gt,70,July,top-per-country,10.6084/m9.figshare.33062150.v3,https://doi.org/10.6084/m9.figshare.33062150.v3
webometrics,2026-09-28T01:22:12+00:00,overall,2026,18232,5,Clarence Fitzroy College,,St. Kitts & Nevis,KN,kn,IBC,cfbc.edu.kn,70,July,top-per-country,10.6084/m9.figshare.33062150.v3,https://doi.org/10.6084/m9.figshare.33062150.v3
webometrics,2026-09-28T01:22:12+00:00,overall,2026,18232,6,Université Thomas Sankara,https://ror.org/01raz2h88,Burkina Faso,BF,bf,AF,uts.bf,70,July,top-per-country,10.6084/m9.figshare.33062150.v3,https://doi.org/10.6084/m9.figshare.33062150.v3
webometrics,2026-09-28T01:22:12+00:00,overall,2026,18258,1,Palau Community College,,Palau,PW,pw,AU,palau.edu,70,July,top-per-country,10.6084/m9.figshare.33062150.v3,https://doi.org/10.6084/m9.figshare.33062150.v3
webometrics,2026-09-28T01:22:12+00:00,overall,2026,18289,10,Unversidad Metropolitana de Honduras,https://ror.org/02gsh9561,Honduras,HN,hn,IBC,unimetro.edu.hn,70,July,top-per-country,10.6084/m9.figshare.33062150.v3,https://doi.org/10.6084/m9.figshare.33062150.v3
webometrics,2026-09-28T01:22:12+00:00,overall,2026,18291,11,Kuwait Institute for Medical Specialization,https://ror.org/01tt4qx37,Kuwait,KW,kw,AW,kims.org.kw,70,July,top-per-country,10.6084/m9.figshare.33062150.v3,https://doi.org/10.6084/m9.figshare.33062150.v3
webometrics,2026-09-28T01:22:12+00:00,overall,2026,18291,15,Universidad Mesoamericana Quetzaltenango,https://ror.org/004kq1w56,Guatemala,GT,gt,IBC,umes.edu.gt,70,July,top-per-country,10.6084/m9.figshare.33062150.v3,https://doi.org/10.6084/m9.figshare.33062150.v3
webometrics,2026-09-28T01:22:12+00:00,overall,2026,18322,2,Institut Polytechnique Rural de Formation et de Recherche Appliquée,https://ror.org/00c4ccg58,Mali,ML,ml,AF,ipr-ifra.edu.ml,70,July,top-per-country,10.6084/m9.figshare.33062150.v3,https://doi.org/10.6084/m9.figshare.33062150.v3
webometrics,2026-09-28T01:22:12+00:00,overall,2026,18351,6,Royal Institute of Management,,Bhutan,BT,bt,AS,rim.edu.bt,70,July,top-per-country,10.6084/m9.figshare.33062150.v3,https://doi.org/10.6084/m9.figshare.33062150.v3
webometrics,2026-09-28T01:22:12+00:00,overall,2026,18378,12,University of Technology Bahrain,,Bahrain,BH,bh,AW,utb.edu.bh,70,July,top-per-country,10.6084/m9.figshare.33062150.v3,https://doi.org/10.6084/m9.figshare.33062150.v3
webometrics,2026-09-28T01:22:12+00:00,overall,2026,18417,3,University of the West Indies at Five Islands,,Antigua & Barbuda,AG,ag,IBC,fiveislands.uwi.edu,71,July,top-per-country,10.6084/m9.figshare.33062150.v3,https://doi.org/10.6084/m9.figshare.33062150.v3
webometrics,2026-09-28T01:22:12+00:00,overall,2026,18544,15,Unity University Hargeisa,https://ror.org/05jnrzf43,Somalia,SO,so,AW,uu.edu.et,71,July,top-per-country,10.6084/m9.figshare.33062150.v3,https://doi.org/10.6084/m9.figshare.33062150.v3
webometrics,2026-09-28T01:22:12+00:00,overall,2026,18591,11,Harvest University,,Zambia,ZM,zm,AF,harvestuniversity.edu.zm,71,July,top-per-country,10.6084/m9.figshare.33062150.v3,https://doi.org/10.6084/m9.figshare.33062150.v3
webometrics,2026-09-28T01:22:12+00:00,overall,2026,18591,12,College of Agriculture Science & Education,,Jamaica,JM,jm,IBC,case.edu.jm,71,July,top-per-country,10.6084/m9.figshare.33062150.v3,https://doi.org/10.6084/m9.figshare.33062150.v3
webometrics,2026-09-28T01:22:12+00:00,overall,2026,18628,8,Gaborone University College,https://ror.org/00b9m5f16,Botswana,BW,bw,AF,guc.ac.bw,71,July,top-per-country,10.6084/m9.figshare.33062150.v3,https://doi.org/10.6084/m9.figshare.33062150.v3
webometrics,2026-09-28T01:22:12+00:00,overall,2026,18663,13,Citi University,https://ror.org/051e84q87,Mongolia,MN,mn,AS,citi.edu.mn,71,July,top-per-country,10.6084/m9.figshare.33062150.v3,https://doi.org/10.6084/m9.figshare.33062150.v3
webometrics,2026-09-28T01:22:12+00:00,overall,2026,18704,9,Universidade Óscar Ribas,https://ror.org/01sh4dd92,Angola,AO,ao,AF,uor.ed.ao,71,July,top-per-country,10.6084/m9.figshare.33062150.v3,https://doi.org/10.6084/m9.figshare.33062150.v3
webometrics,2026-09-28T01:22:12+00:00,overall,2026,18707,7,Royal University of Bhutan Paro College of Education,,Bhutan,BT,bt,AS,pce.edu.bt,71,July,top-per-country,10.6084/m9.figshare.33062150.v3,https://doi.org/10.6084/m9.figshare.33062150.v3
webometrics,2026-09-28T01:22:12+00:00,overall,2026,18811,15,Business Academy Smilevski Skopje,,North Macedonia,MK,mk,EU,bas.edu.mk,71,July,top-per-country,10.6084/m9.figshare.33062150.v3,https://doi.org/10.6084/m9.figshare.33062150.v3
webometrics,2026-09-28T01:22:12+00:00,overall,2026,18859,7,Université des Mascareignes,,Mauritius,MU,mu,AF,udm.ac.mu,71,July,top-per-country,10.6084/m9.figshare.33062150.v3,https://doi.org/10.6084/m9.figshare.33062150.v3
webometrics,2026-09-28T01:22:12+00:00,overall,2026,18859,14,School of Information and Telecommunication Technology,,Mongolia,MN,mn,AS,sict.edu.mn,71,July,top-per-country,10.6084/m9.figshare.33062150.v3,https://doi.org/10.6084/m9.figshare.33062150.v3
webometrics,2026-09-28T01:22:12+00:00,overall,2026,18902,1,(4) University of Science Arts & Technology Faculty of Medicine,https://ror.org/0049gd358,Montserrat,MS,ms,IBC,usat.edu,71,July,top-per-country,10.6084/m9.figshare.33062150.v3,https://doi.org/10.6084/m9.figshare.33062150.v3
webometrics,2026-09-28T01:22:12+00:00,overall,2026,18941,2,Université Kofi Annan de Guinee,https://ror.org/03jewb194,Guinea,GN,gn,AF,ukaguinee.org,71,July,top-per-country,10.6084/m9.figshare.33062150.v3,https://doi.org/10.6084/m9.figshare.33062150.v3
webometrics,2026-09-28T01:22:12+00:00,overall,2026,18946,8,Royal University of Bhutan College of Natural Resources,,Bhutan,BT,bt,AS,cnr.edu.bt,71,July,top-per-country,10.6084/m9.figshare.33062150.v3,https://doi.org/10.6084/m9.figshare.33062150.v3
webometrics,2026-09-28T01:22:12+00:00,overall,2026,18946,8,Mauritius Institute of Training and Development,,Mauritius,MU,mu,AF,mitd.mu,71,July,top-per-country,10.6084/m9.figshare.33062150.v3,https://doi.org/10.6084/m9.figshare.33062150.v3
webometrics,2026-09-28T01:22:12+00:00,overall,2026,18946,9,Université Evangélique en Afrique,https://ror.org/0306pcd50,Congo - Kinshasa,CD,cd,AF,uea.ac.cd,71,July,top-per-country,10.6084/m9.figshare.33062150.v3,https://doi.org/10.6084/m9.figshare.33062150.v3
webometrics,2026-09-28T01:22:12+00:00,overall,2026,18946,12,Information and Communications University,https://ror.org/0011vmg97,Zambia,ZM,zm,AF,icuzambia.net,71,July,top-per-country,10.6084/m9.figshare.33062150.v3,https://doi.org/10.6084/m9.figshare.33062150.v3
webometrics,2026-09-28T01:22:12+00:00,overall,2026,18988,5,American University of Malta,,Malta,MT,mt,EU,aum.edu.mt,71,July,top-per-country,10.6084/m9.figshare.33062150.v3,https://doi.org/10.6084/m9.figshare.33062150.v3
webometrics,2026-09-28T01:22:12+00:00,overall,2026,19075,12,American College of the Middle East,,Kuwait,KW,kw,AW,acm.edu.kw,71,July,top-per-country,10.6084/m9.figshare.33062150.v3,https://doi.org/10.6084/m9.figshare.33062150.v3
webometrics,2026-09-28T01:22:12+00:00,overall,2026,19075,15,ISM Institute Superieur de Management,,Senegal,SN,sn,AF,groupeism.sn,71,July,top-per-country,10.6084/m9.figshare.33062150.v3,https://doi.org/10.6084/m9.figshare.33062150.v3
webometrics,2026-09-28T01:22:12+00:00,overall,2026,19154,13,National Institute of Public Administration,https://ror.org/057943037,Zambia,ZM,zm,AF,nipa.ac.zm,71,July,top-per-country,10.6084/m9.figshare.33062150.v3,https://doi.org/10.6084/m9.figshare.33062150.v3
webometrics,2026-09-28T01:22:12+00:00,overall,2026,19201,12,Myanmar Institute of Information Technology,https://ror.org/038smxt70,Myanmar (Burma),MM,mm,AS,miit.edu.mm,71,July,top-per-country,10.6084/m9.figshare.33062150.v3,https://doi.org/10.6084/m9.figshare.33062150.v3
webometrics,2026-09-28T01:22:12+00:00,overall,2026,19260,10,Catholic University of Malawi,https://ror.org/05g4bfa05,Malawi,MW,mw,AF,cunima.ac.mw,71,July,top-per-country,10.6084/m9.figshare.33062150.v3,https://doi.org/10.6084/m9.figshare.33062150.v3
webometrics,2026-09-28T01:22:12+00:00,overall,2026,19294,3,Universite Notre Dame d'Haiti,https://ror.org/0072e5x58,Haiti,HT,ht,IBC,undh.edu.ht,71,July,top-per-country,10.6084/m9.figshare.33062150.v3,https://doi.org/10.6084/m9.figshare.33062150.v3
webometrics,2026-09-28T01:22:12+00:00,overall,2026,19328,13,University of Computer Studies Mandalay,https://ror.org/008jssb69,Myanmar (Burma),MM,mm,AS,ucsm.edu.mm,71,July,top-per-country,10.6084/m9.figshare.33062150.v3,https://doi.org/10.6084/m9.figshare.33062150.v3
webometrics,2026-09-28T01:22:12+00:00,overall,2026,19451,5,Institut de Mathematiques et de Sciences Physiques Porto Novo Benin,https://ror.org/035seyp42,Benin,BJ,bj,AF,imsp-benin.com,71,July,top-per-country,10.6084/m9.figshare.33062150.v3,https://doi.org/10.6084/m9.figshare.33062150.v3
webometrics,2026-09-28T01:22:12+00:00,overall,2026,19456,5,Laksamana College of Business,,Brunei,BN,bn,AS,lcb.edu.bn,71,July,top-per-country,10.6084/m9.figshare.33062150.v3,https://doi.org/10.6084/m9.figshare.33062150.v3
webometrics,2026-09-28T01:22:12+00:00,overall,2026,19601,6,London School of Commerce Malta,,Malta,MT,mt,EU,lscmalta.edu.mt,71,July,top-per-country,10.6084/m9.figshare.33062150.v3,https://doi.org/10.6084/m9.figshare.33062150.v3
webometrics,2026-09-28T01:22:12+00:00,overall,2026,19601,9,New Era College,,Botswana,BW,bw,AF,neweracollege.ac.bw,71,July,top-per-country,10.6084/m9.figshare.33062150.v3,https://doi.org/10.6084/m9.figshare.33062150.v3
webometrics,2026-09-28T01:22:12+00:00,overall,2026,19635,3,European Security and Defence College ESDC,,European Union,EU,eu,EU,esdc.europa.eu,71,July,top-per-country,10.6084/m9.figshare.33062150.v3,https://doi.org/10.6084/m9.figshare.33062150.v3
webometrics,2026-09-28T01:22:12+00:00,overall,2026,19677,15,Huree University,,Mongolia,MN,mn,AS,huree.edu.mn,71,July,top-per-country,10.6084/m9.figshare.33062150.v3,https://doi.org/10.6084/m9.figshare.33062150.v3
webometrics,2026-09-28T01:22:12+00:00,overall,2026,19760,14,University of Public Health Myanmar,https://ror.org/03s49rs22,Myanmar (Burma),MM,mm,AS,uph-myanmar.gov.mm,71,July,top-per-country,10.6084/m9.figshare.33062150.v3,https://doi.org/10.6084/m9.figshare.33062150.v3
webometrics,2026-09-28T01:22:12+00:00,overall,2026,19815,13,Branch of the National Research Technological University MISiS in Dushanbe,,Tajikistan,TJ,tj,AS,df.misis.ru,72,July,top-per-country,10.6084/m9.figshare.33062150.v3,https://doi.org/10.6084/m9.figshare.33062150.v3
webometrics,2026-09-28T01:22:12+00:00,overall,2026,19868,15,University of Medicine 1 Yangon,https://ror.org/04y61qm95,Myanmar (Burma),MM,mm,AS,um1yangon.edu.mm,72,July,top-per-country,10.6084/m9.figshare.33062150.v3,https://doi.org/10.6084/m9.figshare.33062150.v3
webometrics,2026-09-28T01:22:12+00:00,overall,2026,19870,3,International College of the Cayman Islands,,Cayman Islands,KY,ky,IBC,icci.edu.ky,72,July,top-per-country,10.6084/m9.figshare.33062150.v3,https://doi.org/10.6084/m9.figshare.33062150.v3
webometrics,2026-09-28T01:22:12+00:00,overall,2026,19870,11,Universidad Cristiana Evangélica Nuevo Milenio,,Honduras,HN,hn,IBC,ucenm.net,72,July,top-per-country,10.6084/m9.figshare.33062150.v3,https://doi.org/10.6084/m9.figshare.33062150.v3
webometrics,2026-09-28T01:22:12+00:00,overall,2026,19908,4,American University of the Caribbean,https://ror.org/03hamks61,Haiti,HT,ht,IBC,auc.edu.ht,72,July,top-per-country,10.6084/m9.figshare.33062150.v3,https://doi.org/10.6084/m9.figshare.33062150.v3
webometrics,2026-09-28T01:22:12+00:00,overall,2026,19952,9,International University of Grand-Bassam,https://ror.org/02tzqkh80,Côte d’Ivoire,CI,ci,AF,iugb.edu.ci,72,July,top-per-country,10.6084/m9.figshare.33062150.v3,https://doi.org/10.6084/m9.figshare.33062150.v3
webometrics,2026-09-28T01:22:12+00:00,overall,2026,20052,4,University of Management and Technology UNIMTECH,https://ror.org/0128w6917,Sierra Leone,SL,sl,AF,unimtech.edu.sl,72,July,top-per-country,10.6084/m9.figshare.33062150.v3,https://doi.org/10.6084/m9.figshare.33062150.v3
webometrics,2026-09-28T01:22:12+00:00,overall,2026,20052,7,Université Aube Nouvelle,https://ror.org/03qb80p98,Burkina Faso,BF,bf,AF,u-auben.com,72,July,top-per-country,10.6084/m9.figshare.33062150.v3,https://doi.org/10.6084/m9.figshare.33062150.v3
webometrics,2026-09-28T01:22:12+00:00,overall,2026,20171,3,Université Lumiere de Bujumbura,https://ror.org/02w4pz848,Burundi,BI,bi,AF,ulbu.bi,72,July,top-per-country,10.6084/m9.figshare.33062150.v3,https://doi.org/10.6084/m9.figshare.33062150.v3
webometrics,2026-09-28T01:22:12+00:00,overall,2026,20215,4,Truman Bodden Law School,https://ror.org/02pz3nt69,Cayman Islands,KY,ky,IBC,caymanlawschool.ky,72,July,top-per-country,10.6084/m9.figshare.33062150.v3,https://doi.org/10.6084/m9.figshare.33062150.v3
webometrics,2026-09-28T01:22:12+00:00,overall,2026,20218,14,Rusangu University (Zambia Adventist University),https://ror.org/0522zyy65,Zambia,ZM,zm,AF,ru.edu.zm,72,July,top-per-country,10.6084/m9.figshare.33062150.v3,https://doi.org/10.6084/m9.figshare.33062150.v3
webometrics,2026-09-28T01:22:12+00:00,overall,2026,20261,8,Université Saint Thomas d'Aquin,https://ror.org/05291s926,Burkina Faso,BF,bf,AF,usta.bf,72,July,top-per-country,10.6084/m9.figshare.33062150.v3,https://doi.org/10.6084/m9.figshare.33062150.v3
webometrics,2026-09-28T01:22:12+00:00,overall,2026,20261,10,Université Protestante au Congo,https://ror.org/0117q7625,Congo - Kinshasa,CD,cd,AF,upc.ac.cd,72,July,top-per-country,10.6084/m9.figshare.33062150.v3,https://doi.org/10.6084/m9.figshare.33062150.v3
webometrics,2026-09-28T01:22:12+00:00,overall,2026,20306,6,African School of Economics,,Benin,BJ,bj,AF,africanschoolofeconomics.com,72,July,top-per-country,10.6084/m9.figshare.33062150.v3,https://doi.org/10.6084/m9.figshare.33062150.v3
webometrics,2026-09-28T01:22:12+00:00,overall,2026,20306,9,United Nations University Macao,https://ror.org/02y0c7m95,Macao SAR China,MO,mo,AS,cs.unu.edu,72,July,top-per-country,10.6084/m9.figshare.33062150.v3,https://doi.org/10.6084/m9.figshare.33062150.v3
webometrics,2026-09-28T01:22:12+00:00,overall,2026,20355,10,Indie Birth Midwifery School,,Angola,AO,ao,AF,indiebirth.org,72,July,top-per-country,10.6084/m9.figshare.33062150.v3,https://doi.org/10.6084/m9.figshare.33062150.v3
webometrics,2026-09-28T01:22:12+00:00,overall,2026,20401,3,Université des Sciences Juridiques et Politiques de Bamako USJPB,https://ror.org/03pr7e672,Mali,ML,ml,AF,usjpb.edu.ml,72,July,top-per-country,10.6084/m9.figshare.33062150.v3,https://doi.org/10.6084/m9.figshare.33062150.v3
webometrics,2026-09-28T01:22:12+00:00,overall,2026,20402,9,Institute of Development Management Botswana Lesotho Swaziland,https://ror.org/02kbq5n70,International,,int,AF,idmbls.com,72,July,top-per-country,10.6084/m9.figshare.33062150.v3,https://doi.org/10.6084/m9.figshare.33062150.v3
webometrics,2026-09-28T01:22:12+00:00,overall,2026,20459,4,CDI Collège des Ingénieurs,,European Union,EU,eu,EU,cdi.eu,72,July,top-per-country,10.6084/m9.figshare.33062150.v3,https://doi.org/10.6084/m9.figshare.33062150.v3
webometrics,2026-09-28T01:22:12+00:00,overall,2026,20459,11,Universidade Lusiada de Angola,,Angola,AO,ao,AF,ula.co.ao,72,July,top-per-country,10.6084/m9.figshare.33062150.v3,https://doi.org/10.6084/m9.figshare.33062150.v3
webometrics,2026-09-28T01:22:12+00:00,overall,2026,20517,7,Université Protestante de l'Afrique de l'Ouest UPAO Benin,https://ror.org/000bkwn04,Benin,BJ,bj,AF,upaobenin-edu.org,72,July,top-per-country,10.6084/m9.figshare.33062150.v3,https://doi.org/10.6084/m9.figshare.33062150.v3
webometrics,2026-09-28T01:22:12+00:00,overall,2026,20521,2,Pontificio Istituto di Musica Sacra,,Vatican City,VA,va,EU,musicasacra.va,72,July,top-per-country,10.6084/m9.figshare.33062150.v3,https://doi.org/10.6084/m9.figshare.33062150.v3
webometrics,2026-09-28T01:22:12+00:00,overall,2026,20521,12,CEUTEC Centro Universitario Tecnológico,,Honduras,HN,hn,IBC,ceutec.hn,72,July,top-per-country,10.6084/m9.figshare.33062150.v3,https://doi.org/10.6084/m9.figshare.33062150.v3
webometrics,2026-09-28T01:22:12+00:00,overall,2026,20578,13,(4) All American Institute of Medical Sciences,,Jamaica,JM,jm,IBC,aaims.edu.jm,72,July,top-per-country,10.6084/m9.figshare.33062150.v3,https://doi.org/10.6084/m9.figshare.33062150.v3
webometrics,2026-09-28T01:22:12+00:00,overall,2026,20578,14,CUQ Ulster University,,Qatar,QA,qa,AW,cuq-ulster.edu.qa,72,July,top-per-country,10.6084/m9.figshare.33062150.v3,https://doi.org/10.6084/m9.figshare.33062150.v3
webometrics,2026-09-28T01:22:12+00:00,overall,2026,20638,15,Qatar Aeronautical Academy,,Qatar,QA,qa,AW,qaa.edu.qa,72,July,top-per-country,10.6084/m9.figshare.33062150.v3,https://doi.org/10.6084/m9.figshare.33062150.v3
webometrics,2026-09-28T01:22:12+00:00,overall,2026,20787,14,B&B University College,,Jamaica,JM,jm,IBC,bbucjm.com,72,July,top-per-country,10.6084/m9.figshare.33062150.v3,https://doi.org/10.6084/m9.figshare.33062150.v3
webometrics,2026-09-28T01:22:12+00:00,overall,2026,20907,15,Northrise University Zambia,https://ror.org/03vgyhc77,Zambia,ZM,zm,AF,northrise.edu.zm,72,July,top-per-country,10.6084/m9.figshare.33062150.v3,https://doi.org/10.6084/m9.figshare.33062150.v3
webometrics,2026-09-28T01:22:12+00:00,overall,2026,20953,2,Turkmen State Institute of Architecture and Construction,https://ror.org/01x24z916,Turkmenistan,TM,tm,AS,tdbgi.edu.tm,72,July,top-per-country,10.6084/m9.figshare.33062150.v3,https://doi.org/10.6084/m9.figshare.33062150.v3
webometrics,2026-09-28T01:22:12+00:00,overall,2026,20958,9,Hugh Wooding Law School,https://ror.org/00srhem84,Trinidad & Tobago,TT,tt,IBC,hwls.edu.tt,72,July,top-per-country,10.6084/m9.figshare.33062150.v3,https://doi.org/10.6084/m9.figshare.33062150.v3
webometrics,2026-09-28T01:22:12+00:00,overall,2026,21011,4,University Centre for Studies in Namibia,https://ror.org/0040xf290,Namibia,NA,na,AF,tucsin.org,72,July,top-per-country,10.6084/m9.figshare.33062150.v3,https://doi.org/10.6084/m9.figshare.33062150.v3
webometrics,2026-09-28T01:22:12+00:00,overall,2026,21061,4,Université des Lettres et des Sciences Humaines de Bamako ULSHB,https://ror.org/011tecf62,Mali,ML,ml,AF,ulshb.edu.ml,72,July,top-per-country,10.6084/m9.figshare.33062150.v3,https://doi.org/10.6084/m9.figshare.33062150.v3
webometrics,2026-09-28T01:22:12+00:00,overall,2026,21066,2,Institute of Business IOB Timor Leste,https://ror.org/02y4pff72,Timor-Leste,TL,tl,AS,iob.edu.tl,73,July,top-per-country,10.6084/m9.figshare.33062150.v3,https://doi.org/10.6084/m9.figshare.33062150.v3
webometrics,2026-09-28T01:22:12+00:00,overall,2026,21132,13,Universidad de Defensa de Honduras,,Honduras,HN,hn,IBC,udh.edu.hn,73,July,top-per-country,10.6084/m9.figshare.33062150.v3,https://doi.org/10.6084/m9.figshare.33062150.v3
webometrics,2026-09-28T01:22:12+00:00,overall,2026,21187,1,University of St Martin,,Sint Maarten,SX,sx,IBC,usm.sx,73,July,top-per-country,10.6084/m9.figshare.33062150.v3,https://doi.org/10.6084/m9.figshare.33062150.v3
webometrics,2026-09-28T01:22:12+00:00,overall,2026,21244,12,Instituto Superior de Ciências Sociais e Relações Internacionais,https://ror.org/04sh4pf16,Angola,AO,ao,AF,cis-edu.org,73,July,top-per-country,10.6084/m9.figshare.33062150.v3,https://doi.org/10.6084/m9.figshare.33062150.v3
webometrics,2026-09-28T01:22:12+00:00,overall,2026,21246,6,Seri Begawan Religious Teachers University College,,Brunei,BN,bn,AS,kupu-sb.edu.bn,73,July,top-per-country,10.6084/m9.figshare.33062150.v3,https://doi.org/10.6084/m9.figshare.33062150.v3
webometrics,2026-09-28T01:22:12+00:00,overall,2026,21304,15,Sam Sharpe Teacher's College Jamaica,,Jamaica,JM,jm,IBC,sstc.edu.jm,73,July,top-per-country,10.6084/m9.figshare.33062150.v3,https://doi.org/10.6084/m9.figshare.33062150.v3
webometrics,2026-09-28T01:22:12+00:00,overall,2026,21429,7,Institute for Education Malta,,Malta,MT,mt,EU,ife.edu.mt,73,July,top-per-country,10.6084/m9.figshare.33062150.v3,https://doi.org/10.6084/m9.figshare.33062150.v3
webometrics,2026-09-28T01:22:12+00:00,overall,2026,21650,14,Protestant University of Rwanda PUR,https://ror.org/05se23v32,Rwanda,RW,rw,AF,pur.ac.rw,73,July,top-per-country,10.6084/m9.figshare.33062150.v3,https://doi.org/10.6084/m9.figshare.33062150.v3
webometrics,2026-09-28T01:22:12+00:00,overall,2026,21719,3,Instituto Superior de Ciências Económicas e Empresariais,https://ror.org/004y9tt39,Cape Verde,CV,cv,AF,iscee.edu.cv,73,July,top-per-country,10.6084/m9.figshare.33062150.v3,https://doi.org/10.6084/m9.figshare.33062150.v3
webometrics,2026-09-28T01:22:12+00:00,overall,2026,21723,3,(4) Lincoln American University,,Guyana,GY,gy,IBC,laumed.org,73,July,top-per-country,10.6084/m9.figshare.33062150.v3,https://doi.org/10.6084/m9.figshare.33062150.v3
webometrics,2026-09-28T01:22:12+00:00,overall,2026,21781,14,Universidad Nacional de Ciencias Forestales,https://ror.org/01spsga76,Honduras,HN,hn,IBC,unacifor.edu.hn,73,July,top-per-country,10.6084/m9.figshare.33062150.v3,https://doi.org/10.6084/m9.figshare.33062150.v3
webometrics,2026-09-28T01:22:12+00:00,overall,2026,21853,11,Université Shalom de Bunia,https://ror.org/0346q5236,Congo - Kinshasa,CD,cd,AF,unishabunia.org,73,July,top-per-country,10.6084/m9.figshare.33062150.v3,https://doi.org/10.6084/m9.figshare.33062150.v3
webometrics,2026-09-28T01:22:12+00:00,overall,2026,21863,10,St Clements University,,International,,int,INT,stclements.edu,73,July,top-per-country,10.6084/m9.figshare.33062150.v3,https://doi.org/10.6084/m9.figshare.33062150.v3
webometrics,2026-09-28T01:22:12+00:00,overall,2026,21934,3,Pacific Islands University,https://ror.org/03wg5pr04,Guam,GU,gu,AU,piu.edu,73,July,top-per-country,10.6084/m9.figshare.33062150.v3,https://doi.org/10.6084/m9.figshare.33062150.v3
webometrics,2026-09-28T01:22:12+00:00,overall,2026,21934,4,Universiade de Santiago,,Cape Verde,CV,cv,AF,us.edu.cv,73,July,top-per-country,10.6084/m9.figshare.33062150.v3,https://doi.org/10.6084/m9.figshare.33062150.v3
webometrics,2026-09-28T01:22:12+00:00,overall,2026,21934,4,Faculty of Management Herceg Novi / Fakultet za menadžment Herceg Novi,https://ror.org/01jq1mc68,Montenegro,ME,me,EU,fm-hn.com,73,July,top-per-country,10.6084/m9.figshare.33062150.v3,https://doi.org/10.6084/m9.figshare.33062150.v3
webometrics,2026-09-28T01:22:12+00:00,overall,2026,22099,6,ISCAM École de Commerce à Madagascar,https://ror.org/001v8xr05,Madagascar,MG,mg,AF,iscam.mg,73,July,top-per-country,10.6084/m9.figshare.33062150.v3,https://doi.org/10.6084/m9.figshare.33062150.v3
webometrics,2026-09-28T01:22:12+00:00,overall,2026,22103,5,Institut des Sciences des Technologies et des Études Avancées d'Haïti,https://ror.org/00wp2pa62,Haiti,HT,ht,IBC,isteah.edu.ht,73,July,top-per-country,10.6084/m9.figshare.33062150.v3,https://doi.org/10.6084/m9.figshare.33062150.v3
webometrics,2026-09-28T01:22:12+00:00,overall,2026,22103,10,Institute of European Studies of Macau,,Macao SAR China,MO,mo,AS,ieem.org.mo,73,July,top-per-country,10.6084/m9.figshare.33062150.v3,https://doi.org/10.6084/m9.figshare.33062150.v3
webometrics,2026-09-28T01:22:12+00:00,overall,2026,22103,13,Instituto Superior Politécnico Independente,,Angola,AO,ao,AF,ispi.site,73,July,top-per-country,10.6084/m9.figshare.33062150.v3,https://doi.org/10.6084/m9.figshare.33062150.v3
webometrics,2026-09-28T01:22:12+00:00,overall,2026,22151,14,Universidade Katyavala Bwila,https://ror.org/01vstb938,Angola,AO,ao,AF,ukb.ed.ao,73,July,top-per-country,10.6084/m9.figshare.33062150.v3,https://doi.org/10.6084/m9.figshare.33062150.v3
webometrics,2026-09-28T01:22:12+00:00,overall,2026,22159,15,Universidade Metodista de Angola,,Angola,AO,ao,AF,universidademetodista.ao,73,July,top-per-country,10.6084/m9.figshare.33062150.v3,https://doi.org/10.6084/m9.figshare.33062150.v3
webometrics,2026-09-28T01:22:12+00:00,overall,2026,22199,12,Université Catholique du Congo,https://ror.org/024yaae06,Congo - Kinshasa,CD,cd,AF,ucc.ovh,73,July,top-per-country,10.6084/m9.figshare.33062150.v3,https://doi.org/10.6084/m9.figshare.33062150.v3
webometrics,2026-09-28T01:22:12+00:00,overall,2026,22262,3,(3) Tetun Dili Institute of Technology,,Timor-Leste,TL,tl,AS,tetundit.tl,73,July,top-per-country,10.6084/m9.figshare.33062150.v3,https://doi.org/10.6084/m9.figshare.33062150.v3
webometrics,2026-09-28T01:22:12+00:00,overall,2026,22329,1,Atenisi Institute,https://ror.org/03mx3cq03,Tonga,TO,to,AU,atenisi.edu.to,73,July,top-per-country,10.6084/m9.figshare.33062150.v3,https://doi.org/10.6084/m9.figshare.33062150.v3
webometrics,2026-09-28T01:22:12+00:00,overall,2026,22405,1,Campus Caraïbéen des Arts,,Martinique,MQ,mq,IBC,cca-martinique.com,73,July,top-per-country,10.6084/m9.figshare.33062150.v3,https://doi.org/10.6084/m9.figshare.33062150.v3
webometrics,2026-09-28T01:22:12+00:00,overall,2026,22454,13,International University of Science & Technology in Kuwait,https://ror.org/05xa0v755,Kuwait,KW,kw,AW,iuk.edu.kw,73,July,top-per-country,10.6084/m9.figshare.33062150.v3,https://doi.org/10.6084/m9.figshare.33062150.v3
webometrics,2026-09-28T01:22:12+00:00,overall,2026,22459,5,Faculty of Mediterranean Business Studies / Fakultet za mediteranske i poslovne studije Tivat,https://ror.org/035ckv436,Montenegro,ME,me,EU,fms-tivat.me,73,July,top-per-country,10.6084/m9.figshare.33062150.v3,https://doi.org/10.6084/m9.figshare.33062150.v3
webometrics,2026-09-28T01:22:12+00:00,overall,2026,22518,6,(4) Washington University of Barbados,,Barbados,BB,bb,IBC,wubmed.org,73,July,top-per-country,10.6084/m9.figshare.33062150.v3,https://doi.org/10.6084/m9.figshare.33062150.v3
webometrics,2026-09-28T01:22:12+00:00,overall,2026,22518,11,Malawi Adventist University,https://ror.org/012tb7473,Malawi,MW,mw,AF,mau.ac.mw,73,July,top-per-country,10.6084/m9.figshare.33062150.v3,https://doi.org/10.6084/m9.figshare.33062150.v3
webometrics,2026-09-28T01:22:12+00:00,overall,2026,22579,3,Mandhu College,,Maldives,MV,mv,AS,mandhucollege.edu.mv,73,July,top-per-country,10.6084/m9.figshare.33062150.v3,https://doi.org/10.6084/m9.figshare.33062150.v3
webometrics,2026-09-28T01:22:12+00:00,overall,2026,22641,3,Eswatini Medical Christian University,,Eswatini,SZ,sz,AF,emcu.ac.sz,74,July,top-per-country,10.6084/m9.figshare.33062150.v3,https://doi.org/10.6084/m9.figshare.33062150.v3
webometrics,2026-09-28T01:22:12+00:00,overall,2026,22696,2,University of Bahr El Ghazal,https://ror.org/02zrvx577,South Sudan,SS,ss,AF,ubg.edu.ss,74,July,top-per-country,10.6084/m9.figshare.33062150.v3,https://doi.org/10.6084/m9.figshare.33062150.v3
webometrics,2026-09-28T01:22:12+00:00,overall,2026,22751,4,International University for Graduate Studies,https://ror.org/05s3gkw93,Dominica,DM,dm,IBC,iugrad.edu.dm,74,July,top-per-country,10.6084/m9.figshare.33062150.v3,https://doi.org/10.6084/m9.figshare.33062150.v3
webometrics,2026-09-28T01:22:12+00:00,overall,2026,22755,10,Ecole Nationale d'Administration de Cóte d'Ivoire,,Côte d’Ivoire,CI,ci,AF,ena.ci,74,July,top-per-country,10.6084/m9.figshare.33062150.v3,https://doi.org/10.6084/m9.figshare.33062150.v3
webometrics,2026-09-28T01:22:12+00:00,overall,2026,22823,2,École Normale Supérieure Mauritanie,https://ror.org/033vzfc66,Mauritania,MR,mr,AW,ens.mr,74,July,top-per-country,10.6084/m9.figshare.33062150.v3,https://doi.org/10.6084/m9.figshare.33062150.v3
webometrics,2026-09-28T01:22:12+00:00,overall,2026,22827,14,Box Hill College for Women,,Kuwait,KW,kw,AW,bhck.edu.kw,74,July,top-per-country,10.6084/m9.figshare.33062150.v3,https://doi.org/10.6084/m9.figshare.33062150.v3
webometrics,2026-09-28T01:22:12+00:00,overall,2026,23083,2,Universitat Oberta de la Salle Andorra,,Andorra,AD,ad,EU,uols.org,74,July,top-per-country,10.6084/m9.figshare.33062150.v3,https://doi.org/10.6084/m9.figshare.33062150.v3
webometrics,2026-09-28T01:22:12+00:00,overall,2026,23083,4,Cyryx College,,Maldives,MV,mv,AS,cyryxcollege.edu.mv,74,July,top-per-country,10.6084/m9.figshare.33062150.v3,https://doi.org/10.6084/m9.figshare.33062150.v3
webometrics,2026-09-28T01:22:12+00:00,overall,2026,23083,14,Tajik State University of Finance and Economics,,Tajikistan,TJ,tj,AS,tgfeu.tj,74,July,top-per-country,10.6084/m9.figshare.33062150.v3,https://doi.org/10.6084/m9.figshare.33062150.v3
webometrics,2026-09-28T01:22:12+00:00,overall,2026,23141,13,Université Chrétienne Bilingue du Congo,https://ror.org/002c8b395,Congo - Kinshasa,CD,cd,AF,ucbc.org,74,July,top-per-country,10.6084/m9.figshare.33062150.v3,https://doi.org/10.6084/m9.figshare.33062150.v3
webometrics,2026-09-28T01:22:12+00:00,overall,2026,23281,1,Université des Comores,,Comoros,KM,km,AW,univ-comores.com,74,July,top-per-country,10.6084/m9.figshare.33062150.v3,https://doi.org/10.6084/m9.figshare.33062150.v3
webometrics,2026-09-28T01:22:12+00:00,overall,2026,23281,14,Université de Mbujimayi,https://ror.org/00fp42952,Congo - Kinshasa,CD,cd,AF,um.ac.cd,74,July,top-per-country,10.6084/m9.figshare.33062150.v3,https://doi.org/10.6084/m9.figshare.33062150.v3
webometrics,2026-09-28T01:22:12+00:00,overall,2026,23293,3,Ecole Superieure Polytechnique,,Mauritania,MR,mr,AW,esp.mr,74,July,top-per-country,10.6084/m9.figshare.33062150.v3,https://doi.org/10.6084/m9.figshare.33062150.v3
webometrics,2026-09-28T01:22:12+00:00,overall,2026,23293,10,ABM University College,https://ror.org/03vs1ak92,Botswana,BW,bw,AF,abm.ac.bw,74,July,top-per-country,10.6084/m9.figshare.33062150.v3,https://doi.org/10.6084/m9.figshare.33062150.v3
webometrics,2026-09-28T01:22:12+00:00,overall,2026,23293,12,Malawi College of Accountancy,,Malawi,MW,mw,AF,mca.ac.mw,74,July,top-per-country,10.6084/m9.figshare.33062150.v3,https://doi.org/10.6084/m9.figshare.33062150.v3
webometrics,2026-09-28T01:22:12+00:00,overall,2026,23293,15,Ecole Nationale d'Administration,https://ror.org/024g34t51,Congo - Kinshasa,CD,cd,AF,ena.cd,74,July,top-per-country,10.6084/m9.figshare.33062150.v3,https://doi.org/10.6084/m9.figshare.33062150.v3
webometrics,2026-09-28T01:22:12+00:00,overall,2026,23364,3,Institute of Telecommunications and Informatics of Turkmenistan,,Turkmenistan,TM,tm,AS,itit.edu.tm,74,July,top-per-country,10.6084/m9.figshare.33062150.v3,https://doi.org/10.6084/m9.figshare.33062150.v3
webometrics,2026-09-28T01:22:12+00:00,overall,2026,23364,7,Institute of Brunei Technical Education,,Brunei,BN,bn,AS,ibte.edu.bn,74,July,top-per-country,10.6084/m9.figshare.33062150.v3,https://doi.org/10.6084/m9.figshare.33062150.v3
webometrics,2026-09-28T01:22:12+00:00,overall,2026,23442,4,Université de Ngozi,https://ror.org/036m3h813,Burundi,BI,bi,AF,univ-ngozi.bi,74,July,top-per-country,10.6084/m9.figshare.33062150.v3,https://doi.org/10.6084/m9.figshare.33062150.v3
webometrics,2026-09-28T01:22:12+00:00,overall,2026,23444,4,Myrat Garryyev Turkmen State Medical University,https://ror.org/05atctj59,Turkmenistan,TM,tm,AS,tdlu.edu.tm,74,July,top-per-country,10.6084/m9.figshare.33062150.v3,https://doi.org/10.6084/m9.figshare.33062150.v3
webometrics,2026-09-28T01:22:12+00:00,overall,2026,23449,8,Institut Supérieur des Métiers de l’Audiovisuel,,Benin,BJ,bj,AF,isma-benin.org,74,July,top-per-country,10.6084/m9.figshare.33062150.v3,https://doi.org/10.6084/m9.figshare.33062150.v3
webometrics,2026-09-28T01:22:12+00:00,overall,2026,23449,11,ESATIC Ecole Supéieure Africaine des TIC,,Côte d’Ivoire,CI,ci,AF,esatic.ci,74,July,top-per-country,10.6084/m9.figshare.33062150.v3,https://doi.org/10.6084/m9.figshare.33062150.v3
webometrics,2026-09-28T01:22:12+00:00,overall,2026,23506,15,Tajik Institute of Languages S Ulugzoda,https://ror.org/00nnrh863,Tajikistan,TJ,tj,AS,ddzt.tj,74,July,top-per-country,10.6084/m9.figshare.33062150.v3,https://doi.org/10.6084/m9.figshare.33062150.v3
webometrics,2026-09-28T01:22:12+00:00,overall,2026,23510,5,Turkmen Agricultural University Named after S.A Niyazov,https://ror.org/002x5gq86,Turkmenistan,TM,tm,AS,tohu.edu.tm,74,July,top-per-country,10.6084/m9.figshare.33062150.v3,https://doi.org/10.6084/m9.figshare.33062150.v3
webometrics,2026-09-28T01:22:12+00:00,overall,2026,23591,6,École Supérieure d'Infotronique d'Haiti,,Haiti,HT,ht,IBC,esih.edu,74,July,top-per-country,10.6084/m9.figshare.33062150.v3,https://doi.org/10.6084/m9.figshare.33062150.v3
webometrics,2026-09-28T01:22:12+00:00,overall,2026,23655,5,The Gambia College,https://ror.org/02qpgtq92,Gambia,GM,gm,AF,gc.edu.gm,74,July,top-per-country,10.6084/m9.figshare.33062150.v3,https://doi.org/10.6084/m9.figshare.33062150.v3
webometrics,2026-09-28T01:22:12+00:00,overall,2026,23800,7,Université Adventiste d'Haiti,https://ror.org/043gn8060,Haiti,HT,ht,IBC,unah.edu.ht,74,July,top-per-country,10.6084/m9.figshare.33062150.v3,https://doi.org/10.6084/m9.figshare.33062150.v3
webometrics,2026-09-28T01:22:12+00:00,overall,2026,23877,8,Université Caraibe Haiti,https://ror.org/05yh2rr37,Haiti,HT,ht,IBC,universitecaraibe.com,74,July,top-per-country,10.6084/m9.figshare.33062150.v3,https://doi.org/10.6084/m9.figshare.33062150.v3
webometrics,2026-09-28T01:22:12+00:00,overall,2026,23949,6,International University of Humanities and Development,,Turkmenistan,TM,tm,AS,iuhd.edu.tm,74,July,top-per-country,10.6084/m9.figshare.33062150.v3,https://doi.org/10.6084/m9.figshare.33062150.v3
webometrics,2026-09-28T01:22:12+00:00,overall,2026,23949,13,Unicaf University Malawi Campus,,Malawi,MW,mw,AF,unicafuniversity.ac.mw,74,July,top-per-country,10.6084/m9.figshare.33062150.v3,https://doi.org/10.6084/m9.figshare.33062150.v3
webometrics,2026-09-28T01:22:12+00:00,overall,2026,24026,4,Universidade Dili,https://ror.org/02p435225,Timor-Leste,TL,tl,AS,undil.tl,74,July,top-per-country,10.6084/m9.figshare.33062150.v3,https://doi.org/10.6084/m9.figshare.33062150.v3
webometrics,2026-09-28T01:22:12+00:00,overall,2026,24033,2,University of Seychelles American Institute of Medicine,,Seychelles,SC,sc,AF,usaim.edu,74,July,top-per-country,10.6084/m9.figshare.33062150.v3,https://doi.org/10.6084/m9.figshare.33062150.v3
webometrics,2026-09-28T01:22:12+00:00,overall,2026,24033,6,Adventist University of West Africa,,Liberia,LR,lr,AF,auwa.edu.lr,74,July,top-per-country,10.6084/m9.figshare.33062150.v3,https://doi.org/10.6084/m9.figshare.33062150.v3
webometrics,2026-09-28T01:22:12+00:00,overall,2026,24033,15,Onbeş Kasım Kıbrıs University / Onbeş Kasım Kıbrıs Üniversitesi,,TY,,ty,EU,onbeskku.edu.tr,75,July,top-per-country,10.6084/m9.figshare.33062150.v3,https://doi.org/10.6084/m9.figshare.33062150.v3
webometrics,2026-09-28T01:22:12+00:00,overall,2026,24110,5,École Nationale d’Ingénieurs Abderhame Baba Touré,https://ror.org/004fa4s18,Mali,ML,ml,AF,eni-abt.ml,75,July,top-per-country,10.6084/m9.figshare.33062150.v3,https://doi.org/10.6084/m9.figshare.33062150.v3
webometrics,2026-09-28T01:22:12+00:00,overall,2026,24111,9,Université Ouaga II,https://ror.org/008t11f85,Burkina Faso,BF,bf,AF,univ-ouaga2.gov.bf,75,July,top-per-country,10.6084/m9.figshare.33062150.v3,https://doi.org/10.6084/m9.figshare.33062150.v3
webometrics,2026-09-28T01:22:12+00:00,overall,2026,24115,10,MIC Institute of Technology,,Trinidad & Tobago,TT,tt,IBC,mic.co.tt,75,July,top-per-country,10.6084/m9.figshare.33062150.v3,https://doi.org/10.6084/m9.figshare.33062150.v3
webometrics,2026-09-28T01:22:12+00:00,overall,2026,24181,2,Polytechnic College,https://ror.org/048eb3m59,Suriname,SR,sr,IBC,ptc.edu.sr,75,July,top-per-country,10.6084/m9.figshare.33062150.v3,https://doi.org/10.6084/m9.figshare.33062150.v3
webometrics,2026-09-28T01:22:12+00:00,overall,2026,24186,2,Western Atlantic University School of Medicine WAUSM,https://ror.org/02fq9b702,Bahamas,BS,bs,IBC,wausm.education,75,July,top-per-country,10.6084/m9.figshare.33062150.v3,https://doi.org/10.6084/m9.figshare.33062150.v3
webometrics,2026-09-28T01:22:12+00:00,overall,2026,24186,9,Université Nationale d'Agriculture,https://ror.org/05b2p8944,Benin,BJ,bj,AF,una.bj,75,July,top-per-country,10.6084/m9.figshare.33062150.v3,https://doi.org/10.6084/m9.figshare.33062150.v3
webometrics,2026-09-28T01:22:12+00:00,overall,2026,24186,15,University of Technology and Arts of Byumba,,Rwanda,RW,rw,AF,utab.ac.rw,75,July,top-per-country,10.6084/m9.figshare.33062150.v3,https://doi.org/10.6084/m9.figshare.33062150.v3
webometrics,2026-09-28T01:22:12+00:00,overall,2026,24283,13,Universidade Save,https://ror.org/035630h07,Mozambique,MZ,mz,AF,unisave.ac.mz,75,July,top-per-country,10.6084/m9.figshare.33062150.v3,https://doi.org/10.6084/m9.figshare.33062150.v3
webometrics,2026-09-28T01:22:12+00:00,overall,2026,24289,5,Rushmore University,,Cayman Islands,KY,ky,IBC,rushmore.edu,75,July,top-per-country,10.6084/m9.figshare.33062150.v3,https://doi.org/10.6084/m9.figshare.33062150.v3
webometrics,2026-09-28T01:22:12+00:00,overall,2026,24289,7,(4) Victoria University of Barbados,,Barbados,BB,bb,IBC,vubmed.org,75,July,top-per-country,10.6084/m9.figshare.33062150.v3,https://doi.org/10.6084/m9.figshare.33062150.v3
webometrics,2026-09-28T01:22:12+00:00,overall,2026,24379,6,Faculty of Business Management in Bar / Fakultet za poslovni menadžment Bar,https://ror.org/059hjkt43,Montenegro,ME,me,EU,fpm.me,75,July,top-per-country,10.6084/m9.figshare.33062150.v3,https://doi.org/10.6084/m9.figshare.33062150.v3
webometrics,2026-09-28T01:22:12+00:00,overall,2026,24380,2,Midocean University,https://ror.org/036tnqa40,Comoros,KM,km,AW,midocean.edu.km,75,July,top-per-country,10.6084/m9.figshare.33062150.v3,https://doi.org/10.6084/m9.figshare.33062150.v3
webometrics,2026-09-28T01:22:12+00:00,overall,2026,24380,4,(4) American International School of Medicine,,Guyana,GY,gy,IBC,aism.edu,75,July,top-per-country,10.6084/m9.figshare.33062150.v3,https://doi.org/10.6084/m9.figshare.33062150.v3
webometrics,2026-09-28T01:22:12+00:00,overall,2026,24380,7,Institute of International Relations Turkmenistan,,Turkmenistan,TM,tm,AS,iirmfa.edu.tm,75,July,top-per-country,10.6084/m9.figshare.33062150.v3,https://doi.org/10.6084/m9.figshare.33062150.v3
webometrics,2026-09-28T01:22:12+00:00,overall,2026,24584,2,Lesotho College of Education,,Lesotho,LS,ls,AF,lce.ac.ls,75,July,top-per-country,10.6084/m9.figshare.33062150.v3,https://doi.org/10.6084/m9.figshare.33062150.v3
webometrics,2026-09-28T01:22:12+00:00,overall,2026,24584,5,(4) Georgetown American University GAU School of Medicine,,Guyana,GY,gy,IBC,gau.edu.gy,75,July,top-per-country,10.6084/m9.figshare.33062150.v3,https://doi.org/10.6084/m9.figshare.33062150.v3
webometrics,2026-09-28T01:22:12+00:00,overall,2026,24584,9,Jigme Namgyel Engineering College (Jigme Namgyel Polytechnic),,Bhutan,BT,bt,AS,jnec.edu.bt,75,July,top-per-country,10.6084/m9.figshare.33062150.v3,https://doi.org/10.6084/m9.figshare.33062150.v3
webometrics,2026-09-28T01:22:12+00:00,overall,2026,24666,6,Guyana School of Agriculture,https://ror.org/05xwhfa95,Guyana,GY,gy,IBC,gsa.edu.gy,75,July,top-per-country,10.6084/m9.figshare.33062150.v3,https://doi.org/10.6084/m9.figshare.33062150.v3
webometrics,2026-09-28T01:22:12+00:00,overall,2026,24667,2,Maryam Abacha American University of Niger,https://ror.org/0480gk412,Niger,NE,ne,AF,maaun.edu.ne,75,July,top-per-country,10.6084/m9.figshare.33062150.v3,https://doi.org/10.6084/m9.figshare.33062150.v3
webometrics,2026-09-28T01:22:12+00:00,overall,2026,24762,10,Haute Ecole de Commerce et de Management,https://ror.org/03spqk736,Benin,BJ,bj,AF,hecm-afrique.net,75,July,top-per-country,10.6084/m9.figshare.33062150.v3,https://doi.org/10.6084/m9.figshare.33062150.v3
webometrics,2026-09-28T01:22:12+00:00,overall,2026,24766,5,Avid College,,Maldives,MV,mv,AS,avidcollege.edu.mv,75,July,top-per-country,10.6084/m9.figshare.33062150.v3,https://doi.org/10.6084/m9.figshare.33062150.v3
webometrics,2026-09-28T01:22:12+00:00,overall,2026,24766,8,European Institute of Education,,Malta,MT,mt,EU,eieinstitute.com,75,July,top-per-country,10.6084/m9.figshare.33062150.v3,https://doi.org/10.6084/m9.figshare.33062150.v3
webometrics,2026-09-28T01:22:12+00:00,overall,2026,24867,7,Faculty of Administrative and European Studies / Fakultet za državne i evropske studije,https://ror.org/01rbdtr54,Montenegro,ME,me,EU,fdes.me,75,July,top-per-country,10.6084/m9.figshare.33062150.v3,https://doi.org/10.6084/m9.figshare.33062150.v3
webometrics,2026-09-28T01:22:12+00:00,overall,2026,24870,1,Kiribati Institute of Technology,,Kiribati,KI,ki,AU,kit.edu.ki,75,July,top-per-country,10.6084/m9.figshare.33062150.v3,https://doi.org/10.6084/m9.figshare.33062150.v3
webometrics,2026-09-28T01:22:12+00:00,overall,2026,24870,5,(4) New York Medical University,,Curaçao,CW,cw,IBC,nymu.org,75,July,top-per-country,10.6084/m9.figshare.33062150.v3,https://doi.org/10.6084/m9.figshare.33062150.v3
webometrics,2026-09-28T01:22:12+00:00,overall,2026,24870,6,(4) Burnett International Medical School,,St. Kitts & Nevis,KN,kn,IBC,burnett.edu,75,July,top-per-country,10.6084/m9.figshare.33062150.v3,https://doi.org/10.6084/m9.figshare.33062150.v3
webometrics,2026-09-28T01:22:12+00:00,overall,2026,24870,12,Institut National de Formation des Agents de Sante,,Côte d’Ivoire,CI,ci,AF,infas.ci,75,July,top-per-country,10.6084/m9.figshare.33062150.v3,https://doi.org/10.6084/m9.figshare.33062150.v3
webometrics,2026-09-28T01:22:12+00:00,overall,2026,24870,13,Université de Cocody Abidjan,,Côte d’Ivoire,CI,ci,AF,univ-cocody.ci,75,July,top-per-country,10.6084/m9.figshare.33062150.v3,https://doi.org/10.6084/m9.figshare.33062150.v3
webometrics,2026-09-28T01:22:12+00:00,overall,2026,24870,14,Malawi Assemblies of God University,,Malawi,MW,mw,AF,magu.ac.mw,75,July,top-per-country,10.6084/m9.figshare.33062150.v3,https://doi.org/10.6084/m9.figshare.33062150.v3
webometrics,2026-09-28T01:22:12+00:00,overall,2026,24977,8,International Oil and Gas University,https://ror.org/03zp9mq15,Turkmenistan,TM,tm,AS,iogu.edu.tm,75,July,top-per-country,10.6084/m9.figshare.33062150.v3,https://doi.org/10.6084/m9.figshare.33062150.v3
webometrics,2026-09-28T01:22:12+00:00,overall,2026,24980,11,École PIGIER Bénin,https://ror.org/052mp5r63,Benin,BJ,bj,AF,pigier-benin.com,75,July,top-per-country,10.6084/m9.figshare.33062150.v3,https://doi.org/10.6084/m9.figshare.33062150.v3
webometrics,2026-09-28T01:22:12+00:00,overall,2026,24986,2,Université de Moundou,https://ror.org/02qn44j35,Chad,TD,td,AW,univ-mdou.org,76,July,top-per-country,10.6084/m9.figshare.33062150.v3,https://doi.org/10.6084/m9.figshare.33062150.v3
webometrics,2026-09-28T01:22:12+00:00,overall,2026,24987,2,École Supérieure de Gestión et d'Administration des Entreprises Brazzaville ESGAE,,Congo - Brazzaville,CG,cg,AF,esgae.org,76,July,top-per-country,10.6084/m9.figshare.33062150.v3,https://doi.org/10.6084/m9.figshare.33062150.v3
webometrics,2026-09-28T01:22:12+00:00,overall,2026,24987,4,Université Catholique de l'Afrique de l'Ouest UCAO Unité Universitaire au Togo UUT,,Togo,TG,tg,AF,ucao-uut.tg,76,July,top-per-country,10.6084/m9.figshare.33062150.v3,https://doi.org/10.6084/m9.figshare.33062150.v3
webometrics,2026-09-28T01:22:12+00:00,overall,2026,24987,11,Boitekanelo College,https://ror.org/052hd3k14,Botswana,BW,bw,AF,boitekanelo.ac.bw,76,July,top-per-country,10.6084/m9.figshare.33062150.v3,https://doi.org/10.6084/m9.figshare.33062150.v3
webometrics,2026-09-28T01:22:12+00:00,overall,2026,24987,11,Cipriani Labour College,,Trinidad & Tobago,TT,tt,IBC,cclcs.edu.tt,76,July,top-per-country,10.6084/m9.figshare.33062150.v3,https://doi.org/10.6084/m9.figshare.33062150.v3
webometrics,2026-09-28T01:22:12+00:00,overall,2026,25083,9,Evangelical Theological Seminary of Port-au-Prince,,Haiti,HT,ht,IBC,stephaiti.net,76,July,top-per-country,10.6084/m9.figshare.33062150.v3,https://doi.org/10.6084/m9.figshare.33062150.v3
webometrics,2026-09-28T01:22:12+00:00,overall,2026,25083,10,Université Privée de Ouagadougou,https://ror.org/00b8afy92,Burkina Faso,BF,bf,AF,univ-priveouaga.com,76,July,top-per-country,10.6084/m9.figshare.33062150.v3,https://doi.org/10.6084/m9.figshare.33062150.v3
webometrics,2026-09-28T01:22:12+00:00,overall,2026,25203,12,Trinidad and Tobago Hospitality and Tourism Institute,,Trinidad & Tobago,TT,tt,IBC,thti.edu.tt,76,July,top-per-country,10.6084/m9.figshare.33062150.v3,https://doi.org/10.6084/m9.figshare.33062150.v3
webometrics,2026-09-28T01:22:12+00:00,overall,2026,25300,5,Université du Lac Tanganyika,https://ror.org/03nmehh68,Burundi,BI,bi,AF,ult.bi,76,July,top-per-country,10.6084/m9.figshare.33062150.v3,https://doi.org/10.6084/m9.figshare.33062150.v3
webometrics,2026-09-28T01:22:12+00:00,overall,2026,25304,5,Instituto Superior de Ciências Jurídicas e Sociais,,Cape Verde,CV,cv,AF,iscjs.edu.cv,76,July,top-per-country,10.6084/m9.figshare.33062150.v3,https://doi.org/10.6084/m9.figshare.33062150.v3
webometrics,2026-09-28T01:22:12+00:00,overall,2026,25304,14,Centre Africain de Management et de Perfectionnement des Cadres,,Côte d’Ivoire,CI,ci,AF,campc.net,76,July,top-per-country,10.6084/m9.figshare.33062150.v3,https://doi.org/10.6084/m9.figshare.33062150.v3
webometrics,2026-09-28T01:22:12+00:00,overall,2026,25304,15,Institut National Supérieur des Arts et de l'Action Culturelle,,Côte d’Ivoire,CI,ci,AF,insaac.edu.ci,76,July,top-per-country,10.6084/m9.figshare.33062150.v3,https://doi.org/10.6084/m9.figshare.33062150.v3
webometrics,2026-09-28T01:22:12+00:00,overall,2026,25404,11,Macau Institute of Management,,Macao SAR China,MO,mo,AS,mim.edu.mo,76,July,top-per-country,10.6084/m9.figshare.33062150.v3,https://doi.org/10.6084/m9.figshare.33062150.v3
webometrics,2026-09-28T01:22:12+00:00,overall,2026,25404,15,Blantyre International University,,Malawi,MW,mw,AF,biu-edu.com,76,July,top-per-country,10.6084/m9.figshare.33062150.v3,https://doi.org/10.6084/m9.figshare.33062150.v3
webometrics,2026-09-28T01:22:12+00:00,overall,2026,25501,6,Hope Africa University /Université Espoir d’Afrique,https://ror.org/05x1fgy66,Burundi,BI,bi,AF,hau.bi,76,July,top-per-country,10.6084/m9.figshare.33062150.v3,https://doi.org/10.6084/m9.figshare.33062150.v3
webometrics,2026-09-28T01:22:12+00:00,overall,2026,25505,12,Imperial School of Business and Science,,Botswana,BW,bw,AF,isbs.ac.bw,76,July,top-per-country,10.6084/m9.figshare.33062150.v3,https://doi.org/10.6084/m9.figshare.33062150.v3
webometrics,2026-09-28T01:22:12+00:00,overall,2026,25617,9,Anna Medical College Mauritius,,Mauritius,MU,mu,AF,amcrc.org,76,July,top-per-country,10.6084/m9.figshare.33062150.v3,https://doi.org/10.6084/m9.figshare.33062150.v3
webometrics,2026-09-28T01:22:12+00:00,overall,2026,25617,10,Sir Seewoosagur Ramgoolam Medical College,,Mauritius,MU,mu,AF,ssrmedicalcollege.com,76,July,top-per-country,10.6084/m9.figshare.33062150.v3,https://doi.org/10.6084/m9.figshare.33062150.v3
webometrics,2026-09-28T01:22:12+00:00,overall,2026,25714,4,Instituto Pedagogico Arubano,,Aruba,AW,aw,IBC,ipaaruba.com,76,July,top-per-country,10.6084/m9.figshare.33062150.v3,https://doi.org/10.6084/m9.figshare.33062150.v3
webometrics,2026-09-28T01:22:12+00:00,overall,2026,25840,1,St Clements University Niue,https://ror.org/04wh4y985,Niue,NU,nu,AU,stclements.edu.nu,76,July,top-per-country,10.6084/m9.figshare.33062150.v3,https://doi.org/10.6084/m9.figshare.33062150.v3
webometrics,2026-09-28T01:22:12+00:00,overall,2026,25948,9,Turkmen State Institute of Economics and Management,https://ror.org/03m5h1s11,Turkmenistan,TM,tm,AS,tsiem.edu.tm,76,July,top-per-country,10.6084/m9.figshare.33062150.v3,https://doi.org/10.6084/m9.figshare.33062150.v3
webometrics,2026-09-28T01:22:12+00:00,overall,2026,25950,10,Turkmen State Institute of Culture,https://ror.org/02mwnfc70,Turkmenistan,TM,tm,AS,tdmi.edu.tm,76,July,top-per-country,10.6084/m9.figshare.33062150.v3,https://doi.org/10.6084/m9.figshare.33062150.v3
webometrics,2026-09-28T01:22:12+00:00,overall,2026,25953,11,Turkmen Agricultural Institute,,Turkmenistan,TM,tm,AS,tohi.edu.tm,76,July,top-per-country,10.6084/m9.figshare.33062150.v3,https://doi.org/10.6084/m9.figshare.33062150.v3
webometrics,2026-09-28T01:22:12+00:00,overall,2026,26056,12,Dovletmamed Azady Turkmen National Institute of World Languages,https://ror.org/03s2yse38,Turkmenistan,TM,tm,AS,datmddi.edu.tm,76,July,top-per-country,10.6084/m9.figshare.33062150.v3,https://doi.org/10.6084/m9.figshare.33062150.v3
webometrics,2026-09-28T01:22:12+00:00,overall,2026,26186,12,Esep Le Berger Universite,https://ror.org/048s1x807,Benin,BJ,bj,AF,esepleberger.edu.bj,76,July,top-per-country,10.6084/m9.figshare.33062150.v3,https://doi.org/10.6084/m9.figshare.33062150.v3
webometrics,2026-09-28T01:22:12+00:00,overall,2026,26196,6,Universidade do Mindelo,,Cape Verde,CV,cv,AF,um.edu.cv,76,July,top-per-country,10.6084/m9.figshare.33062150.v3,https://doi.org/10.6084/m9.figshare.33062150.v3
webometrics,2026-09-28T01:22:12+00:00,overall,2026,26196,7,Institut National de Santé Publique,https://ror.org/042sjvf54,Burundi,BI,bi,AF,insp.bi,76,July,top-per-country,10.6084/m9.figshare.33062150.v3,https://doi.org/10.6084/m9.figshare.33062150.v3
webometrics,2026-09-28T01:22:12+00:00,overall,2026,26196,10,Queensland University Université Queensland,,Haiti,HT,ht,IBC,uqstegnetwork.org,76,July,top-per-country,10.6084/m9.figshare.33062150.v3,https://doi.org/10.6084/m9.figshare.33062150.v3
webometrics,2026-09-28T01:22:12+00:00,overall,2026,26196,11,University of United Popular Nations Burkina Faso,,Burkina Faso,BF,bf,AF,uupn-edubf.org,76,July,top-per-country,10.6084/m9.figshare.33062150.v3,https://doi.org/10.6084/m9.figshare.33062150.v3
webometrics,2026-09-28T01:22:12+00:00,overall,2026,26322,3,Eugene Dupuch Law School,,Bahamas,BS,bs,IBC,eugenedupuchlaw.edu.bs,76,July,top-per-country,10.6084/m9.figshare.33062150.v3,https://doi.org/10.6084/m9.figshare.33062150.v3
webometrics,2026-09-28T01:22:12+00:00,overall,2026,26322,15,Universidad Politécnica de Ingeniería Honduras,,Honduras,HN,hn,IBC,upi.edu.hn,77,July,top-per-country,10.6084/m9.figshare.33062150.v3,https://doi.org/10.6084/m9.figshare.33062150.v3
webometrics,2026-09-28T01:22:12+00:00,overall,2026,26448,7,International University of Nursing,,St. Kitts & Nevis,KN,kn,IBC,iuon.org,77,July,top-per-country,10.6084/m9.figshare.33062150.v3,https://doi.org/10.6084/m9.figshare.33062150.v3
webometrics,2026-09-28T01:22:12+00:00,overall,2026,26448,11,University of Fondwa,,Haiti,HT,ht,IBC,ufondwa.org,77,July,top-per-country,10.6084/m9.figshare.33062150.v3,https://doi.org/10.6084/m9.figshare.33062150.v3
webometrics,2026-09-28T01:22:12+00:00,overall,2026,26448,13,Oguzhan University of Engineering Technologies,https://ror.org/00f7h4g27,Turkmenistan,TM,tm,AS,etut.edu.tm,77,July,top-per-country,10.6084/m9.figshare.33062150.v3,https://doi.org/10.6084/m9.figshare.33062150.v3
webometrics,2026-09-28T01:22:12+00:00,overall,2026,26571,13,Université Africaine de Technologie et de Management Gasa,https://ror.org/02zdjth29,Benin,BJ,bj,AF,uatm-gasa.com,77,July,top-per-country,10.6084/m9.figshare.33062150.v3,https://doi.org/10.6084/m9.figshare.33062150.v3
webometrics,2026-09-28T01:22:12+00:00,overall,2026,26572,8,Université des Grands Lacs,https://ror.org/01p81kj40,Burundi,BI,bi,AF,ugl.bi,77,July,top-per-country,10.6084/m9.figshare.33062150.v3,https://doi.org/10.6084/m9.figshare.33062150.v3
webometrics,2026-09-28T01:22:12+00:00,overall,2026,26574,5,Instituto Profissional de Canossa,https://ror.org/01zhg1x17,Timor-Leste,TL,tl,AS,ipdc.edu.tl,77,July,top-per-country,10.6084/m9.figshare.33062150.v3,https://doi.org/10.6084/m9.figshare.33062150.v3
webometrics,2026-09-28T01:22:12+00:00,overall,2026,26574,11,Uniciti Education Hub,,Mauritius,MU,mu,AF,uniciti-ieh.com,77,July,top-per-country,10.6084/m9.figshare.33062150.v3,https://doi.org/10.6084/m9.figshare.33062150.v3
webometrics,2026-09-28T01:22:12+00:00,overall,2026,26705,14,State Energy Institute of Turkmenistan,,Turkmenistan,TM,tm,AS,tdei.edu.tm,77,July,top-per-country,10.6084/m9.figshare.33062150.v3,https://doi.org/10.6084/m9.figshare.33062150.v3
webometrics,2026-09-28T01:22:12+00:00,overall,2026,26845,7,Institut Superieur Polytechnique de Madagascar,,Madagascar,MG,mg,AF,ispm-edu.com,77,July,top-per-country,10.6084/m9.figshare.33062150.v3,https://doi.org/10.6084/m9.figshare.33062150.v3
webometrics,2026-09-28T01:22:12+00:00,overall,2026,26845,9,ITIS Malta Tourism Institute,,Malta,MT,mt,EU,itismalta.com,77,July,top-per-country,10.6084/m9.figshare.33062150.v3,https://doi.org/10.6084/m9.figshare.33062150.v3
webometrics,2026-09-28T01:22:12+00:00,overall,2026,26983,2,(4) Global Humanistic University Anguilla,,Anguilla,AI,ai,IBC,ghu.edu.ai,77,July,top-per-country,10.6084/m9.figshare.33062150.v3,https://doi.org/10.6084/m9.figshare.33062150.v3
webometrics,2026-09-28T01:22:12+00:00,overall,2026,26983,6,Abel Tasman College,,Curaçao,CW,cw,IBC,abeltasmancollege.net,77,July,top-per-country,10.6084/m9.figshare.33062150.v3,https://doi.org/10.6084/m9.figshare.33062150.v3
webometrics,2026-09-28T01:22:12+00:00,overall,2026,27097,1,EGC Réunion / Ecole de gestion et de commerce de La Réunion,,Réunion,RE,re,EU,egc-reunion.re,77,July,top-per-country,10.6084/m9.figshare.33062150.v3,https://doi.org/10.6084/m9.figshare.33062150.v3
webometrics,2026-09-28T01:22:12+00:00,overall,2026,27097,2,Turks and Caicos Islands Community College,,Turks & Caicos Islands,TC,tc,IBC,tcicc.edu.tc,77,July,top-per-country,10.6084/m9.figshare.33062150.v3,https://doi.org/10.6084/m9.figshare.33062150.v3
webometrics,2026-09-28T01:22:12+00:00,overall,2026,27097,8,Faculty of Business and Tourism Budva / Fakultet za biznis i turizam Budva,,Montenegro,ME,me,EU,fbt-budva.com,77,July,top-per-country,10.6084/m9.figshare.33062150.v3,https://doi.org/10.6084/m9.figshare.33062150.v3
webometrics,2026-09-28T01:22:12+00:00,overall,2026,27097,12,Université INUKA,,Haiti,HT,ht,IBC,inuka.edu.ht,77,July,top-per-country,10.6084/m9.figshare.33062150.v3,https://doi.org/10.6084/m9.figshare.33062150.v3
webometrics,2026-09-28T01:22:12+00:00,overall,2026,27250,5,Milton Margai College of Education and Technology,,Sierra Leone,SL,sl,AF,mmcet.edu.sl,77,July,top-per-country,10.6084/m9.figshare.33062150.v3,https://doi.org/10.6084/m9.figshare.33062150.v3
webometrics,2026-09-28T01:22:12+00:00,overall,2026,27250,5,Université des Sciences et Technologies du Togo,,Togo,TG,tg,AF,rusta-usttg.org,77,July,top-per-country,10.6084/m9.figshare.33062150.v3,https://doi.org/10.6084/m9.figshare.33062150.v3
webometrics,2026-09-28T01:22:12+00:00,overall,2026,27250,7,Instituto Universitário de Arte Tecnologia e Cultura MINDELO Cabo Verde,,Cape Verde,CV,cv,AF,meia.edu.cv,77,July,top-per-country,10.6084/m9.figshare.33062150.v3,https://doi.org/10.6084/m9.figshare.33062150.v3
webometrics,2026-09-28T01:22:12+00:00,overall,2026,27250,7,John F Kennedy School of Medicine Curaçao,,Curaçao,CW,cw,IBC,jfkuniversity.org,77,July,top-per-country,10.6084/m9.figshare.33062150.v3,https://doi.org/10.6084/m9.figshare.33062150.v3
webometrics,2026-09-28T01:22:12+00:00,overall,2026,27250,14,Institut Supérieur de Management Adonaï Benin,,Benin,BJ,bj,AF,ismadonai.net,77,July,top-per-country,10.6084/m9.figshare.33062150.v3,https://doi.org/10.6084/m9.figshare.33062150.v3
webometrics,2026-09-28T01:22:12+00:00,overall,2026,27408,3,Seychelles Polytechnic,,Seychelles,SC,sc,AF,seypoly.edu.sc,77,July,top-per-country,10.6084/m9.figshare.33062150.v3,https://doi.org/10.6084/m9.figshare.33062150.v3
webometrics,2026-09-28T01:22:12+00:00,overall,2026,27555,1,Universidad Nacional de Guinea Ecuatorial,,Equatorial Guinea,GQ,gq,AF,ungecampus.com,77,July,top-per-country,10.6084/m9.figshare.33062150.v3,https://doi.org/10.6084/m9.figshare.33062150.v3
webometrics,2026-09-28T01:22:12+00:00,overall,2026,27555,15,Irgib Africa University,,Benin,BJ,bj,AF,irgibafrica.university,77,July,top-per-country,10.6084/m9.figshare.33062150.v3,https://doi.org/10.6084/m9.figshare.33062150.v3
webometrics,2026-09-28T01:22:12+00:00,overall,2026,27703,1,Vanuatu Institute of Technology,,Vanuatu,VU,vu,AU,vit.edu.vu,77,July,top-per-country,10.6084/m9.figshare.33062150.v3,https://doi.org/10.6084/m9.figshare.33062150.v3
webometrics,2026-09-28T01:22:12+00:00,overall,2026,27703,13,Université Autonome de Port-au-Prince,,Haiti,HT,ht,IBC,unapedu.net,77,July,top-per-country,10.6084/m9.figshare.33062150.v3,https://doi.org/10.6084/m9.figshare.33062150.v3
webometrics,2026-09-28T01:22:12+00:00,overall,2026,27861,2,Afro American University of Central África AAUCA,https://ror.org/05y121968,Equatorial Guinea,GQ,gq,AF,aaucauniversity.com,77,July,top-per-country,10.6084/m9.figshare.33062150.v3,https://doi.org/10.6084/m9.figshare.33062150.v3
webometrics,2026-09-28T01:22:12+00:00,overall,2026,27861,2,H Lavity Stoutt Community College,,British Virgin Islands,VG,vg,IBC,hlscc.org,77,July,top-per-country,10.6084/m9.figshare.33062150.v3,https://doi.org/10.6084/m9.figshare.33062150.v3
webometrics,2026-09-28T01:22:12+00:00,overall,2026,27861,8,École Supérieure de l'Information et de la Communication,,Madagascar,MG,mg,AF,samis-esic.mg,77,July,top-per-country,10.6084/m9.figshare.33062150.v3,https://doi.org/10.6084/m9.figshare.33062150.v3
webometrics,2026-09-28T01:22:12+00:00,overall,2026,27861,14,Université Franco Haïtienne du Cap-Haïtien,https://ror.org/00hbmcg20,Haiti,HT,ht,IBC,ufch.org,77,July,top-per-country,10.6084/m9.figshare.33062150.v3,https://doi.org/10.6084/m9.figshare.33062150.v3
webometrics,2026-09-28T01:22:12+00:00,overall,2026,27861,15,Université de Port-au-Prince,,Haiti,HT,ht,IBC,uportauprince.ht,77,July,top-per-country,10.6084/m9.figshare.33062150.v3,https://doi.org/10.6084/m9.figshare.33062150.v3
webometrics,2026-09-28T01:22:12+00:00,overall,2026,27861,15,Seyitnazar Seydi Turkmen State Pedagogical Institute,,Turkmenistan,TM,tm,AS,tdmugi.edu.tm,78,July,top-per-country,10.6084/m9.figshare.33062150.v3,https://doi.org/10.6084/m9.figshare.33062150.v3
webometrics,2026-09-28T01:22:12+00:00,overall,2026,28034,14,Supershine University,https://ror.org/05ervsk64,Mozambique,MZ,mz,AF,supershineuniversity.net,78,July,top-per-country,10.6084/m9.figshare.33062150.v3,https://doi.org/10.6084/m9.figshare.33062150.v3
webometrics,2026-09-28T01:22:12+00:00,overall,2026,28038,3,Ecole de Mines et de la Métallurgie de Moanda E3MG,,Gabon,GA,ga,AF,e3mg.ga,78,July,top-per-country,10.6084/m9.figshare.33062150.v3,https://doi.org/10.6084/m9.figshare.33062150.v3
webometrics,2026-09-28T01:22:12+00:00,overall,2026,28038,3,École Nationale d'Administration Tchad,,Chad,TD,td,AW,ena.td,78,July,top-per-country,10.6084/m9.figshare.33062150.v3,https://doi.org/10.6084/m9.figshare.33062150.v3
webometrics,2026-09-28T01:22:12+00:00,overall,2026,28038,4,Institut National des Sciences de Gestion Gabon,,Gabon,GA,ga,AF,insggabon.com,78,July,top-per-country,10.6084/m9.figshare.33062150.v3,https://doi.org/10.6084/m9.figshare.33062150.v3
webometrics,2026-09-28T01:22:12+00:00,overall,2026,28038,4,Université Emi Koussi,,Chad,TD,td,AW,universite-emikoussi.net,78,July,top-per-country,10.6084/m9.figshare.33062150.v3,https://doi.org/10.6084/m9.figshare.33062150.v3
webometrics,2026-09-28T01:22:12+00:00,overall,2026,28038,9,Bujumbura International University,,Burundi,BI,bi,AF,biu.bi,78,July,top-per-country,10.6084/m9.figshare.33062150.v3,https://doi.org/10.6084/m9.figshare.33062150.v3
webometrics,2026-09-28T01:22:12+00:00,overall,2026,28038,10,(3) Khesar Gyalpo University of Medical Sciences of Bhutan Faculty of Nursing and Public Health,,Bhutan,BT,bt,AS,fnph.edu.bt,78,July,top-per-country,10.6084/m9.figshare.33062150.v3,https://doi.org/10.6084/m9.figshare.33062150.v3
webometrics,2026-09-28T01:22:12+00:00,overall,2026,28038,13,Caribbean Nazarene College,,Trinidad & Tobago,TT,tt,IBC,cnc.edu,78,July,top-per-country,10.6084/m9.figshare.33062150.v3,https://doi.org/10.6084/m9.figshare.33062150.v3
webometrics,2026-09-28T01:22:12+00:00,overall,2026,28210,8,(4) Global Humanistic University Curaçao,,Curaçao,CW,cw,IBC,ghu.edu.cw,78,July,top-per-country,10.6084/m9.figshare.33062150.v3,https://doi.org/10.6084/m9.figshare.33062150.v3
webometrics,2026-09-28T01:22:12+00:00,overall,2026,28382,1,Cook Islands Tertiary and Training Institute CITTI,,Cook Islands,CK,ck,AU,citti.edu.ck,78,July,top-per-country,10.6084/m9.figshare.33062150.v3,https://doi.org/10.6084/m9.figshare.33062150.v3
webometrics,2026-09-28T01:22:12+00:00,overall,2026,28382,10,Université Polytechnique de Gitega,https://ror.org/04y3taw17,Burundi,BI,bi,AF,upg.edu.bi,78,July,top-per-country,10.6084/m9.figshare.33062150.v3,https://doi.org/10.6084/m9.figshare.33062150.v3
webometrics,2026-09-28T01:22:12+00:00,overall,2026,28574,11,Institut Supérieur de Gestion des Entreprises ISGE,https://ror.org/02fjyx055,Burundi,BI,bi,AF,isge.bi,78,July,top-per-country,10.6084/m9.figshare.33062150.v3,https://doi.org/10.6084/m9.figshare.33062150.v3
webometrics,2026-09-28T01:22:12+00:00,overall,2026,28580,3,American University of Anguilla School of Medicine,,Anguilla,AI,ai,IBC,aua.ai,78,July,top-per-country,10.6084/m9.figshare.33062150.v3,https://doi.org/10.6084/m9.figshare.33062150.v3
webometrics,2026-09-28T01:22:12+00:00,overall,2026,28580,6,Ernest Bai Koroma University of Science and Technology,,Sierra Leone,SL,sl,AF,ebkustsl.edu.sl,78,July,top-per-country,10.6084/m9.figshare.33062150.v3,https://doi.org/10.6084/m9.figshare.33062150.v3
webometrics,2026-09-28T01:22:12+00:00,overall,2026,28580,9,Maritime Faculty Bar / Pomorski fakultet Bar,,Montenegro,ME,me,EU,pfbar.me,78,July,top-per-country,10.6084/m9.figshare.33062150.v3,https://doi.org/10.6084/m9.figshare.33062150.v3
webometrics,2026-09-28T01:22:12+00:00,overall,2026,28580,12,Université du Faso,https://ror.org/01c8knz80,Burkina Faso,BF,bf,AF,univ-faso.org,78,July,top-per-country,10.6084/m9.figshare.33062150.v3,https://doi.org/10.6084/m9.figshare.33062150.v3
webometrics,2026-09-28T01:22:12+00:00,overall,2026,28756,6,Ecole Supérieure des Affaires Togo,,Togo,TG,tg,AF,esatogo.com,78,July,top-per-country,10.6084/m9.figshare.33062150.v3,https://doi.org/10.6084/m9.figshare.33062150.v3
webometrics,2026-09-28T01:22:12+00:00,overall,2026,28756,8,(4) Bridgetown International University,https://ror.org/0428rfx50,Barbados,BB,bb,IBC,biu.university,78,July,top-per-country,10.6084/m9.figshare.33062150.v3,https://doi.org/10.6084/m9.figshare.33062150.v3
webometrics,2026-09-28T01:22:12+00:00,overall,2026,28756,9,(4) Queen's University College of Medicine Barbados QUCOM,,Barbados,BB,bb,IBC,qucom.edu.bb,78,July,top-per-country,10.6084/m9.figshare.33062150.v3,https://doi.org/10.6084/m9.figshare.33062150.v3
webometrics,2026-09-28T01:22:12+00:00,overall,2026,28756,14,St Andrew's Theological College SATC,,Trinidad & Tobago,TT,tt,IBC,satc.edu.tt,78,July,top-per-country,10.6084/m9.figshare.33062150.v3,https://doi.org/10.6084/m9.figshare.33062150.v3
webometrics,2026-09-28T01:22:12+00:00,overall,2026,28931,3,(4) Technological University of the Americas,,Suriname,SR,sr,IBC,tua.university,78,July,top-per-country,10.6084/m9.figshare.33062150.v3,https://doi.org/10.6084/m9.figshare.33062150.v3
webometrics,2026-09-28T01:22:12+00:00,overall,2026,28931,4,Ecole nationale d’Administration de journalisme et de magistrature ENAJM,,Mauritania,MR,mr,AW,enajm.mr,78,July,top-per-country,10.6084/m9.figshare.33062150.v3,https://doi.org/10.6084/m9.figshare.33062150.v3
webometrics,2026-09-28T01:22:12+00:00,overall,2026,28931,5,BBS School Gabon,,Gabon,GA,ga,AF,bbs-school.com,78,July,top-per-country,10.6084/m9.figshare.33062150.v3,https://doi.org/10.6084/m9.figshare.33062150.v3
webometrics,2026-09-28T01:22:12+00:00,overall,2026,28931,5,Institut Superieur des Etudes et Recherches Islamiques,,Mauritania,MR,mr,AW,iseri.mr,78,July,top-per-country,10.6084/m9.figshare.33062150.v3,https://doi.org/10.6084/m9.figshare.33062150.v3
webometrics,2026-09-28T01:22:12+00:00,overall,2026,28931,10,Faculty of Business Economics and Law of Bar / Fakultet za poslovnu ekonomiju i pravo Bar,,Montenegro,ME,me,EU,fpep.me,78,July,top-per-country,10.6084/m9.figshare.33062150.v3,https://doi.org/10.6084/m9.figshare.33062150.v3
webometrics,2026-09-28T01:22:12+00:00,overall,2026,28931,12,Université de Mwaro,,Burundi,BI,bi,AF,umo.edu.bi,78,July,top-per-country,10.6084/m9.figshare.33062150.v3,https://doi.org/10.6084/m9.figshare.33062150.v3
webometrics,2026-09-28T01:22:12+00:00,overall,2026,28931,15,Universidade Jean Piaget de Moçambique,https://ror.org/00vyjaz76,Mozambique,MZ,mz,AF,unipiaget.ac.mz,78,July,top-per-country,10.6084/m9.figshare.33062150.v3,https://doi.org/10.6084/m9.figshare.33062150.v3
webometrics,2026-09-28T01:22:12+00:00,overall,2026,29146,2,(4) Seoul Central College of Medicine,,Montserrat,MS,ms,IBC,seoulmed.org,78,July,top-per-country,10.6084/m9.figshare.33062150.v3,https://doi.org/10.6084/m9.figshare.33062150.v3
webometrics,2026-09-28T01:22:12+00:00,overall,2026,29359,7,Liberia College of Physicians and Surgeons,,Liberia,LR,lr,AF,lcps.edu.lr,78,July,top-per-country,10.6084/m9.figshare.33062150.v3,https://doi.org/10.6084/m9.figshare.33062150.v3
webometrics,2026-09-28T01:22:12+00:00,overall,2026,29360,6,École de Management du Gabon,,Gabon,GA,ga,AF,em-gabon.com,78,July,top-per-country,10.6084/m9.figshare.33062150.v3,https://doi.org/10.6084/m9.figshare.33062150.v3
webometrics,2026-09-28T01:22:12+00:00,overall,2026,29360,7,Institut National de la Poste des Technologies de l'Information et de la Communication,,Gabon,GA,ga,AF,inptic-ga.org,79,July,top-per-country,10.6084/m9.figshare.33062150.v3,https://doi.org/10.6084/m9.figshare.33062150.v3
webometrics,2026-09-28T01:22:12+00:00,overall,2026,29360,7,ETU Sierra Leone,https://ror.org/001yeme89,Sierra Leone,SL,sl,AF,etusl.edu.sl,79,July,top-per-country,10.6084/m9.figshare.33062150.v3,https://doi.org/10.6084/m9.figshare.33062150.v3
webometrics,2026-09-28T01:22:12+00:00,overall,2026,29360,13,Université Polytechnique Integrée,https://ror.org/04cjm7d31,Burundi,BI,bi,AF,upi.edu.bi,79,July,top-per-country,10.6084/m9.figshare.33062150.v3,https://doi.org/10.6084/m9.figshare.33062150.v3
webometrics,2026-09-28T01:22:12+00:00,overall,2026,29579,8,École Supérieure de Commerce et de Management Gabon,,Gabon,GA,ga,AF,supdecom-gabon.com,79,July,top-per-country,10.6084/m9.figshare.33062150.v3,https://doi.org/10.6084/m9.figshare.33062150.v3
webometrics,2026-09-28T01:22:12+00:00,overall,2026,29579,14,Université Martin Luther King Burundi,,Burundi,BI,bi,AF,umlk.net,79,July,top-per-country,10.6084/m9.figshare.33062150.v3,https://doi.org/10.6084/m9.figshare.33062150.v3
webometrics,2026-09-28T01:22:12+00:00,overall,2026,29784,2,Vanuatu Institute of Teacher Education / Institut de Formation des Enseignants du Vanuatu,,Vanuatu,VU,vu,AU,ifev.edu.vu,79,July,top-per-country,10.6084/m9.figshare.33062150.v3,https://doi.org/10.6084/m9.figshare.33062150.v3
webometrics,2026-09-28T01:22:12+00:00,overall,2026,29784,4,Anguilla Community College,,Anguilla,AI,ai,IBC,acc.edu.ai,79,July,top-per-country,10.6084/m9.figshare.33062150.v3,https://doi.org/10.6084/m9.figshare.33062150.v3
webometrics,2026-09-28T01:22:12+00:00,overall,2026,29784,6,Dili Institute of Technology,,Timor-Leste,TL,tl,AS,dit.edu.tl,79,July,top-per-country,10.6084/m9.figshare.33062150.v3,https://doi.org/10.6084/m9.figshare.33062150.v3
webometrics,2026-09-28T01:22:12+00:00,overall,2026,29784,8,Unica Universidad,,Cape Verde,CV,cv,AF,unicauniversidade.cv,79,July,top-per-country,10.6084/m9.figshare.33062150.v3,https://doi.org/10.6084/m9.figshare.33062150.v3
webometrics,2026-09-28T01:22:12+00:00,overall,2026,29784,15,East Africa Star University,https://ror.org/00ts9ac78,Burundi,BI,bi,AF,easu-burundi.com,79,July,top-per-country,10.6084/m9.figshare.33062150.v3,https://doi.org/10.6084/m9.figshare.33062150.v3
webometrics,2026-09-28T01:22:12+00:00,overall,2026,29784,15,West Indies School of Theology WIST,,Trinidad & Tobago,TT,tt,IBC,wistef.com,79,July,top-per-country,10.6084/m9.figshare.33062150.v3,https://doi.org/10.6084/m9.figshare.33062150.v3
webometrics,2026-09-28T01:22:12+00:00,overall,2026,30012,9,École Supérieure Sacre Coeur Antanimena,,Madagascar,MG,mg,AF,essca.mg,79,July,top-per-country,10.6084/m9.figshare.33062150.v3,https://doi.org/10.6084/m9.figshare.33062150.v3
webometrics,2026-09-28T01:22:12+00:00,overall,2026,30239,9,Ecole Normale Superieure de Libreville,,Gabon,GA,ga,AF,enslibreville.org,79,July,top-per-country,10.6084/m9.figshare.33062150.v3,https://doi.org/10.6084/m9.figshare.33062150.v3
webometrics,2026-09-28T01:22:12+00:00,overall,2026,30239,13,Université Ouaga 3S,,Burkina Faso,BF,bf,AF,univ-ouaga3s.com,79,July,top-per-country,10.6084/m9.figshare.33062150.v3,https://doi.org/10.6084/m9.figshare.33062150.v3
webometrics,2026-09-28T01:22:12+00:00,overall,2026,30455,2,Kiribati Teachers College,,Kiribati,KI,ki,AU,ktc.edu.ki,79,July,top-per-country,10.6084/m9.figshare.33062150.v3,https://doi.org/10.6084/m9.figshare.33062150.v3
webometrics,2026-09-28T01:22:12+00:00,overall,2026,30455,9,Instituto Universitário da Educação,,Cape Verde,CV,cv,AF,iue.edu.cv,79,July,top-per-country,10.6084/m9.figshare.33062150.v3,https://doi.org/10.6084/m9.figshare.33062150.v3
webometrics,2026-09-28T01:22:12+00:00,overall,2026,30455,14,Université Libre du Burkina ULB,https://ror.org/035ydet58,Burkina Faso,BF,bf,AF,universitelibreduburkina.org,79,July,top-per-country,10.6084/m9.figshare.33062150.v3,https://doi.org/10.6084/m9.figshare.33062150.v3
webometrics,2026-09-28T01:22:12+00:00,overall,2026,30455,15,Kuwait MCM Maastricht School of Management,,Kuwait,KW,kw,AW,kuwait-mcm.com,79,July,top-per-country,10.6084/m9.figshare.33062150.v3,https://doi.org/10.6084/m9.figshare.33062150.v3
webometrics,2026-09-28T01:22:12+00:00,overall,2026,30662,2,(4) All Saints University of St Vincent & Grenadines – ASUSVG,,St. Vincent & Grenadines,VC,vc,IBC,allsaintsusvg.org,79,July,top-per-country,10.6084/m9.figshare.33062150.v3,https://doi.org/10.6084/m9.figshare.33062150.v3
webometrics,2026-09-28T01:22:12+00:00,overall,2026,30662,13,Megasize College,,Botswana,BW,bw,AF,megasize.ac.bw,79,July,top-per-country,10.6084/m9.figshare.33062150.v3,https://doi.org/10.6084/m9.figshare.33062150.v3
webometrics,2026-09-28T01:22:12+00:00,overall,2026,30860,4,Rattana Institute of Business Administration,,Laos,LA,la,AS,rbac.edu.la,79,July,top-per-country,10.6084/m9.figshare.33062150.v3,https://doi.org/10.6084/m9.figshare.33062150.v3
webometrics,2026-09-28T01:22:12+00:00,overall,2026,31211,1,École de Gestion et de Commerce du Pacifique Sud,,New Caledonia,NC,nc,EU,egc.cci.nc,79,July,top-per-country,10.6084/m9.figshare.33062150.v3,https://doi.org/10.6084/m9.figshare.33062150.v3
webometrics,2026-09-28T01:22:12+00:00,overall,2026,31332,3,Islamic University of Niger,https://ror.org/01m00b434,Niger,NE,ne,AF,uin-ne.org,79,July,top-per-country,10.6084/m9.figshare.33062150.v3,https://doi.org/10.6084/m9.figshare.33062150.v3
webometrics,2026-09-28T01:22:12+00:00,overall,2026,31332,6,École Supérieure d'Ingénierie d'Architecture et d'Urbanisme Mali,,Mali,ML,ml,AF,esiaumali.net,79,July,top-per-country,10.6084/m9.figshare.33062150.v3,https://doi.org/10.6084/m9.figshare.33062150.v3
webometrics,2026-09-28T01:22:12+00:00,overall,2026,31455,7,Universidade Oriental de Timor Lorosa'e,,Timor-Leste,TL,tl,AS,unitaldili.wordpress.com,79,July,top-per-country,10.6084/m9.figshare.33062150.v3,https://doi.org/10.6084/m9.figshare.33062150.v3
webometrics,2026-09-28T01:22:12+00:00,overall,2026,31675,15,Ecole Nationale des Eaux et Forêts,,Burkina Faso,BF,bf,AF,enefgabon.org,79,July,top-per-country,10.6084/m9.figshare.33062150.v3,https://doi.org/10.6084/m9.figshare.33062150.v3
webometrics,2026-09-28T01:22:12+00:00,overall,2026,31730,5,Institut Universitaire des Sciences et Techniques dAbeche,,Chad,TD,td,AW,iusta.lescigales.org,79,July,top-per-country,10.6084/m9.figshare.33062150.v3,https://doi.org/10.6084/m9.figshare.33062150.v3
webometrics,2026-09-28T01:22:12+00:00,overall,2026,31915,8,Starz University,,Liberia,LR,lr,AF,su.edu.lr,79,July,top-per-country,10.6084/m9.figshare.33062150.v3,https://doi.org/10.6084/m9.figshare.33062150.v3
